date,open,high,low,close,volume,log_ret,rsi,macd,sto_osc,n_atr,adx,obv,bb_pct,volume_ratio,newsapi
2021-01-27,47768.82,48503.62,47484.85,47865.37,1566666.41,0.0020191530414528608,70.49709847325221,118.20802578529981,65.86314461720316,0.030395700034724974,31.03625029077777,-1.1509024275566455,0.6239995688219053,0.4824893122056702,0.0305
2021-01-28,47865.37,48062.17,46435.19,46922.5,1221156.05,-0.01989497389433879,64.56213429784984,-32.47692915226912,57.190273388188274,0.03228999185586486,32.80082928385445,-1.2029377820530998,0.5004398851755386,0.3918009796485845,0.066
2021-01-29,46922.5,49459.93,46813.52,48479.64,4024479.87,0.03264661144264589,64.35441668721114,-33.842637727014676,56.06738645041634,0.031536699883549894,33.93107298982601,-0.6359241092990415,0.6766725935788669,1.2315123644280792,0.0519
2021-01-30,48479.64,49283.8,46679.49,46987.57,4145722.92,-0.03126081734381271,55.873703589498255,-136.06266724825798,45.53463325412955,0.03601090671425739,35.85084401325303,-1.2223467693160839,0.4825956948455952,1.2067956766360182,0.0769
2021-01-31,46987.57,47804.2,46852.4,47404.92,4132768.08,0.008842922135699783,55.954831031047846,-173.97285041975294,39.976107911004696,0.034912952374676814,36.42586460654972,-0.4558622274060534,0.5206416693462833,1.2642097864153996,0.0251
2021-02-01,47404.92,49894.57,46707.33,49604.23,5527481.73,0.045350091569820644,60.036608484677494,-55.47050980881113,44.866104858366135,0.03585513631742836,37.11945326443849,0.5816839361864199,0.782007320204815,1.7334552674834895,-0.0594
2021-02-02,49604.23,51313.85,49099.52,50587.21,7065263.74,0.019622665191468127,59.81227962784052,77.35917146520615,63.22206654896032,0.036001011209856285,36.598528896178905,1.6501317386283743,0.8871543434847418,2.188155459624744,-0.0286
2021-02-03,50587.21,52825.04,50434.85,51623.21,1788720.41,0.020272600012493962,61.84846493499178,215.41309625280508,79.33195738090629,0.03789945314464268,35.653419456705436,1.6965135462438399,0.9986025135718605,0.5553741605148204,0.0601
2021-02-04,51623.21,51672.15,50390.83,50603.09,4078960.11,-0.01995873593401294,59.437233285330336,217.79671585490996,77.17473559227786,0.038892161949560446,36.12102653837421,0.9457014539473141,0.8202995692695717,1.198074486140053,0.0073
2021-02-05,50603.09,51539.52,50438.39,50634.45,28807183.27,0.0006195330507448984,52.36937256348828,201.6264576388602,70.71204071028676,0.037061723786861116,35.88230503820001,3.3066133264145594,0.8020356395513994,5.98699600340298,0.068
2021-02-06,50634.45,51298.11,49294.42,49587.24,2733872.8,-0.020898632103482046,48.25086796226803,105.38329476489139,60.091186282317324,0.038511016140434826,34.635462287116916,2.380406687062708,0.6155472010179387,0.5622110213745326,0.0668
2021-02-07,49587.24,50219.71,49074.6,50175.1,972983.32,0.011785345134997002,50.57092725209883,68.10336988615427,57.85853084700805,0.037690607492553554,32.83356335734184,2.045437875890487,0.6973440583143964,0.20857432599776957,-0.0033
2021-02-08,50175.1,51362.58,49418.89,51229.88,3754796.85,0.020804067866023936,58.35240962029862,99.37725777327171,60.964654882257015,0.03582861631308441,33.311872075763,1.9560723520744387,0.8453466597414478,0.7932855734692561,-0.0598
2021-02-09,51229.88,51324.17,50126.12,50161.07,1310112.75,-0.02108372773527032,58.83765897381287,36.23086493429514,63.9581002161282,0.036045340682375734,33.869928792048796,1.6404722722488412,0.6442195124360683,0.28094442351167415,-0.056
2021-02-10,50161.07,51494.18,49535.22,50842.22,1085840.07,0.013487883936725623,60.54199267452349,28.809689122525242,67.43820277460746,0.03688330851237253,33.61706099571976,1.506718065407651,0.7377077574889503,0.2374006088220465,-0.0734
2021-02-11,50842.22,51794.21,50531.01,51479.87,71284195.05,0.012463745699902638,66.49572637130655,53.863298580350374,68.46335121725964,0.03592171075800388,35.65512544944986,3.302807364572928,0.8220867832804548,8.92828991652066,-0.1354
2021-02-12,51479.87,53473.21,51083.57,52877.05,2540279.33,0.026778549828245388,66.10321060030378,146.30678754364612,79.4351802407976,0.03462568894660234,37.598978675873994,2.564712532874579,0.9764609755791515,0.31869184325063926,-0.2133
2021-02-13,52877.05,53024.93,51630.1,51927.74,3490303.7,-0.018116270514501022,68.8396904288027,126.06193423983609,82.16473414275161,0.033595008316220205,39.94118706099085,2.046910212840937,0.8069318274271288,0.4447841479826622,-0.245
2021-02-14,51927.74,52364.91,48583.74,49564.33,2241048.75,-0.046581714995606864,57.170722441261795,-54.284399250201204,70.20310245596413,0.03927442808740322,40.22634471277848,1.722984934216973,0.4636908859029466,0.2911265077696643,-0.223
2021-02-15,49564.33,50318.78,49126.52,49657.88,5630327.67,0.0018856670844149951,50.2071209449634,-168.604013610194,47.117634839717965,0.03633083294850244,38.55993005633092,1.6248067970588613,0.46209176888156633,0.7154066458784856,-0.2122
2021-02-16,49657.88,49965.7,49259.21,49937.66,18167689.49,0.005618338651602228,47.34837939001267,-223.27749029576034,30.628514989589604,0.03397054018378006,36.47899414317088,1.757034487082468,0.48799274527654685,2.0882019360468935,-0.2267
2021-02-17,49937.66,50051.85,47086.63,47471.94,6465213.98,-0.050636627881631854,34.824888926225086,-412.40235087984433,18.56402681297081,0.03660020755719044,36.37798332046761,1.4464286545891607,0.08402081791632114,0.721373878860592,-0.2052
2021-02-18,47471.94,47765.78,46850.16,47352.66,1251386.72,-0.0025158041882158313,37.28020161107464,-525.2002289631191,13.770261696113542,0.036140766507542915,35.90000803763861,1.2787957631494211,0.0944609513958609,0.14182096525214857,-0.143
2021-02-19,47352.66,47727.38,45820.81,46822.05,4519831.94,-0.011268749644886817,35.64208401399566,-609.2978640547249,8.901419364727904,0.0377790561742273,36.381598273945215,1.0809690145946746,0.018874724454657973,0.5111536801248527,-0.1161
2021-02-20,46822.05,49133.66,46229.93,47888.88,969469.24,0.02252908134102941,43.6132287193285,-567.6646038896365,15.898751650066187,0.03827989772513047,36.257779061233755,1.0027714912980963,0.17046699143309002,0.11163536956392447,-0.1164
2021-02-21,47888.88,49801.91,47630.67,49377.4,6075089.28,0.030609502482249893,47.19052053335334,-421.203045569151,28.86196922965932,0.03861030407779759,36.05361528799559,1.0305054260113138,0.40465592673453843,0.6973540404469243,-0.0642
2021-02-22,49377.4,51327.37,48705.02,49320.59,2670951.89,-0.0011511887177011516,42.76707926016548,-314.37424121577783,39.745439339240306,0.03963764713392008,34.03993630257984,0.8861115684952217,0.40568168516763964,0.3145288868545143,-0.1089
2021-02-23,49320.59,52222.1,49053.33,51318.31,3629452.84,0.039705967656667056,54.095694077405405,-106.1547943549673,54.68380290272157,0.040837624176292046,31.09168074728356,0.8839097889150312,0.721059195543466,0.4228185242799804,-0.1147
2021-02-24,51318.31,52064.49,49485.13,49491.46,1490754.73,-0.036247479135951687,45.57801170896635,-89.13403876230632,55.18064049615564,0.04324043264952603,28.186408362747922,0.7810102950482004,0.4425188643442947,0.17632595906697987,-0.1191
2021-02-25,49491.46,50120.38,49448.66,49750.42,2401848.3,0.005218776342095649,44.194345171939815,-59.53049898414213,57.05295070819997,0.04216614797278396,24.287606294206427,0.7621176898691358,0.4902714825684847,0.3366633839516386,-0.1749
2021-02-26,49750.42,51543.99,49000.63,50567.5,18009801.58,0.0162901716650919,41.932790896607784,12.161416258637018,55.06906407995743,0.041701954247850004,20.45602647968197,1.1557118415721572,0.611671819647405,2.2802791248487626,-0.1872
2021-02-27,50567.5,50939.9,50213.27,50390.52,1986411.66,-0.0035060152980138553,44.324292391415995,43.008995970760196,62.35645085779968,0.04090124491669449,16.474832617208428,1.034622838770196,0.5818535055608529,0.24990269995978123,-0.2816
2021-02-28,50390.52,50756.69,49271.43,49793.03,4349678.05,-0.011928047751142276,50.97102795582811,19.70506434322303,65.92381389102422,0.03809853364157691,15.83486962826105,0.8526079662033148,0.49893750936934184,0.5451759831370502,-0.1719
2021-03-01,49793.03,51101.37,49295.55,50909.09,5409693.93,0.02216647867772372,54.88803932217404,72.99149110812573,70.45708256423606,0.03812417670118956,16.421372359944872,1.0793197940384982,0.6706245762901086,0.6610518870762561,-0.2102
2021-03-02,50909.09,51376.8,49846.29,50223.16,3214809.71,-0.013565218185627979,51.08104301096028,56.32475377323914,70.10487990170196,0.03981680392642193,17.500702354136145,1.3003687305060665,0.5670134671149746,0.38779781400359375,-0.1204
2021-03-03,50223.16,52159.13,49891.15,51788.94,2780790.72,0.030700338066615245,67.54179229335827,140.25692259786342,80.4981495915972,0.037651337469785655,18.462364198667597,1.3757928225041247,0.8123099178320086,0.5716214560795119,-0.1124
2021-03-04,51788.94,53682.04,51287.3,53159.58,9289386.28,0.026121720181964486,71.4178541861842,270.0696210824457,85.12002062760344,0.03866799334595758,20.053871265549283,1.842423828284433,1.0178353031892302,1.7856659866840228,-0.0786
2021-03-05,53159.58,54217.71,52958.39,54022.02,2945784.01,0.016093408086656057,75.92138299718471,388.7866704963841,94.712445996541,0.03719487244010446,22.562102950209958,1.8253316716167605,1.0655334202049445,0.5692368108119595,-0.0991
2021-03-06,54022.02,55289.92,52725.44,54775.82,1461810.21,0.013857114479367688,75.36614939377424,486.50656366773364,94.73065120643919,0.03624062588199753,26.638894496354713,1.7569896295127163,1.04479337839978,0.28461986306193826,-0.0837
2021-03-07,54775.82,56781.61,54379.07,56264.67,5404142.83,0.02681795137946417,75.36674821050804,611.743534734637,94.81250463844691,0.03557528069694664,31.399512972445887,1.9005226815788228,1.0750834389604356,1.0545286490167187,-0.047
2021-03-08,56264.67,56313.2,54708.1,55132.84,7131953.85,-0.020321261205510477,69.83647556554548,579.0225856921436,88.56587792685747,0.03498768999176106,36.19829784801687,1.2487508566888192,0.9034877164388089,1.559608440732252,-0.0114
2021-03-09,55132.84,55331.18,53880.3,54130.5,2082376.52,-0.018347748088401183,60.29726774613887,455.9559983868712,79.44603567328163,0.03336869760512006,40.2358848711663,1.0000038721034006,0.7815387156318875,0.47829259219335013,0.0279
2021-03-10,54130.5,54592.24,53822.71,54442.65,2242651.33,0.005750056253404032,70.39149677069285,365.5623341297237,71.55953791586892,0.030802885500345878,44.51360659891901,1.0447308629510794,0.7836304345117782,0.5093075163860271,0.0081
2021-03-11,54442.65,55290.26,52295.9,52714.83,2755865.97,-0.032251033906452196,60.891206603146514,169.36670014498395,61.20090271397539,0.034959679684601494,47.025430687654,0.7760823843164564,0.5988349812626275,0.6386509895487937,-0.0164
2021-03-12,52714.83,54941.77,52622.65,54431.34,3219662.29,0.032043270784320094,63.31567026989031,136.56441363926047,62.12664134103955,0.033562951574792985,48.713339500313005,0.9301456830634798,0.757067757902526,0.7271725056975344,-0.0953
2021-03-13,54431.34,54604.42,54231.99,54425.47,1686583.17,-0.00010784809890506547,64.07130666280482,97.66393621097836,61.68909128706645,0.03310171558593975,50.401248312977835,0.7211137840209079,0.7325262532279091,0.4007829847806419,-0.0643
2021-03-14,54425.47,56335.93,54186.04,56268.91,5678031.67,0.033309919546642905,70.77805570714666,174.7765061694256,76.82806575617032,0.03286095287787999,53.11743692779607,1.1068654791222743,0.8926622599487496,1.302726772892767,-0.007
2021-03-15,56268.91,56567.21,56209.26,56559.48,1761351.86,0.005150665402314491,69.14352041576996,221.06255172021565,86.19192442151905,0.0308636273580557,55.59837133137183,1.181179057604914,0.8742662228193668,0.4129617562589136,0.0742
2021-03-16,56559.48,58059.04,55982.04,57176.0,18302458.74,0.01084140214814396,73.66753446149158,265.89825923911576,93.04575831097418,0.03121354614323144,58.300608202534384,2.5214291543639202,0.8935166130160459,3.5846726002305505,0.0857
2021-03-17,57176.0,58370.39,55841.29,58256.53,1712322.8,0.018721959249351886,72.76789705989749,336.4805593712349,94.79283797400122,0.030954764090082815,58.461793429616236,2.3738497890667376,0.9460918358199885,0.33765111650026797,0.0431
2021-03-18,58256.53,59580.32,57203.23,57526.82,1781014.8,-0.012604915328005053,66.10056641907586,303.2080891471803,86.46369740289123,0.03132550049822177,57.81910078959574,1.8882916831279362,0.8369225328531378,0.4180943908063446,-0.0439
2021-03-19,57526.82,59103.16,56951.09,57958.12,2060536.77,0.007469406924522469,64.98754116069024,279.9875320355136,82.64425371463467,0.032192629535153366,55.43837185642696,1.781000413292463,0.8450593553771742,0.48329187022843306,0.0104
2021-03-20,57958.12,59398.25,56834.12,58579.31,8398402.75,0.010660881802586855,64.63034950536726,275.76476725988937,78.5994858431942,0.031850823878157096,52.795125278589346,2.069109021858196,0.8782920120831776,1.8805278817779332,-0.08
2021-03-21,58579.31,59413.48,56417.78,56485.83,8799918.78,-0.03639175232860704,50.81289337944628,109.79839385746641,73.83594026693432,0.03378135467147281,48.81400485173469,1.3082622268658586,0.6421920052646017,1.8983782844455628,-0.093
2021-03-22,56485.83,56489.03,55744.17,55772.44,2280596.58,-0.012709969672442655,52.42551661627999,-61.021641489056265,63.83432037133522,0.03311173301467197,44.37080911774103,1.0553373305291256,0.5367064308904101,0.4969938715851148,-0.0996
2021-03-23,55772.44,55857.86,54437.6,54508.13,4933459.71,-0.022929975709340498,51.40416411595654,-260.94853627755947,45.204697148097985,0.033839630895421684,40.79597848973053,0.6223727289514548,0.33581574109572954,1.0504734220552274,-0.0981
2021-03-24,54508.13,55407.52,52474.67,53205.82,4264567.0,-0.024182075995483474,45.71644287703425,-470.46886520880525,30.195449100001273,0.03757216517182672,37.05523062168277,0.23422293153102083,0.14408385323234407,0.9593699687901234,-0.0914
2021-03-25,53205.82,55067.13,52530.37,54998.64,3450448.52,0.03314066879375943,57.87414795885364,-476.4225114246751,26.127086708535874,0.03575310485598889,34.824475032394716,0.4444406735795749,0.39784324655534664,0.7718420038125331,-0.0799
2021-03-26,54998.64,57330.41,54401.89,57171.45,5478274.62,0.03874619025282359,59.15919308687298,-329.13646733600376,38.03705160651895,0.03515567148087661,34.50917652530079,0.8011254571301343,0.7032040535238785,1.172768931179481,-0.1967
2021-03-27,57171.45,57616.82,55263.51,55935.78,800513.29,-0.021850400947868935,54.6648916943268,-310.29479410306953,50.109701434703204,0.038461824307388905,34.318835458862665,0.6693911773696822,0.5225325205933236,0.180253176823876,-0.1861
2021-03-28,55935.78,56108.82,52893.5,53332.93,10874005.06,-0.04765028292185278,41.33799401174055,-459.49028480308834,42.29568488919527,0.04176583371125247,31.052523313682915,-0.2664704475891617,0.16579805970068912,2.3495349327392083,-0.2883
2021-03-29,53332.93,56168.35,52308.6,55307.69,3126928.72,0.03635799449777011,46.64068936425224,-413.00749290630745,34.01034115235097,0.044797077172133014,28.24585664160574,-0.08158350244648734,0.43568606846954616,0.6680929552865112,-0.2372
2021-03-30,55307.69,56584.38,55228.89,55283.9,1151325.45,-0.0004302316363650766,44.7555064268667,-372.91551356018965,31.41259958643454,0.043884140383927135,25.77083287818648,-0.2605434071087641,0.42515896732947783,0.2488914583444897,-0.2531
2021-03-31,55283.9,56336.03,54967.35,55752.15,1400905.24,0.00843424772051188,42.81450698436452,-306.68006632308766,43.1715375912304,0.042028859617321765,23.768369419909636,-0.23600177928199925,0.46852332804074964,0.3073464550916963,-0.3483
2021-04-01,55752.15,57547.77,55444.75,56933.87,2138882.18,0.02097444425240317,48.34173721132368,-181.29959697797733,51.123772085216196,0.04081266313255096,21.85978246374661,-0.11126191604148045,0.641930089444464,0.47488224911065974,-0.3716
2021-04-02,56933.87,57579.73,56472.71,56817.41,1253810.27,-0.002047626025673723,46.75266926671688,-107.8544213496939,58.63867416311459,0.03958252283184033,20.263019341657238,-0.4171637254364778,0.606057158465941,0.2797192796757331,-0.3816
2021-04-03,56817.41,57330.71,56679.68,56879.85,2988067.93,0.0010983555149387955,45.003075554787785,-59.14859703816512,64.30007731765917,0.0371366385208656,19.198064514779215,-0.12772809757682616,0.6108614067510637,0.6872455919664827,-0.3029
2021-04-04,56879.85,58165.11,56542.86,57677.18,2062326.78,0.013920452990852728,53.791956284202335,18.53161593607831,73.15630546456443,0.03492235329713602,18.563158484556283,0.084050683224005,0.7305391049903687,0.47269217174956185,-0.278
2021-04-05,57677.18,58640.85,53940.95,54766.41,12188143.23,-0.05178455153642413,47.19084746161227,-126.38422723121687,64.94077795638285,0.04193675857674977,19.406859870471173,-1.770521721215843,0.2738439099961863,3.004060821880612,-0.2468
2021-04-06,54766.41,55657.87,52931.64,55470.01,8005664.64,0.01276546452961944,52.77269483018798,-172.27353323347575,60.136097693856435,0.04308651261670684,20.56129600985687,-0.4097319890961928,0.4062590603604274,1.8311680630501947,-0.1754
2021-04-07,55470.01,56423.65,54233.82,54352.17,1784982.92,-0.020357975171629843,53.33996460558392,-269.5367303088583,40.3373734980347,0.04299619368593745,20.593688418338896,-0.6345097050109483,0.2422334142699519,0.408267837019315,-0.1715
2021-04-08,54352.17,54993.77,52614.3,53601.34,6618053.2,-0.013910471408863293,45.66570631607722,-369.8653399929416,34.20437706444387,0.04338886730389566,21.438562807163958,-1.5511798884196708,0.1499863788186032,1.4387185258752972,-0.1252
2021-04-09,53601.34,55360.59,53107.43,55314.8,11056170.67,0.0314664360602867,44.07191165603519,-308.74767071329035,33.38734257170298,0.04117273186508884,22.33992668666448,0.4874721959939738,0.4681327147718009,2.3360481397931836,-0.0847
2021-04-10,55314.8,55426.89,53605.31,54109.73,1081392.6,-0.022026482017873782,44.15819905943938,-335.1925587161287,32.11112427120625,0.04138776361082009,23.29334295088402,0.3742681273081104,0.2587388453874033,0.24877180271521482,-0.1448
2021-04-11,54109.73,57183.28,53783.44,56339.3,1942499.19,0.04037831599922646,59.853145243681006,-195.17900402929314,46.523905404798484,0.039983825043713964,23.19466495205978,0.9151657690621349,0.6814562455345365,0.4486119496036316,-0.0639
2021-04-12,56339.3,56857.37,55617.03,55645.76,1681572.47,-0.01238645346317918,51.2095813348602,-144.27346304982387,47.46634263187703,0.03711980930801608,22.313526221943196,0.5005813857552629,0.5387891013003713,0.4035037905774083,-0.1318
2021-04-13,55645.76,55785.53,55073.24,55603.69,2060754.91,-0.0007563183818958335,51.14268256463719,-109.98352947548881,54.51964606792249,0.036321638777152734,21.34993127854761,-0.03549175567071014,0.5082382140137157,0.5079208756901181,-0.0793
2021-04-14,55603.69,56785.28,55545.54,56206.83,5963151.64,0.010788713803727529,51.60916318366961,-46.47900212142878,53.172378889989865,0.03576802219333104,19.556528208131756,1.3253229521534042,0.6228771159281488,1.4256120456222934,-0.1512
2021-04-15,56206.83,57292.24,55859.88,56884.47,1775145.01,0.011984089140565498,49.81869909577278,36.86800537485374,60.02378364615464,0.034499800334652185,17.895057158297327,1.701919115933232,0.7732334044157856,0.444039935845647,-0.1136
2021-04-16,56884.47,56914.95,54679.51,54838.22,1585716.16,-0.036634972797589586,43.637497548398315,-45.63361878397427,55.78990743727487,0.037256940245578955,17.045970580453893,1.3270172985865243,0.34731724391122676,0.39279812086451704,-0.0148
2021-04-17,54838.22,54878.49,52118.83,52829.75,1940645.32,-0.037312917102259056,38.428007986169966,-225.2460411894463,39.55276935276236,0.04152434403504273,17.040248239921542,0.7918641497792683,-0.04927968839964613,0.5405235150443884,-0.0247
2021-04-18,52829.75,53051.27,51285.34,51854.31,2060556.2,-0.0186364233870751,33.530455619218685,-389.871108065141,18.51254509703055,0.042503382485046,18.640994088718156,0.25649362109552537,-0.0920909005821133,0.5825736544587121,-0.0363
2021-04-19,51854.31,52154.77,49790.98,50588.54,452563.97,-0.02471298718918331,36.97077658177287,-554.112060030544,9.755980197261287,0.04026838037682383,19.08822321270458,0.09444874669638174,-0.12148226639058624,0.12922829220878929,-0.0039
2021-04-20,50588.54,51357.46,50382.82,51243.45,2016374.89,0.012862736543717793,36.77877877845663,-585.6662301029195,12.576883459521364,0.03731218331317711,19.275166375092233,0.5308400068010153,0.0457781414704787,0.5707544604796453,-0.0202
2021-04-21,51243.45,51887.57,50947.19,51087.09,4282648.26,-0.0030559815610755703,39.132715416223206,-582.8392784377373,15.75797488242091,0.03567943626125921,20.99642324060212,-0.5153870354037939,0.08542886678080878,1.1765478368491273,0.0717
2021-04-22,51087.09,51322.92,50357.85,50570.73,2334276.18,-0.010158872987922635,39.75317908679203,-580.2570495806124,15.678832622765091,0.03404597877071693,21.534799566193094,-1.0398413638479616,0.08374863515380002,0.6319041333007319,0.0777
2021-04-23,50570.73,53284.54,50396.86,52799.5,8545976.43,0.0431287705466771,41.78187012487128,-401.4532662764236,22.593448745025125,0.033467227097652846,19.672024156043825,0.9591869878921472,0.35159306256473305,2.1515925134146046,0.0578
2021-04-24,52799.5,53356.09,49575.55,50564.74,2467680.54,-0.04324722552606291,39.14780154316058,-405.5074801842554,21.10687349864272,0.03771360381618086,18.05088934407914,0.3958423405059937,0.12913540881380065,0.6181257240898376,0.0279
2021-04-25,50564.74,52493.62,50451.14,52318.24,6347200.86,0.034090571995058425,37.32085176337328,-268.5153461336672,29.489337236990043,0.03459642919398547,20.053309462717603,1.7989543278027496,0.34923714062077066,1.7153895449772052,-0.0201
2021-04-26,52318.24,53032.33,51489.62,52598.02,8162028.07,0.005333409010209121,40.13243352062466,-143.73681447273725,29.176369661047403,0.03482302457120616,22.00784478822801,2.7741444467956806,0.39691609785106186,2.2012123147536387,-0.0505
2021-04-27,52598.02,52950.79,50895.65,52150.76,3780977.02,-0.00853972176290455,39.10638354223073,-79.2250180161094,36.027407260492886,0.0369609186903437,23.36388808913418,1.7689549101771707,0.3575376046738161,0.9929638173331904,-0.0655
2021-04-28,52150.76,52614.42,51216.39,51665.18,1648098.8,-0.009354701043104778,35.56451177113891,-58.13398163166369,33.20642226995441,0.037527139721008455,25.997996565731956,1.4185655717936032,0.31446730758614944,0.4630438612938833,-0.0866
2021-04-29,51665.18,51919.42,50998.18,51173.6,7497138.37,-0.009560279578425705,31.630919426738558,-65.6142703185692,27.40829523739728,0.037174204221365775,29.03016911169355,-0.07433907341957928,0.2804781282593954,2.217222479616858,-0.1152
2021-04-30,51173.6,51685.55,50675.46,50906.64,4420840.5,-0.0052304071504008925,35.719443536013884,-76.12611110691819,24.651305501538634,0.035649825978349765,31.06904664615104,-0.9222785994522447,0.27187789201950224,1.245906538020369,-0.0045
2021-05-01,50906.64,51360.12,49266.32,49960.12,4550501.13,-0.018768279738747368,38.705401245681806,-131.18144677540408,21.279613035317315,0.0353732422694556,31.52870119580959,-1.6072036516056811,0.1905732929306447,1.236988775834798,-0.0558
2021-05-02,49960.12,50619.39,48228.41,49155.39,10819227.67,-0.016238582302562355,39.232608091582385,-201.92199480829527,20.04774068917284,0.036860614006775,31.283710638960667,-2.6700091314322973,0.13406333869599493,2.616136188448482,-0.0456
2021-05-03,49155.39,49301.08,48527.12,49112.28,23129087.53,-0.0008773995102482074,43.47375550114264,-229.72036346943764,17.42649014677308,0.03458073156913556,30.539319150376425,-3.4114288500972325,0.16025241879580157,4.457337522321181,-0.0137
2021-05-04,49112.28,49611.04,48866.28,49238.91,3910231.82,0.002575059233607286,40.70414305403516,-217.79018017639146,18.34065308283989,0.03415832258326249,29.834101984296613,-2.4047101657864243,0.19073439990311866,0.7687703554911485,0.0185
2021-05-05,49238.91,50716.0,48547.14,49738.51,11693565.62,0.010095317559745243,43.9390425643047,-157.28584816119724,22.131321247252554,0.03557941608738956,28.401294935026236,-1.4035507165496222,0.24646342638081994,2.094770119036122,0.0146
2021-05-06,49738.51,49803.49,48702.72,48730.93,7844735.4,-0.02046554073054929,42.08099611187227,-165.33413811659466,19.652292394702894,0.036513975826023316,26.960487701610713,-1.67353628468836,0.07784063864374546,1.3306947700014264,0.0018
2021-05-07,48730.93,50423.65,48508.62,50338.65,1454709.09,0.03245923028150061,38.8095469790817,-48.648812652791776,26.801334456596084,0.03396763719328309,28.07604746338323,-1.4057217159854822,0.40728907373067524,0.24778209593384418,0.0243
2021-05-08,50338.65,51304.08,49626.35,51262.85,1160007.45,0.01819314659037047,53.604171505975415,96.59051980193999,38.03998406546153,0.030425235540239796,27.029676818350282,-1.2039694269547954,0.6050434380858866,0.19911236859758,0.0364
2021-05-09,51262.85,53284.67,50426.73,53135.0,2685575.36,0.03586952652676519,54.16569761433961,312.3890699347139,67.11990520944113,0.03044944817109483,26.106033918022828,-0.9560561886352259,0.9297610591668573,0.452304073470604,0.0217
2021-05-10,53135.0,53165.91,49955.93,50079.85,5705636.43,-0.05921711324496885,39.99039651686146,245.93948135176618,65.60753645736337,0.03468505083095888,24.796670271500687,-1.147557482718659,0.35768074008816436,0.9319878778484774,-0.0575
2021-05-11,50079.85,51495.03,49467.19,51342.4,25614978.67,0.024898189946381023,46.98239368745717,281.050605952252,65.08117330451411,0.03379413784429253,23.559775220775407,0.2570825350427288,0.594719092139366,3.5632660614650153,-0.078
2021-05-12,51342.4,51386.78,51232.03,51373.32,2912468.82,0.0006020500257204082,48.872204274785375,298.7371143787866,53.467319059172574,0.03204516329820825,21.535378462247447,0.414015613339796,0.5927290098379957,0.4035268986530426,-0.1315
2021-05-13,51373.32,51391.51,50483.23,50781.47,1848201.15,-0.01158744728937196,48.496395997230806,264.1504461534065,58.09274048395832,0.03240041523582106,18.534665376926263,0.34567285854756885,0.5000255087717024,0.2685306710192626,-0.1582
2021-05-14,50781.47,51592.84,49098.78,50521.6,7827905.08,-0.005130556656137665,48.52277906548103,219.19718953772735,52.681626340313414,0.03466514463968331,15.969441550941939,-0.04723644717923499,0.44828015215557404,1.094711500935796,-0.1487
2021-05-15,50521.6,50708.32,48083.92,48277.31,1060223.87,-0.04543928958203946,44.12851046860837,42.96223697969617,33.18834564315156,0.037061687393688675,13.652596646186199,-0.04520076510253029,0.060586501617058405,0.15396117055931782,-0.1233
2021-05-16,48277.31,49191.15,46657.02,47133.43,9040672.09,-0.023979162312604756,43.1082858989035,-136.1913360052189,18.75340126821337,0.03817807385179032,11.495668171872014,-0.49972055620917816,-0.05457566275308425,1.3045252794350775,-0.0281
2021-05-17,47133.43,47400.51,45754.61,45997.79,1229720.85,-0.024389163854927964,40.12027638536301,-306.9464522442245,4.712059176695822,0.040474661934836335,10.719924339599226,-0.5035054639024866,-0.10394631171311398,0.18077015552122483,-0.0536
2021-05-18,45997.79,46184.01,45421.31,45772.8,4664124.26,-0.004903323619870071,39.073061885270775,-404.67116453823655,4.962549171616753,0.040701605070500864,10.677446494708997,-0.7665755861714487,-0.029544779415537323,0.670761388254414,-0.0122
2021-05-19,45772.8,47463.8,45471.33,46921.4,5253898.9,0.02478383312545597,41.46815842343021,-362.91731128883976,8.925462643514486,0.03943674193133088,11.058187829812104,-0.2756210573044771,0.16563529601418658,0.7679661660256498,0.0037
2021-05-20,46921.4,47884.12,46463.03,47259.04,2819523.03,0.0071700970289159185,45.35372124623333,-286.8562119744961,15.639243275119542,0.03963912815107432,11.58879784304466,0.05667405355423472,0.23762421949820028,0.4170121132211494,0.0683
2021-05-21,47259.04,48673.94,46558.97,48316.02,940998.35,0.022119224293286544,43.385216934190375,-146.71884235679136,26.420130834622352,0.03906755091640789,10.552230384987896,0.22780818850918924,0.3839323155791068,0.1429920353150791,0.0937
2021-05-22,48316.02,49205.32,46005.66,47032.72,12700667.32,-0.02691965297574739,36.483316195358476,-122.78274071725741,26.892024105013366,0.04244487363568242,12.150456912413791,-0.9419063544533349,0.24153007543476404,1.9027654368230436,0.0386
2021-05-23,47032.72,47297.79,46758.92,46952.74,3172061.46,-0.0017019657999530298,27.690456737914886,-95.86119472670703,25.693146435337386,0.038989204889844795,14.200881158581398,-1.3026966986873327,0.25204564805907864,0.5587571100118918,-0.0495
2021-05-24,46952.74,47153.16,46774.05,47079.1,3123433.7,0.0026876019029369353,36.26891556074461,-55.09307817553167,22.376233662103303,0.03458955247656933,16.86329070867627,-1.016483423579866,0.2847722928257129,0.5540306224590595,-0.0314
2021-05-25,47079.1,47736.0,45077.22,45426.67,3747847.94,-0.03572978830874205,23.862900325152125,-121.17598543820873,17.33310907134232,0.036839859555119835,19.868642084406854,-1.2731483290507872,0.136787949618313,0.7151877301576376,-0.0563
2021-05-26,45426.67,45618.5,45176.62,45457.37,1753906.63,0.0006755861902193109,23.861420172531936,-143.0772600999319,12.68653430578331,0.037266155709647454,22.873993460116402,-1.0691309151061672,0.17483968254317642,0.3553419248006217,-0.1025
2021-05-27,45457.37,45643.93,43813.9,44576.85,7447020.0,-0.019560297720547813,23.267885547379905,-193.96407198654356,7.001865999431004,0.03947925244348401,26.512385420357326,-1.614241724087769,0.13015694325685928,1.4224238888787857,-0.1607
2021-05-28,44576.85,45258.46,43834.93,44818.33,7359452.15,0.005402541554222678,25.388912718401357,-188.30538413858858,10.070356896224736,0.03756039740244473,29.577674627931877,-0.9086111372227647,0.18772448213586215,1.3271235938734505,-0.1446
2021-05-29,44818.33,45108.04,43633.38,43645.16,4946185.43,-0.02652481340517686,27.975012528548703,-237.35218235187085,8.196015417020325,0.03668837506838408,32.57624834969464,-1.23066267993476,0.09280527009014893,0.8741243023404114,-0.062
2021-05-30,43645.16,44169.96,43368.74,43827.09,1060945.58,0.00415972522331544,32.69605975425512,-231.0959153243075,7.544404157089079,0.033711814183542146,34.724327143753,-1.084761349458216,0.15275159963124835,0.19552233236432126,-0.0794
2021-05-31,43827.09,44273.02,42136.88,42604.92,1529545.04,-0.028282379780751803,32.40258292009682,-279.58438968722317,4.895340062750737,0.035500779185655154,36.52305097667791,-1.1143742472621432,0.06773162056060639,0.3622848761733928,-0.0459
2021-06-01,42604.92,43168.06,42202.37,43080.41,5724397.74,0.011098629855971345,36.389353688537824,-250.8660368874073,9.274364534999037,0.035445510914515165,37.732337588682235,-0.5542130612126946,0.1403229454569739,1.31217187583487,-0.0487
2021-06-02,43080.41,44420.92,43035.05,43208.55,8198146.59,0.002970022913567302,29.07142832939286,-196.8566951593989,11.710457564406001,0.03433761538927429,39.10444016191203,0.40785483115685334,0.17231197607423115,1.7517280728024054,-0.1107
2021-06-03,43208.55,44046.51,42891.85,43188.4,13935621.9,-0.0004664516598178552,26.20288092745436,-138.84155561790294,14.462031226105884,0.033912991848332366,41.405162586075186,-1.1234414921944045,0.1788795150842016,2.7952756040827604,-0.0685
2021-06-04,43188.4,43487.34,42215.39,42669.6,5375961.34,-0.01208521778565932,14.774250057760938,-112.86313916502422,12.524734359095985,0.03291411550276574,45.28756385955057,-1.6935170009071496,0.1434679270853217,1.033598901427199,-0.1198
2021-06-05,42669.6,42787.86,41952.57,41987.57,5371069.87,-0.016113100788466984,15.972536032665971,-118.4862709483109,7.672681136590402,0.029426531981447766,48.17917353715893,-2.0408403790043055,0.10274128410776577,1.070419037936846,-0.1127
2021-06-06,41987.57,42163.59,40489.23,40763.68,5115738.66,-0.029582133228014007,13.837373177636678,-177.9320522198841,3.9763270056697473,0.032299708956592635,49.71201907322061,-2.2012729969852596,0.026702316067322374,0.981525684909283,-0.1241
2021-06-07,40763.68,41744.9,40731.85,41532.64,865645.94,0.018688135255112207,19.855736934825146,-140.41200691096083,6.263552820097238,0.03279195419725545,51.42751862351524,-1.8061641720000279,0.16016010983224205,0.1723672084700393,-0.0733
2021-06-08,41532.64,41860.59,40947.4,41735.5,1376637.88,0.004872461456192601,26.186891070699815,-79.88967493664632,14.120944654317663,0.029645060645520745,51.99595724436955,-1.496901701799778,0.21373975523049107,0.2851220706970902,-0.1225
2021-06-09,41735.5,42052.12,41698.11,41711.26,3347769.67,-0.0005809692475009943,25.81229184994845,-22.433542683108953,20.760910570940712,0.029511815274813176,52.25751682269388,-1.6606253166124685,0.2366060824578343,0.6896002463634119,-0.0968
2021-06-10,41711.26,41756.13,41028.67,41242.02,2309179.95,-0.01131347681516641,27.2600936913057,1.741079775873004,21.222921320258152,0.02793801079577867,52.000644877422246,-1.753240243430455,0.19861136141758542,0.4690536239820796,-0.134
2021-06-11,41242.02,41676.54,40669.24,41457.03,1598081.11,0.005199829610067597,26.996556292323703,47.45149120389419,20.148286767367455,0.027075969641675118,52.37587000818056,-1.4162498359230207,0.24616504643598855,0.36586671977566815,-0.1529
2021-06-12,41457.03,42110.57,40984.31,41072.26,7463056.69,-0.009324514675102475,30.262148493906295,65.87919268875294,17.18891671957457,0.02672371988851608,52.31070750633204,-1.8422700610696403,0.2123548518953576,1.62860571623644,-0.327
2021-06-13,41072.26,41737.5,41034.67,41328.57,7666603.91,0.006221073905124927,31.04901957743914,107.00268548708686,19.04350428519794,0.026387937310326723,52.67937832307552,-1.0374224307585471,0.2567377976765808,1.5940076164953394,-0.206
2021-06-14,41328.57,43712.17,41162.79,42628.79,2288936.79,0.030975818246410908,50.17893258026855,226.57171581558532,30.19846427355614,0.026275502005630315,50.28266178480408,-0.7470122870326005,0.5003716037304936,0.48323498149147776,-0.1682
2021-06-15,42628.79,44419.52,42426.92,44159.31,2609247.21,0.035273930239775986,56.98304496643713,403.2216883832209,56.37083968118108,0.02702586547272366,48.65315787043597,-0.4375973000653302,0.8271796032645418,0.5459290430235106,-0.1981
2021-06-16,44159.31,44666.93,42863.65,43243.74,3179555.9,-0.020951293829100905,50.206694334727445,449.3658331635688,71.2326983499891,0.028287529511283906,46.131060920672255,-0.6724206281870839,0.6643751324680901,0.6963412063652465,-0.2445
2021-06-17,43243.74,45275.17,42763.21,44770.58,2754671.97,0.03469874425515437,57.89569289467431,566.1372057396525,82.91219721818689,0.02948830619188485,43.66574063298697,-0.339593164046807,1.0024498890586153,0.6353245606665274,-0.257
2021-06-18,44770.58,46018.74,44580.91,45453.4,3734639.18,0.015136398033474163,63.66848402391829,665.9012822903007,81.72214030542717,0.029305995653941156,41.029390347863206,0.08392517445460886,1.0557085925292247,0.8735440963032306,-0.2083
2021-06-19,45453.4,46992.61,45134.41,45756.32,2137617.47,0.006642298950999223,69.22013796071562,724.01366322853,86.74093741376241,0.030708810124084166,39.358516318178886,0.36113736489773235,1.0300189015082126,0.4937780112675419,-0.2925
2021-06-20,45756.32,46076.29,44622.55,45212.34,10184763.62,-0.011959865829686623,74.3781961484643,697.2758681708087,80.87072330272174,0.030729742619565,38.53003117916775,-0.6474966471803909,0.8856329746258869,2.1388172448895477,-0.285
2021-06-21,45212.34,45445.15,44135.93,44403.78,5424007.3,-0.018045457478084143,65.66556014504879,600.2831557780864,70.63185100523181,0.03176573191355,37.012258087743,-1.1615477441608064,0.7391171558622398,1.1426546000178928,-0.1822
2021-06-22,44403.78,45143.53,42137.24,42967.96,2002223.85,-0.03286987927213915,55.927100785833574,422.94210597711935,55.752760526867114,0.036306720502564026,34.00952502805988,-1.6011979638952005,0.5162543405451493,0.45125098170752814,-0.2298
2021-06-23,42967.96,43397.15,42666.14,43242.89,16324271.89,0.006378105122898689,57.19243278400235,312.7488835315395,45.37090190824612,0.0366986176389672,31.199215541075883,1.2429015362768445,0.5588884074418121,3.5826465876262263,-0.2143
2021-06-24,43242.89,43869.54,42203.89,42530.5,3183521.15,-0.016611361196605664,55.915527616523875,186.69785540036514,35.49599870527558,0.03888898219260221,29.60415290429311,0.775074418414018,0.44842239438095677,0.7159028433178365,-0.0934
2021-06-25,42530.5,42633.62,42058.74,42066.23,8458772.43,-0.01097618456720403,52.73431047912529,72.72418163518876,29.38077290568543,0.03858393571958619,28.04097419047977,-0.8287682566409248,0.37496518081958974,1.8383651635676281,-0.0571
2021-06-26,42066.23,42300.45,41076.98,41570.77,5640668.76,-0.01184800497017815,52.21547987110828,-29.861178134282852,18.813262601406326,0.03921082736052022,26.09267113396444,-1.7076394847628205,0.28471753848509124,1.2189468439600364,-0.048
2021-06-27,41570.77,42328.6,41283.43,42151.37,7936340.75,0.013869910818957758,53.55424236861679,-51.19117425327886,15.055684366898118,0.03925085098910781,24.318308265816956,-0.21987391262207323,0.37156078192695047,1.5933137003246438,-0.0202
2021-06-28,42151.37,43198.1,41574.0,42664.98,9877077.17,0.012111256334873397,50.167728156452654,-24.632199229541186,18.00136764143196,0.03722926189782208,24.373658812343148,1.4654236242782475,0.4472559310647093,1.8270412873625854,-0.0393
2021-06-29,42664.98,42738.06,41912.49,42511.3,1700531.6,-0.003608520277263412,41.244654117508574,-11.978357338718752,23.084100932575094,0.03540297352871057,23.580342363547565,1.0691635177406362,0.4135518062721783,0.31942733327894246,0.0277
2021-06-30,42511.3,42525.41,41515.41,42137.72,3809007.65,-0.008826621393644088,43.765009368538,-22.70952198397225,23.007186047770045,0.03437213905802751,24.20325779384594,0.37785005949878053,0.3378703962961281,0.7055442769339842,0.0063
2021-07-01,42137.72,42494.15,40552.49,40851.37,18450532.29,-0.031002943473870014,27.290395029323264,-105.73449970863601,15.60610848003875,0.03445729866935949,25.41534201423034,-2.244687304349061,0.129378377587415,2.9561990702581804,-0.0919
2021-07-02,40851.37,41178.87,40129.6,41064.17,3029062.05,0.00519560705329617,23.10174716069662,-133.80629135801234,12.063181138339948,0.03360286038724844,26.417483183779456,-1.708403553824271,0.16567392197204522,0.5031996674248247,-0.1069
2021-07-03,41064.17,41714.59,40861.41,41628.67,3818132.53,0.013653147453545768,25.490557007270496,-103.2132769219213,14.488959665977097,0.03142272930101093,27.12699572659971,-1.0889553532777796,0.25606122870881054,0.6552282809387162,-0.1499
2021-07-04,41628.67,41690.45,40369.36,40687.29,8503915.85,-0.022873353917045567,24.341767285132946,-133.32053458065252,16.439214116668044,0.03191688187075397,26.553703747571973,-1.8904267954825993,0.1341744020531256,1.3854701141900674,-0.1565
2021-07-05,40687.29,40862.17,39464.46,40181.24,3101510.45,-0.012515538629614562,25.206507723221065,-171.80966657634985,16.10719357328976,0.032476154117115796,26.847663007891676,-1.9133064266999438,0.10737607495957714,0.503284335611904,-0.1616
2021-07-06,40181.24,42594.34,39179.92,41906.61,4648297.4,0.042043351013548405,43.973006153779494,-70.73913074342283,27.08539796124467,0.031834698290173484,26.111771290547257,-1.2644403435549076,0.38125017886880996,0.7453998715570881,-0.0936
2021-07-07,41906.61,42240.78,40843.23,40955.64,2081786.75,-0.022954041296031784,37.93773026235484,-58.13012092881263,36.20980828437418,0.033736361724879586,25.49033504303893,-1.3221832208713387,0.26086425104484706,0.3356457017068859,-0.0542
2021-07-08,40955.64,42093.93,40909.27,41783.78,14322031.83,0.020018696193816424,46.109520295760724,12.043067210925528,53.60332238063885,0.0322454755683314,24.47627942275047,0.1746734216059475,0.4091913522563239,2.1275493689237566,-0.0383
2021-07-09,41783.78,42116.51,40307.94,40329.1,3971568.09,-0.03543493320446654,41.796060703110314,-31.093915259049027,43.75546395347552,0.035593617795294574,23.597445811736577,-0.16346367244877846,0.16500361908801459,0.5820510901763333,-0.0366
2021-07-10,40329.1,41241.21,39668.17,40663.53,3061082.16,0.008258329200447967,45.64920478658537,-28.742515747492007,43.441309249353104,0.03591493058134642,23.616881091676706,0.19699243922541926,0.23175211263793638,0.4733229322366962,-0.0877
2021-07-11,40663.53,41209.7,40398.03,40995.13,4676997.25,0.008121657218696069,44.31942569265973,1.8817621045758415,36.89896088933241,0.035217580373911074,23.650281677532867,0.6745067532976545,0.3188964180913052,0.7273863587833882,-0.1924
2021-07-12,40995.13,42347.13,40663.11,42252.28,3042564.93,0.030205037682651016,48.11046564804246,107.68370694455325,56.148242908736016,0.034271033083041726,24.148704428652263,0.9253087010320817,0.688371525888228,0.46939517812378356,-0.1771
2021-07-13,42252.28,43136.98,41580.97,41600.4,1040674.81,-0.015548534238587628,46.011430192239374,132.98397653303664,64.23031220438007,0.036062239099340636,24.175653948857107,0.8741990761965902,0.5241864507975638,0.18200922036395875,-0.1285
2021-07-14,41600.4,42000.2,40659.43,40965.07,2287690.28,-0.015390030237503195,44.98036492840734,107.25415866573212,64.20968171256163,0.037198276482857895,24.044370501072592,0.6595377609493696,0.3354293869652797,0.4032655853957722,-0.1275
2021-07-15,40965.07,42133.83,39785.33,40541.17,6006373.57,-0.010401751375896088,48.56630227942228,64.13698490541469,46.89407455691793,0.03830402526615823,22.569161945862852,-0.019756791278016817,0.22142571264603372,1.0821724759976197,-0.1478
2021-07-16,40541.17,41425.61,40518.4,40959.39,3259609.53,0.010263087050025682,49.52474690600771,65.9779767086244,41.49435860620046,0.037665181467362654,19.682034262461148,0.3181121807733898,0.3725632293420157,0.6001594335555239,-0.1172
2021-07-17,40959.39,42877.58,40851.85,42435.16,3340091.2,0.03539617584478751,53.378712963989315,163.24136108572316,53.878047506514385,0.038328980698341765,16.53105602016048,0.6868033330845478,0.8512863591329689,0.6421490263730398,-0.1155
2021-07-18,42435.16,42557.97,40096.38,40419.11,1466961.76,-0.04867457095653477,48.969294840028496,92.00309020597297,52.84984306517251,0.04225626725292298,13.183485504293051,0.6089917263462569,0.21768925558573393,0.30683663871943706,-0.0255
2021-07-19,40419.11,42422.79,40152.27,42110.88,5168361.26,0.04100344667401346,56.796775824609654,155.3003907094648,62.54972125754333,0.04203911876726076,10.41456346138001,1.2826655729570668,0.8178033455391771,1.0432045161578358,0.0374
2021-07-20,42110.88,43068.43,41790.86,43038.28,5714850.24,0.021783812625217263,54.223503409451354,250.46956318582852,67.51323413837835,0.03758682137986851,10.02585544218907,1.8249442943165182,1.0643801210979609,1.13174209992813,0.0835
2021-07-21,43038.28,44271.97,42512.95,43947.34,2130381.93,0.02090214674790374,61.20035521201431,358.8851955195147,88.05747568621551,0.037396835134300636,10.561785659720996,1.8008498198836338,1.1447243381170078,0.5032084614168891,0.1173
2021-07-22,43947.34,45246.17,43590.16,44165.33,13108494.89,0.004947993171636217,59.34290711047914,424.99968077985807,90.24215244968151,0.03797456705777827,11.193505933550053,2.5088678866178036,1.0625892629253744,2.766924417387702,0.0469
2021-07-23,44165.33,44413.58,43348.28,43510.19,4589734.59,-0.01494492861397387,63.31480224174041,404.4450189474607,80.81663534796984,0.03732616592637721,11.807743038675968,1.7919886353490586,0.8740752062502484,0.9609697371458948,0.0777
2021-07-24,43510.19,43522.42,41885.32,42947.1,13020486.19,-0.013026037757146234,59.37861158843691,335.59792806137824,69.13340761801906,0.03792210150892393,11.955269858623884,0.6309711683114645,0.7348354877128143,2.6030677478730135,0.0926
2021-07-25,42947.1,43056.38,42645.65,42997.33,1442323.55,0.001168894964319863,58.41757070068407,278.46691050305014,61.86528340451431,0.0372117458057359,12.07179188721957,0.6849796758537935,0.7223436273620196,0.29321371005348673,0.1183
2021-07-26,42997.33,43191.11,41087.97,41390.38,2220961.64,-0.03808953406237392,46.47996615094715,125.2821645309933,48.70325200265518,0.03937975097456133,11.63626419426302,0.3976608437959661,0.39467222047536993,0.4629268553936259,0.137
2021-07-27,41390.38,42089.55,40128.13,40232.29,7554686.39,-0.0283785796439128,44.634437707908724,-51.717346844946526,32.131869822166294,0.04123306712805318,13.06408642521867,-0.5335753427027566,0.17369128288730745,1.4896953237175976,0.1528
2021-07-28,40232.29,40744.82,39790.19,39808.3,2847346.77,-0.01059447377421744,45.386814912973804,-187.3984636398608,12.665816980514577,0.040979375801375,13.784545501945136,-0.8680069841082306,0.13275589946686683,0.633086711733163,0.2802
2021-07-29,39808.3,41189.72,39112.43,40435.1,9860752.91,0.015622786387759581,49.58373068612096,-222.5833008684923,10.05643153452906,0.039865046527812344,14.457754609221395,0.22187214310765102,0.2482803419721859,2.0577439681733174,0.2624
2021-07-30,40435.1,41062.38,40310.83,40824.6,2104852.34,0.0095866212408759,49.469824564446995,-207.5711889510211,16.63281254031741,0.03921235165630967,15.455447476918645,0.41525682730639574,0.31927227926527524,0.44366763445716373,0.2961
2021-07-31,40824.6,41387.4,40551.52,40812.32,2430259.34,-0.00030084427713882077,42.78631335770521,-187.05112574004517,25.730522215332883,0.0371417083300806,17.171267509281673,0.06988062459846332,0.31954311101041805,0.5246817840903846,0.2577
2021-08-01,40812.32,41363.29,37313.35,38092.14,2446202.17,-0.06897603497600044,40.265735868348784,-336.5400054860877,21.815013531242073,0.042772415966717284,20.143287363593632,-0.24675450934909296,-0.05839940892069244,0.531545645003935,0.2844
2021-08-02,38092.14,38616.24,36729.74,36934.49,4313253.74,-0.030862158793231398,27.333020970295493,-484.2666859695398,13.311750863813087,0.04337037974918359,22.54365740637825,-0.7734543716859831,-0.08864385766544644,0.9050650438417782,0.3171
2021-08-03,36934.49,37388.75,36383.39,37355.38,7253636.27,0.011331141199455661,23.959937095544433,-521.30230061983,7.729530974823885,0.04236121505694394,26.47164792736714,0.1100990206038567,0.04127130945925801,1.4466820376356506,0.3195
2021-08-04,37355.38,37540.02,35399.78,36023.95,6453785.36,-0.036292949008944114,15.046571397379594,-597.6582467990133,6.57011717929327,0.044682753715620825,30.889416685252822,-0.7987043632221523,-0.01835133032108885,1.2814405879674775,0.387
2021-08-05,36023.95,36156.26,34899.7,35747.42,4437263.26,-0.007705896331101943,13.055846920030021,-625.9732725486257,8.738841690284772,0.04423024494793474,35.895640847155484,-1.367474409994243,0.03293810727952031,0.8708654023444309,0.3234
2021-08-06,35747.42,36690.85,35642.6,36591.94,2793819.24,0.023349898872788336,20.133947727851563,-549.7233479098193,11.624928763113166,0.04317615534223805,39.918020037690724,-0.9677769123301176,0.15597093842933002,0.5512752487248265,0.2829
2021-08-07,36591.94,36887.88,36551.53,36572.65,5874385.76,-0.0005273042723800129,21.1258405933726,-465.8046906487068,16.237539248053107,0.040658485820091385,44.257495107045365,-1.6057100651743288,0.1863657899131269,1.1108285775387354,0.2794
2021-08-08,36572.65,37445.79,36206.8,36646.41,4313200.58,0.002014776615578485,21.29361608237845,-374.47867829978327,20.28958972277409,0.04219103590227742,47.93510628661126,-0.9943246706943805,0.22287657147290657,0.8222615079343926,0.3094
2021-08-09,36646.41,37488.07,34270.19,34322.88,7933035.07,-0.06550328273669234,19.998149160432135,-435.43327439890686,13.972415882620062,0.04736707076194691,52.52322467892007,-1.6930363551868508,0.08392253266870744,1.4810266668828234,0.3029
2021-08-10,34322.88,35206.19,34085.46,34799.66,15115406.55,0.013795429434838455,25.522364791295345,-408.9373823807223,10.507101329625586,0.04499253728339731,55.8340320671598,0.04999332255520235,0.1571407130401532,2.5168457996998246,0.3521
2021-08-11,34799.66,35307.89,34611.21,34975.43,3687042.2,0.0050381983542785065,27.726472059968998,-347.29588102186426,7.547644486458417,0.044239627647167115,59.25869316918495,0.6994418968102162,0.19630227704309672,0.6661778171152518,0.3014
2021-08-12,34975.43,36827.26,34899.35,36804.33,7576209.12,0.05096968632457377,34.93582695517716,-160.56668982037945,19.7346641211974,0.041751337410559655,61.00766118776857,1.9734969368315307,0.37039016333252484,1.3329137697222475,0.2293
2021-08-13,36804.33,38034.23,36344.47,37770.5,12076176.99,0.025912873359725266,37.907121497748854,40.08494012505298,33.29653945841795,0.042457605803459746,61.75999287785321,2.8091336395144504,0.4812464755534094,2.1424082881990603,0.2332
2021-08-14,37770.5,38351.81,37743.72,38034.61,4252467.36,0.006968160026674114,39.21655404549629,194.04920420318422,47.321409318150955,0.04173499572399635,61.490017761935,2.5640348542558136,0.537296663511256,0.7360728402488678,0.2177
2021-08-15,38034.61,39074.24,37846.03,38396.88,2688985.9,0.009479671609711025,51.448163776687686,316.50173519525015,63.71722014937643,0.03609205078268813,58.67509771492655,2.2742200134205195,0.603960645345617,0.4635672369719307,0.234
2021-08-16,38396.88,39945.76,38144.5,39413.41,5728350.6,0.026129907433380097,61.94029563096585,453.8161316079859,77.2003553928202,0.035006703845930146,56.70339162201037,2.211667543292719,0.7410977395350381,1.003332974547854,0.2209
2021-08-17,39413.41,40670.43,39359.6,40604.19,2846334.38,0.02976514952707219,64.56817127960421,603.3332989417074,92.11079954651898,0.034517444065317204,54.73398772191597,2.0145083147154415,0.8767636742139643,0.498546031785402,0.1929
2021-08-18,40604.19,41227.45,38993.26,39667.44,1660170.59,-0.023340563201474943,66.93750005723749,615.5118767726503,89.3557584041147,0.03550175084220753,52.551381490040185,1.662918376924685,0.772510498999939,0.3132845489623309,0.1795
2021-08-19,39667.44,39939.74,37306.06,37843.98,12159388.29,-0.04705878169500118,58.52078662852362,482.9802294636477,76.59231663562504,0.039811597134177944,48.07232215071705,0.892254998930803,0.5652590088297696,2.0957349216461085,0.1719
2021-08-20,37843.98,38767.25,36894.64,37291.19,2520921.06,-0.014714812634384476,52.91090002427734,346.6849257333621,58.55618205375274,0.04198075048977313,43.65707311567176,0.6882342856816417,0.51490195482116,0.4341548800998717,0.1481
2021-08-21,37291.19,39863.89,36593.88,39244.16,7407891.03,0.05104553762688575,59.57903327185126,374.2970443260584,56.58063555574399,0.04523117033754407,40.0631586577808,0.9948040692523209,0.7971264055248951,1.2235173181223022,0.1305
2021-08-22,39244.16,40816.88,38967.13,40545.5,6470296.21,0.03262215694809974,62.84949726908848,460.7570839828187,69.18925957601573,0.04485540935491119,37.29400800637659,1.2096448639384398,0.9257787477438657,1.049957160536537,0.1038
2021-08-23,40545.5,40878.54,40515.41,40828.09,1788393.57,0.006945524611074197,74.7700326161513,513.5050787314017,85.69679692436,0.03955057132758086,36.22565826253199,1.1741951856456045,0.9070544660074104,0.30367466053430053,0.1415
2021-08-24,40828.09,40875.09,38768.12,39222.03,1352044.63,-0.040131746173162765,65.50567336682184,420.6582670806605,84.84975094567055,0.04296615957918471,33.856022376679846,0.9992674273564389,0.6844416695317003,0.23997572656784408,0.1441
2021-08-25,39222.03,40921.01,38512.04,40492.4,1481102.78,0.03187572344702103,67.96462931773667,424.03091216171185,84.16068706422698,0.04463865882414927,31.43764056092766,0.9790480013352867,0.8106735562008216,0.269964800238697,0.2497
2021-08-26,40492.4,40597.72,39331.25,39583.33,1506537.36,-0.02270623214611964,59.6257358711691,347.4820275612073,74.80111915250657,0.044470253368912346,30.115120862325984,0.8144325149012732,0.6784701882998612,0.2778606458902278,0.2453
2021-08-27,39583.33,39854.18,38253.87,38393.57,914017.51,-0.030518072380064182,52.1252349258436,206.14773362924456,64.51805763071071,0.04568190529223959,28.252912723023538,0.6937964458563132,0.5189892321869201,0.17665934000779432,0.2055
2021-08-28,38393.57,38632.9,38291.09,38388.07,9735721.85,-0.00014326341582201013,51.22727121164843,106.72303163039028,47.96379034536621,0.045192983876787156,26.435113225980796,0.013155092686737927,0.5073705048488415,1.7880032637740164,0.3287
2021-08-29,38388.07,38440.16,37804.57,38033.82,3399327.09,-0.00927097032900622,48.73869354367684,16.27880346846647,36.21268266145501,0.04450095805709192,26.984310425018595,-0.4424586333538926,0.4286168876729477,0.6514193357053254,0.333
2021-08-30,38033.82,38308.26,36892.03,37464.0,13252031.17,-0.015095292029978084,43.010617753956524,-77.58967825606001,29.52547028167014,0.044443713584076484,27.779167333362466,-1.800504032152685,0.2988256872004402,2.5856761663007997,0.3658
2021-08-31,37464.0,37761.14,36537.45,36902.05,2581910.68,-0.015113366822356198,36.0996134167785,-168.00458726672855,19.209616911750885,0.044951838718974985,28.780673531212575,-2.1414367336761986,0.13688981387504254,0.5092612471527918,0.3771
2021-09-01,36902.05,37017.29,36016.75,36356.71,18185212.14,-0.014888323891939613,37.19280138788534,-250.07223703905163,11.16150966774787,0.04320240040577686,29.39782210521809,-2.9831733664246225,0.04793497767207137,3.247148211579577,0.3894
2021-09-02,36356.71,36885.67,36186.32,36622.78,2818653.57,0.007291669998692653,44.62872584806944,-270.2536088117233,9.021045274833174,0.03911583758210938,30.46225374325474,-2.2483572893358748,0.12882291961450473,0.548644324069241,0.3967
2021-09-03,36622.78,36729.55,36229.59,36669.51,19161591.7,0.0012751684067214457,47.13823281857006,-263.96972335479535,10.86640322221048,0.03639220392402088,31.905022124329236,-0.912416962168975,0.16556728889316338,3.257143252829086,0.3218
2021-09-04,36669.51,36705.39,34550.2,35567.1,1718668.37,-0.03052456631438525,31.63537856329482,-314.1611288471871,13.876380194133064,0.035281321381668285,35.171986178697196,-0.9341401430095603,0.04663477031124454,0.29457357302937814,0.3241
2021-09-05,35567.1,37164.8,35337.35,36932.68,12027632.86,0.03767574269995281,32.07126197166495,-238.90164329886636,22.222913048244227,0.03393367144141965,39.09164894545377,-0.1334130040486684,0.2828127268332723,1.9559059157523468,0.2416
2021-09-06,36932.68,37174.15,36355.3,36774.74,1944621.6,-0.0042855995158121085,29.63314691668066,-185.64017823629683,29.42545767331089,0.03496456690496001,41.330840230663505,-0.1998951273016749,0.280151849629381,0.31856551359785057,0.2208
2021-09-07,36774.74,37136.95,36676.89,36814.31,941550.71,0.0010754318424748555,35.64159935821104,-135.93096195271465,35.951106164884386,0.0317315855864503,44.75412040293695,-0.08403234665038883,0.307411103517077,0.15515695717448502,0.1735
2021-09-08,36814.31,38357.77,36659.34,37516.02,8728771.48,0.01888141346783583,30.95896720647744,-48.48802356494912,39.832808425783206,0.029785237651229406,45.99254988178785,0.49000280329302603,0.4243706151503583,1.48024438062254,0.1827
2021-09-09,37516.02,39142.84,37214.72,38956.89,3126374.98,0.037687608373675664,46.2477388431896,105.30375589243323,55.887811428272975,0.02989674703791776,46.80382034235064,0.6604589785900898,0.6441274959992082,0.5274697095136376,0.1903
2021-09-10,38956.89,39273.98,38550.47,39035.68,3743339.4,0.0020204495582886377,54.436587700511,205.45491224037238,75.69331215348758,0.028232010158025518,48.18637230041849,0.8775727402104495,0.6593419867772938,0.6517080604048876,0.2048
2021-09-11,39035.68,39442.47,38617.01,38947.28,8787796.36,-0.0022671629254613726,53.82003789809659,255.5971275892481,89.30537632822256,0.02918309424578179,49.30333822120566,0.3411054546725166,0.6686791789600258,1.4996840955647508,0.209
2021-09-12,38947.28,40012.32,38804.01,39510.58,8627610.66,0.01435954738451588,59.80782309199557,312.7735837236426,91.88253813842194,0.029802415309656726,48.42439907965814,0.9358401108586991,0.8011407892670055,1.391162859441102,0.1682
2021-09-13,39510.58,41805.51,39423.81,41618.31,2552813.98,0.05197173051948467,72.91049690006629,469.2107216613391,92.70404133200812,0.029950107468144638,48.54082790429866,1.0991967060787622,1.08095831687791,0.4076828594305218,0.1467
2021-09-14,41618.31,41949.77,41041.65,41488.06,1743157.06,-0.0031345396663541147,76.55573043030861,535.769757266688,93.99810775151398,0.02950082849997923,48.310066758583616,0.9965539269832671,1.0193377444208853,0.2777998406401763,0.1854
2021-09-15,41488.06,41728.78,39259.27,39760.33,584018.26,-0.04253599344385107,67.33519539318954,439.3372356809563,87.19712917304696,0.033421718869743725,45.80719567420802,0.9646406031183654,0.7534152495761527,0.09376184582021102,0.2295
2021-09-16,39760.33,42017.21,39383.28,42014.32,3490178.67,0.05514083100054297,72.83583227359618,498.9026457949253,88.0442877161165,0.03491768656835357,44.16030063263904,1.1757956604873785,1.0008829301529194,0.5489817851041106,0.1607
2021-09-17,42014.32,43023.51,41889.47,42885.17,4228501.55,0.02051556597127004,74.60844460972376,563.7161565106096,89.57996469921103,0.03526473803680697,43.273288507589555,1.3341729213197524,1.0139841442804987,0.6952270252738814,0.0761
2021-09-18,42885.17,43926.84,42525.7,43841.76,5021342.44,0.02206070929479711,83.142918938771,632.6083470268719,99.11270921543985,0.03326676601095026,42.32496621683124,1.4751101056504172,1.0175780747861227,0.814718007891033,0.036
2021-09-19,43841.76,43886.9,43311.47,43882.44,4779079.85,0.000927452240452867,81.14138227601092,640.5524537055351,98.9301415865283,0.031197981958803085,40.417567225980136,1.5499740071780557,0.9471037906135573,0.8326443390595997,0.0864
2021-09-20,43882.44,45358.12,43615.05,44679.61,3296204.11,0.018003005365428072,83.50194064301982,656.6965148852698,96.87434046412807,0.03211888567769424,38.82940892138928,1.5391833517076918,0.9484594274719451,0.5707360926554476,0.1429
2021-09-21,44679.61,44830.96,43341.47,43636.66,2814859.64,-0.023619622678044513,76.64770201642446,558.2049465852972,90.6079541872317,0.03457161936774386,37.205704319568994,1.3346317160653298,0.8220860446542265,0.5622030183923267,0.0895
2021-09-22,43636.66,44187.26,43405.39,44153.35,3442056.02,0.011771179113927327,76.30522852263815,491.2853965585871,85.87194475631576,0.032684302064760695,37.64481673542115,1.5318281129004891,0.8288894008249624,0.6832175908889905,0.1004
2021-09-23,44153.35,44225.04,42642.56,43231.87,5282674.09,-0.021090847119657963,67.67017178302387,354.76222095740786,78.0608828784152,0.03280988902729698,38.02255076934403,1.0782936541901207,0.7280314135807658,1.2160676700486965,0.1871
2021-09-24,43231.87,44566.1,42490.58,44456.95,3681879.69,0.02794335045180225,70.46860617207685,317.94948133318417,80.20134903758402,0.03407802379604672,39.46100795884104,1.2803543225973355,0.8079940411284452,0.8288371719932236,0.1985
2021-09-25,44456.95,44609.89,43656.38,43849.98,3746501.31,-0.013747042475495286,67.81315354551819,227.9212737287628,77.46262747126883,0.03475831525056753,41.058781800822125,0.8962387378471698,0.7315703645569626,0.9300760590464464,0.2596
2021-09-26,43849.98,44080.68,43265.53,43866.12,6987569.26,0.00036800542163074494,66.48040380426457,148.50401497133657,79.71916632573163,0.03410533166435123,43.089316252022215,1.3681539477359328,0.713914745775256,1.6324898825599568,0.2966
2021-09-27,43866.12,44334.0,40676.68,41321.46,2731025.34,-0.05976029053346642,48.91273533543514,-83.86206687583649,62.11284671189321,0.038410653585664735,41.83432748002878,1.068131712562879,0.4320733645019422,0.6249789515661486,0.2362
2021-09-28,41321.46,41579.62,39268.53,39615.54,2061185.13,-0.04216051208130605,43.851276359197264,-346.1949279829969,38.39691089297428,0.04259430588529157,40.8920642830413,0.7931046207158036,0.20813522867213913,0.510648311777985,0.2149
2021-09-29,39615.54,39803.12,38405.49,39104.39,3785497.73,-0.01298672862095289,47.6590827328232,-536.5219852452603,16.568890735934694,0.041193164538000995,40.94783252433774,0.3459787465437395,0.14371206873392658,0.9302429665414119,0.2059
2021-09-30,39104.39,39709.08,38653.56,39652.9,8514296.09,0.013929348477387388,40.40450749415216,-602.8920730268956,11.278486718726677,0.03778008670235023,41.0721607906606,1.1186677683042898,0.20015118694243178,1.9764320567670777,0.2008
2021-10-01,39652.9,40084.34,39434.69,39639.55,1610665.22,-0.00033672815321358993,35.823693538846996,-622.5715837163917,15.24780310949685,0.03691996287256909,41.24596833463187,0.9069318570004601,0.18627300324061974,0.4078608405484399,0.2366
2021-10-02,39639.55,41857.79,38905.46,41208.93,10606061.78,0.03882762321410958,39.08457039804114,-509.529615135424,25.337701943928195,0.038202642000159166,38.43635217331339,1.9299957094127564,0.36922884974929765,2.6200885563478864,0.2452
2021-10-03,41208.93,41693.62,40319.51,40597.59,14087631.49,-0.014946275202010398,36.99665658243228,-457.23337615639105,29.866875316683714,0.04018313824609221,35.77021408298371,0.20948388330132012,0.29816327428730893,3.046159295209784,0.0861
2021-10-04,40597.59,41586.18,39888.0,40162.6,5918989.49,-0.010772490916204547,31.59119085174089,-433.45646654692075,33.06569961526594,0.04053851450993558,34.33903132068345,-0.6690790250440453,0.2559427975503947,1.224573537515365,0.0162
2021-10-05,40162.6,42060.58,40148.27,41340.7,1789175.94,0.02891127253932673,40.74490315793721,-324.8697746721607,35.39453806210589,0.0401138241836295,32.58050696384734,-0.611899106322734,0.39226911673527604,0.36560287874755404,-0.094
2021-10-06,41340.7,42261.82,40671.44,40732.99,2440571.42,-0.014809157634421234,36.312844243349296,-282.04402642244366,37.389412697897335,0.042130083888117856,30.984148742128117,-1.2303094839581412,0.32301165714871494,0.5041161006508876,-0.0805
2021-10-07,40732.99,41164.4,39031.4,39548.91,1932808.29,-0.029500195445316454,35.56537470820973,-318.8207116318854,34.417134076836206,0.044385727517059256,30.963275435939703,-1.6595418216908822,0.20167514549532095,0.40892981491851027,-0.0645
2021-10-08,39548.91,40549.48,39236.23,40027.57,7252364.77,0.012030332906936057,31.561090869970528,-296.72392614006895,27.362302022176717,0.042494692675919675,31.179147233547475,-0.300650478059536,0.28453918939458384,1.4990249222749938,-0.0471
2021-10-09,40027.57,40688.84,38649.36,38787.08,2674662.03,-0.031481265205116446,29.97980146244072,-347.9205826934433,17.00324354491142,0.04585363403040687,31.71305326875424,-0.7846558947099532,0.1663586017862738,0.5651290670193546,-0.0927
2021-10-10,38787.08,39481.47,37848.06,39281.22,1953602.02,0.012659340581950491,32.530360114509264,-330.8793198827263,18.225654321764598,0.04676473170347681,33.07575103116232,-0.35649877137224684,0.24965910907053138,0.41871539387008844,-0.0543
2021-10-11,39281.22,39462.08,38606.55,39343.33,4907467.61,0.0015799139815627391,40.70421515877467,-298.77818675779287,20.803467054690174,0.041604202215278725,34.35917667336187,0.5751749199502001,0.2803385112277894,1.0287471206870775,-0.0158
2021-10-12,39343.33,40462.44,38974.41,40298.11,1417141.89,0.023978113541210443,53.451231140768165,-201.2715232367442,37.16107942454755,0.03915959972173549,32.79613599547893,0.8376794005105727,0.42707460489519083,0.3035157463916741,-0.0778
2021-10-13,40298.11,42760.2,40195.22,42222.66,2619644.97,0.04665247416166099,63.79498132583765,-5.534206448049815,59.48124487932216,0.03934948674478601,33.238573878371845,1.211927532588426,0.7198428232663864,0.5775311534422666,-0.1472
2021-10-14,42222.66,43442.79,41941.96,43020.72,2859915.48,0.018724816349692554,64.57711132616899,169.6339606401571,79.0074019435964,0.039358891649011525,33.77481743279206,1.5575117836238899,0.8826442255035436,0.6362665197059354,-0.1398
2021-10-15,43020.72,43799.22,42556.19,42792.73,5884911.31,-0.0053136317543504485,63.39910830613361,256.8604343464867,88.20011436861303,0.04055904222181518,33.703819611525034,0.485694768130237,0.8788801528359005,1.278839427658266,-0.0433
2021-10-16,42792.73,44022.94,42169.41,43933.62,4500730.89,0.026311630070090256,62.0158600931318,371.1674892274925,91.36564309189397,0.03771932357431623,33.060038158618575,1.2034433594099578,1.0747323382116347,1.0052068956689815,0.0439
2021-10-17,43933.62,44222.21,42824.03,43426.45,3325123.12,-0.011611155943383512,62.59093158733149,390.4346582316817,89.71893956793599,0.038199431781445,32.552700096549174,0.6140058102574615,0.9306843418719154,0.737748584121051,0.0699
2021-10-18,43426.45,45196.44,42175.59,45076.29,5139198.63,0.037287685174690215,69.73596163978974,485.88811062856297,94.81142184639369,0.03889721498501217,31.383373636673866,1.321990534524035,1.0609922005604824,1.1025902726993564,0.0299
2021-10-19,45076.29,46061.47,44414.8,45862.57,5601500.58,0.0172929283334281,68.75244157757065,567.8720027228471,94.4863739696703,0.0378166303620246,31.04650785301288,1.883680951629029,1.0499629621027868,1.1788108273392237,0.0727
2021-10-20,45862.57,45969.86,44194.73,44619.47,2054578.43,-0.027479005129416405,65.3105780420683,506.31111851148216,92.79554732294672,0.03916595794871373,30.60780231264616,1.436089919588976,0.8539822191690747,0.4639092171765014,0.0465
2021-10-21,44619.47,46497.29,44024.78,46293.66,4665390.67,0.036834707818382856,75.58269642810738,543.0269197344015,92.55579420157882,0.03827338343953831,31.75798747742159,1.7897250688360178,0.9694672602203225,1.0182943979309873,0.0058
2021-10-22,46293.66,46363.65,45663.08,45670.65,1744679.36,-0.013549159037249736,71.17224198145333,491.5763349666021,90.17721650443316,0.0378372574696608,32.5757476545467,1.5197996448403446,0.8573507294193221,0.42157242886568724,-0.1017
2021-10-23,45670.65,45886.2,45105.19,45560.07,2303714.46,-0.0024241846201262635,77.76568888683015,419.14357576516386,92.41747531272445,0.035956077955347054,33.16800752119123,1.1196488745130901,0.8103619729146558,0.6490600678593897,-0.0915
2021-10-24,45560.07,46444.56,44988.81,45191.83,3912737.37,-0.008115356725124529,74.48311170930587,319.9580687953337,87.68751237142357,0.03596825861159126,34.859654365118516,0.5824397016248266,0.7479683125514286,1.1344569298164893,-0.1184
2021-10-25,45191.83,46090.74,43003.08,43757.21,8976021.33,-0.032259919062551115,66.41665364833793,140.42079648123945,78.73221165983489,0.0407912041401606,35.33465743345271,-0.5726281741373452,0.596440561609821,2.356939112118875,-0.1077
2021-10-26,43757.21,46579.32,43666.48,46285.87,11225381.32,0.056180331703293014,69.93636621457615,172.5394580636014,80.81197899570662,0.04076149867272712,37.58483181631262,0.7739417357606111,0.808695953591171,2.642771810200131,-0.2173
2021-10-27,46285.87,49196.82,45735.41,48515.99,5251485.57,0.04705670340015532,70.53590249727526,316.19086755950934,83.19855721358189,0.04020761284798558,38.42348576243247,1.4114137362313393,0.9555239352016616,1.1898653198143603,-0.1979
2021-10-28,48515.99,48977.03,47907.5,47909.37,2852916.33,-0.01258233317607435,66.1540871207277,340.46361583662633,89.23285031871013,0.04007368495973957,38.6163583896,0.9057827158203497,0.8593465045398808,0.68031215044268,-0.3096
2021-10-29,47909.37,49228.09,47860.59,48692.32,10660160.84,0.016210216294251463,68.8049485308086,376.542840099218,88.2349658298861,0.03961190829036935,38.7675158427503,2.2103581349572936,0.8958062345105846,2.3210515962444283,-0.2397
2021-10-30,48692.32,49098.26,47435.0,48487.58,3059785.74,-0.004213634772725405,65.43702695237997,354.24051655067683,87.86313357644168,0.039498877856960574,40.25881503125239,1.6240873201198063,0.852005350628858,0.6582839756009566,-0.2016
2021-10-31,48487.58,50542.24,47919.76,50180.29,14407710.22,0.034314637441980156,71.19096416402166,416.7983349440194,92.52790062603998,0.03990919542313526,42.150902287991016,2.7939299132630975,0.9781183779124042,2.8122831452012,-0.2055
2021-11-01,50180.29,51004.7,49623.17,50871.37,2427165.27,0.01367796974930381,69.34672729271689,464.39380775566747,94.50254787867514,0.037065263119222897,42.852730938103,2.4360591119465846,0.997402850607099,0.46914095269840134,-0.1671
2021-11-02,50871.37,54080.19,50581.23,53123.7,1334818.72,0.043322866491156756,72.07976670791487,598.693019103172,95.12425824459835,0.03798431101103202,44.12333256266216,2.1212588058328667,1.0924823249217999,0.26124783562051324,-0.2076
2021-11-03,53123.7,53320.72,50897.04,50983.4,2251643.15,-0.04112306681211966,68.35027378600711,498.60434034757236,87.24740626443592,0.040487534037681606,45.88832384310506,1.6681789251000188,0.8602330420767764,0.44332562213585197,-0.1936
2021-11-04,50983.4,51935.09,50284.05,51612.72,328466.53,0.012268064191609022,66.32086100948956,432.46694476617404,80.37770381136077,0.038857004906645565,44.99065448067431,1.5109111150898527,0.874142928316786,0.06841398762412285,-0.1442
2021-11-05,51612.72,54758.17,51341.45,53731.78,2019237.15,0.04023647906155765,72.65465819530235,485.1626341454812,80.34549774531052,0.04093529804095486,44.84947812436377,1.4829887765469645,0.978733093034469,0.43172976987500344,-0.2917
2021-11-06,53731.78,53916.79,52064.72,52523.8,8723635.11,-0.022738232591582506,68.43355799942188,396.1484998765327,83.3284908279084,0.04333332154728484,45.08607815039092,0.7263412644329903,0.8454706979352866,1.7634152243045793,-0.2995
2021-11-07,52523.8,53040.8,51814.86,52299.69,2727284.24,-0.004275956495346021,68.95975374189612,284.86504386407523,83.78223107316312,0.04320514546616396,43.7749732722919,0.44142346038441876,0.7951575379418756,0.56507446830336,-0.2856
2021-11-08,52299.69,53851.56,51433.37,53375.82,2631596.14,0.020367390717382722,76.15727307132062,247.78628520765233,82.53840363640772,0.04143817235165685,46.628151724079025,0.5926278812310951,0.8400356116113149,0.5625568450045424,-0.2812
2021-11-09,53375.82,54783.85,52018.58,52523.85,5894174.91,-0.016090482273087948,68.66605782788314,135.54973039578317,80.5487369246535,0.04190964132075797,49.74116740348101,0.056050124994827755,0.7496204471110628,1.210327653937948,-0.1943
2021-11-10,52523.85,52907.03,51641.73,52615.25,2140944.96,0.001738649522859467,64.06679157425731,41.98407492870592,77.68366865190951,0.038855478483620705,51.98537017832665,0.196653526108115,0.7324327529827527,0.45132595190585373,-0.2407
2021-11-11,52615.25,52781.62,50460.99,51209.29,4747572.47,-0.02708504077945627,60.73491025342141,-130.62786356825745,65.62428667371856,0.04166734199985163,53.39219401261751,-0.2421436460809961,0.6027836558779115,0.9701153609953026,-0.2598
2021-11-12,51209.29,51839.56,49092.62,49476.68,1709647.98,-0.03441951344292439,52.40310789981824,-364.2841904053321,49.877282386518694,0.0451179510947577,53.69021877286862,-0.434471950305154,0.4388472428035521,0.35148150898008307,-0.3426
2021-11-13,49476.68,51211.56,49444.89,50675.39,4606842.24,0.023938940955235615,56.31815784822718,-436.05303481704095,39.762274834036894,0.04419646019778858,54.34309242514495,-0.10209214317084972,0.5226096020540271,0.9403974830401902,-0.2499
2021-11-14,50675.39,51071.34,50238.59,50876.85,3502246.25,0.003967618326918021,52.201180349952274,-465.2400122811532,33.092806965138,0.04150876086077624,53.965986873936764,0.11617399829585498,0.509607107132562,0.7572202058500555,-0.2497
2021-11-15,50876.85,51110.7,47307.8,47762.37,493685.55,-0.06316991576924315,41.48024040542944,-676.7626389656632,25.858821579248797,0.047836612797889214,51.66104543221257,-0.04433326071682274,0.08787939629743764,0.12074829292910129,-0.2592
2021-11-16,47762.37,49462.65,47751.82,48404.88,1825925.7,0.013362544117483836,35.817444096837306,-750.1765488021001,17.368486872637504,0.04456299506518726,49.49305244095857,0.11421708969573213,0.17504118462746582,0.4661216391231952,-0.2488
2021-11-17,48404.88,50148.78,48000.1,49812.1,2221748.78,0.02865729131904637,46.31734297811442,-682.6663022664166,18.084193301697038,0.042909726179545554,46.64805046273157,0.343010516176444,0.3386983385823626,0.5717735372097138,-0.2046
2021-11-18,49812.1,50811.32,49642.48,49955.86,2671410.58,0.002881889125472772,44.62664165549433,-609.441654285092,27.864268787178744,0.04209677732072458,43.7197878354177,0.699125258480945,0.34446722077266423,0.7662645610921442,-0.177
2021-11-19,49955.86,50415.42,48304.71,48343.91,2829515.54,-0.0327995581313338,31.93232843148367,-647.1301569629838,27.592422914915932,0.041570784938865485,42.87191082349874,0.15670690475182128,0.1136122521580476,0.814304478372214,-0.0357
2021-11-20,48343.91,49089.64,48113.75,48680.97,8192720.45,0.006947936569055792,36.31405487262681,-626.5049746556533,22.549073374278453,0.03999735420226012,41.68466933826072,1.4861738458372311,0.18573584774523427,2.5893438610942945,-0.0113
2021-11-21,48680.97,49172.19,46812.52,47158.4,14630781.96,-0.031776045931656796,33.23979530267047,-687.660421060514,12.188564606560305,0.04300592713674092,41.17482479774943,-0.8768020452852079,0.04759971708354246,3.8765305629900264,-0.034
2021-11-22,47158.4,47827.85,46669.89,46705.01,6466974.52,-0.009660708602179276,27.3333763729089,-727.0686246334221,7.713157169357331,0.0414960683171649,39.629912543916134,-1.754871844192423,0.05611219855300873,1.6043887494552638,-0.0603
2021-11-23,46705.01,47035.8,45329.25,45848.95,2500946.29,-0.018499141757738948,27.32578126141705,-774.8205567861671,3.876697826302627,0.04062146305577384,39.3002871589985,-1.8750063473667753,0.0357595519266327,0.6185457832518919,-0.0769
2021-11-24,45848.95,46060.77,43897.31,44907.49,1391612.45,-0.020747701696012914,25.2467692621628,-828.982996889129,6.220475192107993,0.04290165658969773,39.84309457684202,-1.8293315735544742,0.02230070627213872,0.3397138711087786,-0.1482
2021-11-25,44907.49,46316.99,44690.21,46277.57,1397345.86,0.03005279848380482,34.12535118025137,-734.9176320166974,16.066061433336532,0.04056057826717336,41.09024997227804,-1.4961741249299614,0.1844388150519807,0.34372256473894625,-0.1388
2021-11-26,46277.57,46761.58,45526.8,46107.68,25949188.97,-0.0036778639772902465,37.94253646906274,-649.4792743051152,23.853341690024944,0.03836743838397827,42.73508506323419,-3.2941613105609964,0.19927802964859948,5.26715083318825,-0.0927
2021-11-27,46107.68,46534.56,45935.53,46439.12,4285668.36,0.007162676981022769,33.83513961681979,-540.4529733964769,31.809009273601514,0.03629764548263083,44.06364976977539,-2.293005326900878,0.2566674107088388,0.8563582399562613,-0.1187
2021-11-28,46439.12,47258.34,45950.71,46616.54,8136761.83,0.003813206310757695,33.71352726296918,-430.954940449804,34.38480408267581,0.036887137361231545,45.15443725782077,-1.436422328094215,0.2922308623090646,1.5411159022719276,-0.1531
2021-11-29,46616.54,47668.51,46212.78,46513.46,9226548.91,-0.002213680706416443,43.797558375575036,-343.8199240429975,36.92425045185562,0.03336444363170103,46.74523651083181,-1.8418227260887055,0.29936132651147684,1.6940623744795442,-0.0697
2021-11-30,46513.46,46758.33,45158.47,45557.88,5062580.31,-0.020758127622076197,36.28739538490851,-328.89029795362796,33.18427747414376,0.0338902794799483,47.96959728997377,-1.8684627648303522,0.20167702760688916,0.9052468050323754,-0.1375
2021-12-01,45557.88,45741.58,44798.16,45227.54,11902994.34,-0.007277412120123669,25.362636606354357,-319.3492836919431,27.031828610757444,0.03223432637976691,50.54273380009783,-2.1496350647907105,0.1840178973569951,2.0004167303793485,-0.234
2021-12-02,45227.54,47080.51,44767.75,46362.27,2314498.87,0.024779788566944943,32.54700074263293,-219.46069631786952,27.0247313698442,0.033207775571440425,53.184094076382856,-1.7424699426379728,0.35527506223322436,0.38700759356990994,-0.28
2021-12-03,46362.27,46785.46,46201.65,46353.52,1272848.89,-0.00018874886415735855,38.55025109667132,-140.6543521514941,34.540336718269664,0.03086116375688973,52.33609774113656,-1.5812323205635812,0.37271269945710306,0.21893578068125114,-0.343
2021-12-04,46353.52,46449.14,45792.28,45925.7,2657445.87,-0.009272359805527212,34.314059259741214,-105.61659703536714,40.945048363705205,0.030652460698158288,51.53294394889123,-1.5067979302766712,0.3211661238872858,0.46043804053353515,-0.3065
2021-12-05,45925.7,46334.89,44867.25,45493.42,3616812.47,-0.00945717311333831,39.17764731505124,-99.89278780972109,41.87531803214683,0.029543157795434816,50.15281241339147,-1.4787881093061719,0.2689270824740956,0.6101527360523634,-0.3093
2021-12-06,45493.42,45820.35,44299.3,44542.01,3774073.29,-0.021134911328637034,36.79541996972635,-145.74443144850443,32.05234210977265,0.030756454091631198,48.19124330565298,-1.461336136206038,0.147187834431088,0.626389321734526,-0.3048
2021-12-07,44542.01,45312.67,44023.2,45012.78,4537355.56,0.010513660664114277,44.643403949205954,-130.42656466580866,29.09396975414133,0.029772941310058143,44.33394380297255,-1.1523030134771965,0.23852775998840198,0.7388741728350519,-0.2319
2021-12-08,45012.78,46551.96,44950.94,45653.49,1499101.6,0.014133605928359175,54.97048358838322,-66.42937937696615,30.465649447758352,0.02847511923903925,39.454893768854404,-0.9964214914686266,0.37173714105408334,0.24646997949357616,-0.2549
2021-12-09,45653.49,46693.36,45147.27,45551.96,2130223.48,-0.002226402960332864,44.181854627561144,-22.492395325899565,38.74643893233142,0.028412059546937513,34.91837330007115,-1.00034867879038,0.3645828475738217,0.3522588511243324,-0.2034
2021-12-10,45551.96,45967.2,45219.06,45877.17,2307351.54,0.007113955290344975,48.19662435136094,33.85280848987088,45.83990570519604,0.027452979335903353,30.75518725757496,-0.8426723232939961,0.4890346484765184,0.4010653873083511,-0.1176
2021-12-11,45877.17,46224.56,45358.97,45646.86,1546722.97,-0.00503278726091107,43.70216567946299,59.492389374668164,45.779279859932046,0.028008607820991835,26.822268400686397,-0.8531737035852168,0.4238158837218408,0.3033472478821901,-0.1345
2021-12-12,45646.86,46029.36,44981.18,45153.16,14225503.62,-0.010874554107726806,38.92422595592494,47.59768181333277,42.13258497436766,0.027904422572917992,23.706376270909832,-1.5277449773648928,0.24371143809765394,2.5926874236421074,-0.091
2021-12-13,45153.16,45162.13,44704.93,44844.01,6199340.8,-0.006870243053091967,37.74677824853542,24.46981475208713,34.128721101294616,0.026506311226717236,22.91283857507734,-1.728691128245688,0.1530393103284213,1.093030642237274,-0.0985
2021-12-14,44844.01,45347.27,43426.17,43864.26,12845327.67,-0.02209015779041374,37.61332619436581,-47.33827506658531,23.277768914556933,0.027621462210914372,21.758767482663618,-2.1967065037304674,-0.11646632307246614,2.057100605211814,-0.0474
2021-12-15,43864.26,43896.01,43199.58,43724.42,1556760.31,-0.0031931094021912625,38.69147572278239,-92.18489916992337,17.45307711132681,0.027306316633647364,19.63902910358708,-2.105500079010838,-0.044351497511707035,0.24898781175075382,-0.1236
2021-12-16,43724.42,44834.93,43639.9,44607.03,7281423.04,0.019984713829164055,36.27397620130026,-52.32118634958226,21.58718454001632,0.024976220115971618,18.702642202615333,-1.4884087318889048,0.2491291452036626,1.3689543072348462,-0.1997
2021-12-17,44607.03,45593.63,43724.88,45273.73,4920703.57,0.014835482652229554,42.34385879245867,24.887981617182504,37.380091477702166,0.02663567655174781,17.53265671067778,-1.101745965037392,0.46390645247514745,0.9196340937994685,-0.2093
2021-12-18,45273.73,45748.22,44349.76,45150.42,9359772.69,-0.0027273704300740218,44.25487010970411,70.98380786409803,51.48474291349027,0.027881642233728444,15.732252399101432,-1.5336945287912525,0.4447969871474585,1.729489727587644,-0.2432
2021-12-19,45150.42,45958.32,44335.2,45919.28,2684889.18,0.016885490300569173,53.005847093615515,151.93639357653547,64.34950111322304,0.027656652530882328,14.461947744186096,-1.2671427781429023,0.72127360004704,0.5280239746844653,-0.2569
2021-12-20,45919.28,48281.46,45855.36,48185.71,5081862.07,0.04817743162481374,71.69158268602038,345.7179775523309,77.26580867043752,0.02769742315719168,15.243288783227825,-0.8669507104132516,1.2172146917371822,0.9992354085340895,-0.255
2021-12-21,48185.71,50356.24,48081.75,50011.04,1804914.05,0.03718127698472142,75.6230622210638,571.1223082254161,90.37880998122007,0.028093368412820244,17.76588973012351,-0.6701961569574675,1.273773133165637,0.39401320687365954,-0.2063
2021-12-22,50011.04,50031.9,49098.56,49337.05,1878648.54,-0.013568460959322836,68.81917537135683,643.7286296176969,93.01707841091441,0.027510504638134377,20.756620062764444,-0.716520871576982,1.0430919323830727,0.41206980989252867,-0.2164
2021-12-23,49337.05,50187.57,48828.98,49257.9,3491883.39,-0.0016055592503039233,68.97690985671773,653.2520870239647,88.52942573758081,0.0272828172884758,23.467525970718984,-0.8720814046414743,0.9598816007966997,0.7477257096430192,-0.2467
2021-12-24,49257.9,49690.07,48735.22,48917.35,9552948.01,-0.006937621567656399,65.54335111075451,604.5663610603868,83.43538279949482,0.027774588887460323,26.46032050793671,-1.4068284447258306,0.8675142576581446,1.9049582055094703,-0.252
2021-12-25,48917.35,49161.24,48523.46,49067.0,3876942.18,0.003054571803720838,67.63136894145298,551.8539226395885,82.17758004420755,0.027358247760345417,28.87449668595796,-1.0246509633190752,0.8449700244915992,0.7711030496166682,-0.2778
2021-12-26,49067.0,49534.91,48078.79,48706.63,3325229.72,-0.007371550629075812,68.57403909079207,465.57482036761985,79.60994840226267,0.02815891212932269,31.12969051714691,-1.1430960138306347,0.771114952095845,0.66433574258418,-0.3106
2021-12-27,48706.63,49131.39,47741.96,48648.5,772578.0,-0.0011941847729678165,70.42203320033242,381.0067881191735,78.35773484640644,0.02956131373892876,32.63092319631011,-1.09833148274341,0.7390612571605966,0.16038217727347673,-0.3758
2021-12-28,48648.5,49301.51,47683.93,48989.0,6689372.64,0.006974807433294465,79.53597635490435,326.51566119280324,77.99443688339068,0.02891329832060835,35.5869129591213,-0.5264822518401167,0.7541978952642654,1.317682396296514,-0.3535
2021-12-29,48989.0,50168.43,48442.73,49182.53,2637060.69,0.003942696028054874,81.2638401840076,283.60919346116134,79.85262278025981,0.030294351615147777,39.21202898687054,-0.22375557264997345,0.7509515583404452,0.5168719068248494,-0.3643
2021-12-30,49182.53,49622.96,46439.17,46561.59,1484006.94,-0.054762526816519164,59.33638024117574,69.95369061365489,68.73243832415619,0.03505050284702031,39.69627645709459,-0.2669853735743895,0.44273229187529667,0.29323596103873667,-0.2977
2021-12-31,46561.59,46791.63,46191.06,46663.17,3741225.31,0.002179250237842387,57.015729646387655,-65.9383974919341,54.655225357796105,0.03303296490878196,40.42719093073388,0.43339310913400914,0.448094648863664,0.7235685355114124,-0.3552
2022-01-01,46663.17,47461.82,45388.41,45442.75,3318686.73,-0.02650191061461023,51.3288415847743,-230.1828605765487,33.27859309414793,0.034981016145110524,40.88189745123119,0.019990141290413533,0.3011974135269189,0.7175261520401887,-0.3646
2022-01-02,45442.75,46240.07,45284.87,45712.86,2002786.66,0.005926366804248697,49.017111272140255,-307.94130111464267,21.832639382228407,0.03373066134999346,40.800176073888714,0.5190163138390632,0.3247060097552889,0.4535962437584365,-0.2557
2022-01-03,45712.86,45772.25,44457.58,44475.27,2767642.73,-0.027446354392340423,30.413309345992147,-422.93178351305846,9.044632747362792,0.03288427800116364,39.65460678537512,-0.10323768948809561,0.1634973124137957,0.707571572403384,-0.2899
2022-01-04,44475.27,44762.41,42472.66,42519.1,3714984.68,-0.04497991761992259,10.99036935506146,-600.1247471260851,3.1137289375257287,0.03442281569592955,40.8906331729705,-0.9256597672427508,-0.03848467506236394,0.9242685415765775,-0.2872
2022-01-05,42519.1,44255.33,42031.1,43806.12,4600867.77,0.029820146909169943,22.929292236838194,-598.6756581437644,7.554653410745492,0.035516351857416625,42.628751779814024,0.09523704898215027,0.1262995298378709,1.1841577827985132,-0.3336
2022-01-06,43806.12,46296.8,43331.16,45653.99,7278721.99,0.04131747373453348,34.96419938162306,-448.1765154286277,22.295304457775654,0.036593140208391224,42.264586548898116,1.659052993057274,0.33319986845456906,1.8182026630572887,-0.3844
2022-01-07,45653.99,47301.75,45498.98,47163.05,4025893.66,0.0325197396464516,43.33114877692242,-232.74567810494483,43.116905799449086,0.03670645921814225,41.087011038107036,2.086113110511714,0.4943820369996409,1.0774339569485498,-0.2878
2022-01-08,47163.05,48502.89,46209.22,48061.79,9280928.88,0.018876727695009136,46.38466468519391,-26.32887511285722,60.566672360515604,0.03848101430618883,39.28522970489604,2.7689803390831367,0.587738179723625,2.2823681702699057,-0.2649
2022-01-09,48061.79,49907.39,47441.3,49250.73,2353345.69,0.024436715118253877,51.84683583783021,182.19729076266475,75.30017012122902,0.03901682559541252,36.494947270186216,2.4510253457201703,0.7180201055780677,0.5988258432611754,-0.2449
2022-01-10,49250.73,49431.7,48557.13,49012.97,9325349.45,-0.0048392328803399,51.22221454617595,289.6503527909886,82.87808572744434,0.03845576851537548,33.88915067239797,1.2575254193794232,0.7012180203292762,2.165686602316868,-0.3175
2022-01-11,49012.97,49137.14,47374.59,48360.39,1715652.35,-0.013403866732730812,47.935234533608174,300.98686932091994,84.10125516180686,0.039188816065607326,30.044085705449472,0.9953280696452506,0.631799465382483,0.3991926578571011,-0.2837
2022-01-12,48360.39,51028.79,48012.09,50274.43,3200684.96,0.03881550772127765,53.222308918618566,414.594800639303,85.06583026266348,0.0395310441965293,25.113911616438514,1.2218275338413627,0.846958308989411,0.7472569564056804,-0.2116
2022-01-13,50274.43,50530.2,49032.56,49312.89,3231439.25,-0.019311090631414323,59.00093041948333,401.8912147972575,83.44217945107775,0.03785950141172115,23.87287882362093,0.7929980409932151,0.7297037277102221,0.8145451892901892,-0.1436
2022-01-14,49312.89,49591.88,49248.45,49335.23,3045908.07,0.0004529229828586752,58.78725455708693,372.5568917254791,84.57448522889256,0.03747006521939617,23.42923426466349,1.0187704076829844,0.7294438422060232,0.7759053047528327,-0.103
2022-01-15,49335.23,50265.39,48724.41,49048.88,2580814.86,-0.005821078395266345,62.635256490050224,313.78749127647643,80.03424582671029,0.036913453914303486,24.611622538292455,0.659533637328839,0.6931243129120759,0.6637219616888975,-0.1543
2022-01-16,49048.88,49725.95,48466.54,48678.27,3000106.32,-0.007584622628539234,60.317620476204915,233.5570821444402,77.6831979466459,0.03764087871533808,25.899799578282522,0.23348926119905475,0.6501606092689425,0.7500689623654407,-0.1309
2022-01-17,48678.27,49318.12,46255.41,46908.76,3665057.11,-0.03702829088437444,58.16468747198342,54.274285411385335,68.69396478421827,0.04172254515238603,25.084504016590774,-0.28118785250364353,0.45760620134302954,0.9523195219545838,-0.091
2022-01-18,46908.76,49801.77,46627.95,49424.85,773865.85,0.05224889575596474,72.33071085047152,95.67894953114694,70.0868037610356,0.04087621336807912,22.285485011612042,-0.22114452437292367,0.7490546242484777,0.20606757382059404,-0.1762
2022-01-19,49424.85,49789.27,48417.99,48514.87,2240764.23,-0.0185829852606707,65.60696726113609,54.373882620107224,67.90854718319947,0.040387116656920026,19.744932939460575,-0.5655743234937081,0.6312658897820557,0.5907262391628549,-0.2234
2022-01-20,48514.87,50065.57,48372.89,49417.12,17180165.98,0.01842657397069426,63.306880794632534,78.92159433668655,73.45679368572237,0.037809771188600655,18.97568323127953,1.559548589162917,0.7158534346713561,3.847583534879154,-0.1679
2022-01-21,49417.12,49590.44,45739.11,46365.11,15660903.84,-0.06374968613211734,47.45599302120395,-109.07379329995649,50.01029208598652,0.043454565605156106,17.117911795069354,-0.5099347394652232,0.36128784389186197,3.0814634440398634,-0.1157
2022-01-22,46365.11,47220.17,46304.26,46949.56,27111666.13,0.012526597209750067,46.38145030848957,-188.11306609487667,35.19082557644224,0.04081751321447692,17.0342088016981,2.4408791804006444,0.42029689170991297,4.277814153443274,-0.1873
2022-01-23,46949.56,47541.92,46307.74,47263.61,3535575.07,0.0066668208532010935,43.14481742194186,-211.54493621890447,21.179289988516278,0.0386845337096622,18.90013846925825,2.321206429941605,0.4369893710874478,0.5545013047902445,-0.1382
2022-01-24,47263.61,47421.73,46617.86,46817.59,5374937.54,-0.00948166778279591,42.533645493826285,-246.91856432910555,24.030628191703997,0.038945206583365886,20.646337657285805,1.6314834722454128,0.3169323701141642,0.8321454284468175,-0.1265
2022-01-25,46817.59,47282.7,46169.51,47265.7,3137337.35,0.009525886872099387,46.224516894020525,-230.29864585317543,26.022809193197478,0.0375946586455396,21.580962957385058,1.7295906545884911,0.32456342642303104,0.49128703437376875,-0.0811
2022-01-26,47265.7,49336.23,46877.0,48780.46,2029846.97,0.031544948956741564,44.70150878763843,-113.36541493943184,37.57581681574636,0.03561095101252048,22.886834410699805,1.6791971174998463,0.6043667122758651,0.3314841076486541,-0.1088
2022-01-27,48780.46,50730.43,45519.86,46140.63,3908214.32,-0.05563591608899204,39.946159950356574,-204.56542157708054,34.750913120204984,0.04339619673902204,22.05594500170484,1.1871071742852013,0.059251239962943465,0.6388446935975451,-0.0711
2022-01-28,46140.63,46786.74,45768.46,46483.91,5098635.81,0.007412324460059679,41.14348368945351,-230.59709716604812,31.298258047912288,0.044112714024508407,21.06707693638791,1.4709229007806643,0.16485962314574495,0.8629303733301946,-0.0254
2022-01-29,46483.91,46570.25,46161.85,46272.59,8097096.33,-0.004556454062106887,41.33615274204048,-249.2856008482384,14.95389819792914,0.04256586582126549,19.732020961590724,0.7560707297099053,0.16367544182878546,1.3068894404415872,-0.0417
2022-01-30,46272.59,46643.2,42861.5,42963.67,3220454.3,-0.07419490228935327,34.93031331294243,-459.505287527797,11.41547480711548,0.05003754168512439,19.995130363712132,0.4402262220382046,-0.19789596697861128,0.5467240767926288,-0.0387
2022-01-31,42963.67,44649.1,42562.43,44143.7,4527325.07,0.02709534665405985,42.47442994671268,-491.23133829423966,11.701312976580006,0.04712063750238005,20.297424360448673,0.7373234079430347,0.05052788111008514,0.7506707125174854,-0.0692
2022-02-01,44143.7,44479.36,42232.53,42679.1,7007559.38,-0.033740882460326686,30.525687356454725,-577.0723967369721,8.63759657556845,0.047186227317006266,19.64070463785203,0.12379412604199547,-0.04375273573726445,1.1263666943400423,0.0169
2022-02-02,42679.1,43707.41,42349.35,43437.36,4618303.72,0.01761056124728129,35.21218973298818,-549.1587665644488,12.930788495436417,0.04634078656186668,18.636690869020036,0.4473650389829661,0.10217793313729032,0.734144683792136,0.01
2022-02-03,43437.36,44873.05,43066.82,44239.59,4330348.43,0.018300189241797236,34.832524503357675,-447.35147339070204,14.35044736541064,0.04568379008161438,17.66241604829418,0.7374111611660557,0.22445953170150298,0.6814135687569225,-0.0366
2022-02-04,44239.59,44712.58,44136.98,44224.41,1801405.74,-0.0003431904537209162,42.371556206387275,-355.71156242610505,20.41198413723343,0.04040871158193008,17.882656447052938,0.5176539414802872,0.248598838450791,0.28521404043299947,-0.0706
2022-02-05,44224.41,44647.88,43919.17,44083.22,718634.57,-0.003197687907784945,39.45250806198488,-282.47921042965527,22.945394352303193,0.04023481043352999,17.12837291565785,0.3845961699191475,0.2571367023124672,0.115873200749394,-0.0607
2022-02-06,44083.22,44526.71,43737.21,44097.71,6920898.15,0.00032864248835705784,38.08756929029379,-214.04435951977894,22.388864699879928,0.039501306141673756,15.355685160148871,0.9348430178553312,0.27964702895873383,1.0873884831172147,-0.02
2022-02-07,44097.71,44509.82,42799.19,43293.61,6347552.56,-0.01840280460644528,37.08814843545927,-203.95660834828118,18.737766585448096,0.04173100174102591,14.220347656910812,0.22874746539519533,0.21015325759968556,0.9554701586019877,-0.0858
2022-02-08,43293.61,44331.66,42705.36,43032.54,1212983.13,-0.006048475367338917,34.27417257673913,-195.84874115775062,14.616434648543041,0.04283587323850743,13.276907971614389,-0.05611682386993051,0.20689719897217812,0.18400858035175327,0.0109
2022-02-09,43032.54,44018.14,42371.09,43325.81,291965.31,0.006791957636863491,27.713872706883677,-153.58379202759738,11.588627778614027,0.041206928882071905,14.660172214105575,-0.07626538333675913,0.25851663753878695,0.050797935645212795,0.0258
2022-02-10,43325.81,45789.84,43220.77,45143.05,2205999.06,0.04108780534441023,45.63046749973386,5.480809513792224,28.729281367976228,0.0353685672545308,16.7108570660449,0.1077523160504214,0.5153957291102702,0.43469358386067486,0.0478
2022-02-11,45143.05,45391.96,43880.9,44139.16,7634346.7,-0.02248896638481309,40.29152544010447,49.364323347207346,40.00043626030942,0.03697042651985679,18.761541917972647,-1.7501874691291543,0.392946760430413,1.8615949114512287,0.0406
2022-02-12,44139.16,44850.18,44125.42,44574.05,793921.03,0.009804480837692834,43.09500656895699,110.46118359381558,53.407879597268185,0.03711667919530183,20.319541148113764,-1.3974101222814588,0.4725638862182886,0.20028844791303577,0.0395
2022-02-13,44574.05,44857.56,44062.97,44144.59,1693087.01,-0.009681468391872639,56.26821940701307,123.73167642016472,50.02182139623799,0.03264444667592084,18.74300218672257,-1.6050261752504247,0.4251117132510428,0.44793082042694715,0.0301
2022-02-14,44144.59,44163.08,43967.56,44158.06,3701144.1,0.0003050871090386676,50.08699508235308,134.31461585165584,53.65553778493029,0.02957542907066743,18.312585594982046,-0.6518112625363102,0.44744421086978853,0.9719426536418034,0.0795
2022-02-15,44158.06,44513.57,43073.84,43234.48,1113816.83,-0.021137144797055408,53.600602671115325,82.55180165040815,44.53528196202334,0.02887379636411224,16.545575573116583,-0.8385802770198068,0.28107208164625397,0.29605587048047943,0.0751
2022-02-16,43234.48,43696.98,42606.36,42743.67,3816605.33,-0.011417210803502628,45.34115437793435,21.855587280449868,30.251272005556913,0.02875842702054895,15.028820923752265,-1.5827144244209206,0.19159631822175105,1.0157018142385834,0.1097
2022-02-17,42743.67,42948.03,42558.83,42612.69,4042160.48,-0.003069018004211113,37.99091180117596,-18.344416726363193,14.563968125970879,0.02647155778511099,15.971558924014444,-2.251800106389927,0.16414305940279467,1.0910661592805977,0.0825
2022-02-18,42612.69,42682.36,39400.47,40094.97,6858314.86,-0.060901206203907085,27.74165171753357,-195.86480282149626,9.611553985671803,0.03295502439047554,19.623632386443397,-2.767644570262667,-0.3032600264273794,1.882682861477434,0.0882
2022-02-19,40094.97,41363.16,39998.29,41318.4,1994449.21,0.030057031297532157,36.65421300537423,-210.95116359760902,15.984680045801737,0.0330789845271207,23.36578198322443,-2.0242361854452353,0.047131972027446845,0.5568690101118158,0.0436
2022-02-20,41318.4,42554.6,41248.84,41945.04,2280370.73,0.0150522685942827,40.188869290452494,-161.04111542972407,26.904060963714898,0.03346394302094109,25.708607547380865,-1.4745066310052417,0.21273044525296753,0.6573201669547243,0.1022
2022-02-21,41945.04,43281.13,40805.65,42554.27,2104462.23,0.014420012583288074,46.5694044360523,-73.75296477256825,39.734225231324736,0.0342686778889223,26.128532064180934,-1.0843012370903506,0.3412639350482282,0.6527410441166805,0.0554
2022-02-22,42554.27,42629.48,41821.88,42049.82,10448552.68,-0.011925096719360961,45.54081745571984,-38.51709061863403,43.55004223153423,0.033289084233884186,26.711320012762336,-2.117879251087951,0.25756170688075636,2.97209540023878,0.0364
2022-02-23,42049.82,42672.59,41483.86,42361.08,7506571.76,0.007374910367419183,45.629583991520576,14.390797089009766,45.720522263208444,0.03227167147633003,25.119097690489234,-1.068055548252633,0.3383659020529971,2.0429591885183003,0.0188
2022-02-24,42361.08,43568.27,41597.27,43033.0,6288994.3,0.015737247062199373,39.33427216417078,98.58532072349578,49.47653844566679,0.030775069630940535,24.876924850126645,-0.22792585134552348,0.4867242728071776,1.6130831699358268,0.0002
2022-02-25,43033.0,43462.84,41609.31,42154.21,1262330.89,-0.020632702385012316,39.838101780698395,98.78870023391642,52.47544794204271,0.031996939671871324,24.634752009768217,-0.3301430403442213,0.3234754860229617,0.3215370814202747,0.0363
2022-02-26,42154.21,42470.38,41115.42,41274.78,5296463.78,-0.021082901147071127,33.84479937120443,46.07139356065659,48.47872599836609,0.03376928962430963,24.6936789592643,-0.9549988560403506,0.17750967285785121,1.377599668223558,0.0187
2022-02-27,41274.78,41294.5,40648.91,41130.24,5912973.99,-0.0035080423068906946,34.81626999069394,9.741911296315266,39.54606071100273,0.033629201844112916,26.620094824014696,-1.602886375956277,0.18395435905015473,1.5466941198782562,0.0874
2022-02-28,41130.24,41604.55,39708.37,40924.49,2805739.76,-0.0050149560229817815,34.021542654440594,-18.340031610233495,32.66089109826117,0.036766563423087,28.6437825635042,-1.7513401291863295,0.17959588868732573,0.7189386698329506,0.0421
2022-03-01,40924.49,41722.84,40794.43,41713.13,3328301.64,0.019087285990566284,42.3807468049135,23.720972587163033,39.15427454187905,0.035195872378784514,30.902038871922795,-1.1940576457961938,0.3420409002349808,0.8209048814609669,0.0485
2022-03-02,41713.13,42271.45,40194.0,40542.38,5806848.65,-0.02846810059964077,39.678417934253,-17.556447410410556,37.01034984093018,0.037950851852863024,32.98017589274355,-1.8151084589211148,0.14877299491345783,1.3713274183134772,0.0073
2022-03-03,40542.38,40898.42,40256.78,40573.47,2462696.46,0.0007665579913767091,40.347929311709905,-32.16631081825483,36.456403381900316,0.03836618572958885,33.248340444974005,-1.3239943393779292,0.18577129738221526,0.6194075497182857,0.028
2022-03-04,40573.47,41429.43,39978.37,40683.48,1010524.22,0.002707708502798164,53.60786568699032,-24.1857896531817,26.93510131526882,0.035048027216092695,29.875427622575852,-1.0796179629905325,0.22522685589523803,0.25347255565426563,0.0258
2022-03-05,40683.48,40826.2,40567.86,40743.92,2734442.67,0.0014845128568439765,45.892428648547664,-5.572722481477626,26.745110517052865,0.03305616781945688,26.585451149113688,-0.625408554540975,0.25569155045188074,0.6770453203523279,0.0167
2022-03-06,40743.92,41144.39,39160.46,39208.49,878041.34,-0.038413321122436596,32.68385530705605,-83.10310299214416,17.726881193773178,0.03558613380490333,26.282373665397866,-0.6820176173869024,-0.046276377166948206,0.2252755248153335,0.0753
2022-03-07,39208.49,40751.83,39102.85,40741.89,1192864.59,0.038363496496518955,39.732605172779834,-20.79509320746945,21.54108065417004,0.03279776311659887,28.469915946280185,-0.4170776813222455,0.3313130537484368,0.30573842264212153,0.0388
2022-03-08,40741.89,40892.43,39796.36,40398.54,5107153.94,-0.008463155774945424,40.47133228630021,6.1722173165396725,22.270303437359036,0.033586556770183275,30.474632131313665,-1.2412455073371376,0.2690960050265072,1.2876975661511576,0.0662
2022-03-09,40398.54,40881.87,39858.2,40644.31,11575861.11,0.006065205096367488,40.017978185970414,47.15718560452797,33.413728906351324,0.03309338643324307,32.23634780382448,0.9884157265263082,0.35080427440684364,2.6655306713780025,0.0245
2022-03-10,40644.31,41247.5,39768.52,39878.65,4747300.5,-0.019017757830598194,31.85705822416068,30.1250699696958,27.10987852046002,0.03284749035958445,34.11649227148928,0.0681661705312506,0.15512522141165092,1.120373735757399,0.0289
2022-03-11,39878.65,40029.94,39747.09,39818.76,1675941.54,-0.0015029349453981665,35.17014534839649,22.593753220023245,24.52425127204677,0.030079343074893395,36.01006526016954,-0.22326918074356755,0.17525486542808438,0.39701818622695073,-0.0323
2022-03-12,39818.76,39908.88,37313.66,38262.22,3286848.88,-0.03987517164582063,32.3852859105519,-74.15204506711666,19.395179683202446,0.0336183353411487,38.481412845254845,-0.7776787895046742,-0.07302746650949067,0.7694572712854506,-0.0639
2022-03-13,38262.22,38345.48,37315.37,37943.74,557105.81,-0.008358450026220831,31.739673588634815,-142.5650730229338,17.700269564365637,0.034624363785502196,40.56730516796954,-0.8028638362979933,-0.03950462454949864,0.1328252013565806,-0.0648
2022-03-14,37943.74,38068.0,36434.86,36627.96,5234817.9,-0.03529265316438642,28.15745030833625,-252.9537669454253,11.716681835053478,0.03535521185766098,42.22790706592083,-1.6684341172979926,-0.12213825767301285,1.330798665088983,0.0292
2022-03-15,36627.96,38001.67,36003.05,37062.68,3804765.56,0.011798650223025488,25.47569903277433,-271.5758840329854,10.973880265610243,0.037003067698895144,44.80680904110041,-0.8616286223645181,0.02454304818915353,1.0150099160581028,0.0328
2022-03-16,37062.68,37476.21,36766.35,37467.27,4829714.08,0.010857218457476513,32.35767600046698,-233.00813626207378,15.732039601272968,0.0339962814782747,47.109004738383454,0.19027413117290867,0.11973836323717728,1.314015953787197,0.1139
2022-03-17,37467.27,37811.26,36680.77,37296.03,1520957.91,-0.004580865195790575,31.494472236467487,-196.83372689888688,22.571783876622366,0.035088606328484935,48.83121128733618,-0.019853714659291727,0.132583443554001,0.4123548911703075,0.1192
2022-03-18,37296.03,38880.8,37148.42,38706.78,3267164.77,0.03712789182066228,40.26835262507454,-62.648208135310824,34.12171901524305,0.034328869515874424,51.445788580519526,0.9934255478841698,0.37031766879505323,0.9108340661321246,0.0939
2022-03-19,38706.78,39758.55,38483.41,39315.75,2244439.27,0.015610423460264151,43.329157546163366,74.90961002810423,46.1825378400095,0.035644457283104516,52.91522339527272,1.4872224342321654,0.48156596168710475,0.6594355232552956,0.1662
2022-03-20,39315.75,39348.48,37867.09,38895.23,2682821.08,-0.01075358095208235,48.36667827568745,141.49973111384497,56.62246120491193,0.035106949030575416,52.38337432942675,0.6736844853229249,0.4272074557088872,0.7896617765079997,0.1797
2022-03-21,38895.23,39255.46,38193.69,38280.02,1944473.04,-0.01594353194706955,35.80477127810937,147.3707428834707,53.91000645116153,0.03457545961872385,50.60219564369803,0.14002055083648987,0.3421228099816542,0.5842347689024203,0.1386
2022-03-22,38280.02,39959.96,37380.28,39660.1,7319195.33,0.035417555469987844,46.196823303344836,241.87528382570258,56.09866938689576,0.036044322343389695,49.80017799473922,1.8857029925317226,0.6016338187060924,2.1502655385149105,0.1552
2022-03-23,39660.1,41458.8,39215.97,40458.79,1240546.36,0.019938280691680015,49.0960051137816,349.3252852738459,64.93969922353112,0.037485161709332186,47.72049384395094,1.8823392683394593,0.751553625545708,0.3711156182697458,0.1328
2022-03-24,40458.79,40968.69,40252.7,40485.38,5660681.03,0.0006569960741198428,53.18592109814103,409.18674272323983,77.85341653699187,0.03611439487537576,44.92690668543683,2.4949782545186614,0.7605705125347345,1.5832935339898,0.0267
2022-03-25,40485.38,42077.66,39706.71,41079.36,11920498.75,0.014564884295202127,56.26781249983814,471.35947113852365,82.46482035158697,0.039222982052291196,41.19603204050636,3.118274850896098,0.8622899944571786,2.9545972336840385,0.0722
2022-03-26,41079.36,41739.58,40107.74,40199.58,6833312.38,-0.02164925777244338,60.32776153557635,436.59541845050455,78.26901601897471,0.03836960841025605,38.39417807389872,1.871384688028069,0.6881893806022026,1.5772859221137783,0.1233
2022-03-27,40199.58,42372.73,40193.81,41654.74,1200303.79,0.03555861985050018,67.64444097794515,490.9109851128379,80.4590488119557,0.03899916312044229,36.14981648682071,1.7378137362500259,0.9226556658986955,0.27703398185871586,0.209
2022-03-28,41654.74,42745.62,40380.2,42535.34,3833000.66,0.020920092153382922,79.29992222791046,560.4266573090806,84.89747704551665,0.03942147198741853,35.2396283266672,1.8523715057896317,1.0001853094913467,0.8978711395204084,0.2197
2022-03-29,42535.34,43566.7,42004.81,42948.63,5633113.6,0.009669490553143338,79.25582412447044,604.7253765799642,92.21115796823472,0.03831579061509841,34.88952206923629,2.031547043150992,0.9933564802308146,1.4182593605385239,0.1963
2022-03-30,42948.63,43110.21,40919.04,41163.31,3062621.67,-0.042457424752286976,66.1537668105518,489.20794092370994,84.33418600409749,0.04254804998500239,33.36081666640909,1.5435087292365481,0.7290077802656892,0.7877891066612416,0.2282
2022-03-31,41163.31,41487.05,40692.62,40708.8,1369838.28,-0.011103040320534356,64.55531434782102,363.3906317044032,70.53124811052317,0.042433436645488536,32.036087834336726,1.278470897315474,0.6589201224370518,0.3537521333763883,0.2593
2022-04-01,40708.8,41927.52,40390.57,41369.94,4733015.27,0.016110244852536686,62.134129893574304,308.08304841214647,61.68673118281682,0.04141787491109698,31.246702798490123,1.4731513477042526,0.7253749301075005,1.1998661664520074,0.3282
2022-04-02,41369.94,41963.49,40228.86,40708.77,2254585.25,-0.01611098179420681,56.31695513458281,214.77999160935826,57.92209104758183,0.04289679384283257,30.88106404332612,1.172028820615691,0.6201603499334611,0.559520784054788,0.3096
2022-04-03,40708.77,41605.15,40418.99,41480.84,10199975.63,0.018788085527785197,61.362731474012406,193.52970996202868,61.52567505375507,0.04158999328708008,31.82928636873446,1.755537009054572,0.7074582019965506,2.384424710014489,0.2858
2022-04-04,41480.84,42527.97,41071.91,42483.76,1682252.92,0.023890251378237345,67.86499281705517,232.84590110256636,67.52709967951171,0.041271098145997845,33.342434034496314,1.6807097519924301,0.829980555838558,0.40326076691820617,0.2358
2022-04-05,42483.76,43655.6,42149.13,42927.01,982185.78,0.010379346288538694,65.08481807595055,271.81542949512675,77.45569262990487,0.039059174431859627,35.65774353851007,1.5608951682579941,0.8678771231702641,0.2468269127703419,0.2508
2022-04-06,42927.01,43127.82,41768.24,41895.95,16135526.14,-0.024312068001178907,56.49661327639585,213.8182870313608,73.84106943920658,0.038514564909350485,38.35904797310731,0.31362416897618106,0.689489912908677,3.4258180572431742,0.1609
2022-04-07,41895.95,42663.3,41607.69,42562.93,6649979.57,0.01579452310359251,58.87748552859462,205.9622306169298,70.45267233662489,0.03848097058032597,40.50708930931322,0.747010837130595,0.7847339470375359,1.3629469864728336,0.1917
2022-04-08,42562.93,44648.39,42293.64,44518.2,5569074.29,0.044914407674418975,63.16300376888663,311.6916915369252,74.9672862135249,0.036764867274178825,43.986426487903785,1.0923306766872534,1.0429110712801584,1.1038033525412612,0.2115
2022-04-09,44518.2,45824.67,44205.45,45471.49,1355765.25,0.021187441835487934,70.06660307491612,418.41740994813995,87.73008690360075,0.035974283792194334,46.0866480973144,1.1228025923708698,1.0853797974568973,0.2722968465459879,0.2301
2022-04-10,45471.49,46632.58,44522.49,46368.03,3254415.3,0.01952467697737219,68.73712473318248,515.5975144030593,95.57645852288852,0.03517267947640877,47.84850942496563,1.3693738723039923,1.1142874285232258,0.6451420233894638,0.2255
2022-04-11,46368.03,46590.87,44735.4,45125.06,6448007.26,-0.027172466843942,60.00681618942509,463.9865903569089,88.68508986689591,0.03533430996307826,48.179614515261456,0.669734321322966,0.8914326585662338,1.2893603521868933,0.2909
2022-04-12,45125.06,45964.44,44862.26,45059.4,6664506.94,-0.0014561269558325248,58.38129310656455,395.8975166239434,82.58694425518927,0.03465706220169559,47.289736125446616,-0.2047248409761858,0.841854672027231,1.264100688501067,0.32
2022-04-13,45059.4,45650.24,45055.53,45622.58,1927516.78,0.012421150063818989,69.60978926054196,360.2783688519121,78.70664759429614,0.03172976125918908,49.38490726693057,-0.0679648363443281,0.8720661426062639,0.37902395844849796,0.2736
2022-04-14,45622.58,46378.47,45331.03,46102.9,583806.96,0.010473085348533279,73.66701123654869,340.7688773058935,83.7966057227927,0.03179118264329135,52.40507027402253,-0.017503058802877315,0.8837894267634603,0.12919970078803675,0.2305
2022-04-15,46102.9,46589.55,45189.88,45576.56,2389010.66,-0.011482305477276774,68.67779295218236,267.35995531065487,86.48858267785,0.031943174298360424,55.70503063652255,-0.48772528868648946,0.7900765649545571,0.5560461556748644,0.175
2022-04-16,45576.56,46671.83,44810.34,46282.45,8619651.29,0.015369290287382032,74.64977966851782,242.04480397534257,89.67019339104836,0.03165176926828882,59.367722404201004,0.8567206980001059,0.8393990645790496,1.8467809030780042,0.1938
2022-04-17,46282.45,46363.01,44892.0,45881.36,4533125.65,-0.008703905191065077,70.12170363045763,177.00441186104695,87.72209500988846,0.03237192308908313,62.26001526208542,-0.02544226533103052,0.762408242675846,0.9640028240016998,0.1341
2022-04-18,45881.36,46733.92,43777.32,44380.06,1976008.16,-0.03326866490373351,58.2929973735858,19.85827249328804,77.91301899799457,0.03588208951754298,62.69855455953818,-0.40710610300061134,0.5721806300541941,0.4372141081876224,0.1816
2022-04-19,44380.06,45321.31,43195.1,43802.62,8785817.19,-0.013096636518864198,53.78484058053762,-127.86677869608798,60.92797784674374,0.037365719871803475,60.2363606309658,-1.8831389685846402,0.4855461889939986,1.8282063565423892,0.2386
2022-04-20,43802.62,43888.27,42963.71,43228.78,7991739.89,-0.013187155806420775,55.99827544391193,-261.42170520146124,42.84103522463321,0.037142930506671744,59.095069964100375,-2.623575298392278,0.3887314596453213,1.555782300425918,0.1827
2022-04-21,43228.78,43940.19,42635.82,42855.73,4025760.54,-0.008667118747782825,51.353527769768135,-365.6841204750965,29.033315783665177,0.03788086547252294,57.97261590910619,-2.48565558485484,0.3190279501219,0.7891426800921325,0.1643
2022-04-22,42855.73,43039.18,41821.74,41847.09,3355923.65,-0.0238170979231078,36.467924068969154,-485.8493499698177,14.932795097695772,0.03685263931817834,54.88064962230467,-2.3167803695811107,0.1454292071535573,0.650813929573601,0.1569
2022-04-23,41847.09,42327.83,41159.43,41619.96,7483412.54,-0.005442400579079951,28.938172821672126,-558.701404039924,7.145444693270076,0.03628005134348818,53.65299033416155,-2.4061152533964822,0.10693451611238292,1.490519407594364,0.1933
2022-04-24,41619.96,42413.17,40310.61,40647.09,3057932.6,-0.023652613173119855,18.97443740128155,-644.3974424076569,4.671956130980019,0.03713516585248928,54.356183684082346,-2.1855396957520035,0.01514506912405587,0.6008365540162869,0.2641
2022-04-25,40647.09,41174.14,39585.14,39691.39,3455492.22,-0.023792959117788833,19.58466042320508,-731.0870519593751,4.995357276370775,0.037549777348248145,55.427820325286184,-2.0517678927291825,-0.024985175543382594,0.6628448615403669,0.1666
2022-04-26,39691.39,40164.69,39552.58,39884.0,12469069.21,0.004840953368834164,21.436298209263185,-738.9062432864868,3.7799014718646213,0.03649076966057801,56.8093759871807,-1.115366512110684,0.045419466734163215,2.47903837786132,0.1424
2022-04-27,39884.0,40314.81,38139.26,38546.43,1304576.95,-0.03411175224939233,14.021247148661601,-792.8494855410522,3.6129200840247164,0.040686387818524156,56.943934600746566,-1.083671407583911,-0.016597088875002674,0.27392515478724155,0.122
2022-04-28,38546.43,40685.07,38086.54,40099.73,7378856.02,0.03950611240561931,22.47961587132147,-686.5789612945449,10.877805686909895,0.04187327802099228,57.14016178130232,-0.5505474249095367,0.17845542044809898,1.5204669248334672,0.0458
2022-04-29,40099.73,40856.67,39898.81,40678.98,1131237.02,0.014341895996921457,27.65637317842568,-546.0571716544862,19.33262867912505,0.040501243780298346,57.442450910826956,-0.40919206947279746,0.2600400589150441,0.2336400875072329,0.0193
2022-04-30,40678.98,42040.9,40656.2,41917.03,960408.5,0.029980691146524754,31.006435870640317,-348.146085163915,32.51898262822669,0.03849253769034859,56.20386378307415,-0.268932565216988,0.3970295166541386,0.20317106088144263,0.0397
2022-05-01,41917.03,42576.28,41314.75,42542.47,2502343.41,0.014810682819810501,35.75095658187473,-162.94116908982545,41.93509093693666,0.03757492218951143,54.28953524723026,-0.022956783219507466,0.4722123092919273,0.5524168818364609,0.0238
2022-05-02,42542.47,42555.19,41362.27,41454.01,3914688.58,-0.025918251120102296,37.056713274809,-104.41470034370894,47.457142569497506,0.035522567229141454,53.80257098648734,-0.2586223831495446,0.37692427530476275,0.8912578246587037,-0.0546
2022-05-03,41454.01,41883.76,41103.11,41329.65,904138.94,-0.0030044599030173056,38.60410846869206,-66.59129050587552,51.15936643266366,0.033303970117605546,54.50738688193349,-0.26264883317019655,0.38183928535357425,0.20827175753159177,0.0918
2022-05-04,41329.65,43515.79,40964.1,42806.41,2186079.21,0.035107697666119694,48.203168671080086,58.60459036206328,60.86002668778784,0.03487012809529349,53.09155863660958,-0.019374165986484688,0.5646407272631084,0.4944467016881459,0.1005
2022-05-05,42806.41,43265.68,42382.12,43137.8,1881476.05,0.007711785176849362,51.20424060672102,158.77245911137572,76.35744554284616,0.0339054644153574,51.6516884111443,0.20380027479925644,0.6255242263647505,0.4280082952389319,0.1011
2022-05-06,43137.8,43174.52,41858.56,42241.59,5641393.42,-0.0209943621708632,51.700562974089536,159.2978508852678,83.39998501625725,0.03479140547772795,51.55038069261218,-0.19364431830560594,0.5445399734537987,1.3283324636798206,0.0411
2022-05-07,42241.59,42371.65,41356.51,41624.0,4768783.59,-0.014728356747014143,50.01684799050154,114.75953204964708,78.24143911821169,0.03504461711649031,49.025910437209326,-0.6147719966625065,0.48437475351206943,1.1197595259208764,0.0521
2022-05-08,41624.0,42675.45,40973.52,42417.16,6552287.95,0.018876073355214806,57.49404099052496,134.08013374633703,73.81700971575478,0.0337146738321325,44.20756090538834,0.32062434173113474,0.6470131898012161,1.4600968171806494,0.0413
2022-05-09,42417.16,42437.5,41251.97,41611.39,2764993.78,-0.01917906947492954,58.23333264652307,90.06787885867729,69.94784423863955,0.03367494881980852,39.884917671881546,0.027607704235327116,0.5203546664473683,0.6604500566873843,-0.0552
2022-05-10,41611.39,44564.95,40881.01,44124.18,4168450.23,0.05863400364309142,65.16505604329559,220.2444750772468,79.29475490986636,0.03672992579448479,37.064481612042876,0.7036523680501586,0.9812924911196035,1.0433214487156015,-0.106
2022-05-11,44124.18,44936.74,43134.95,43879.25,5690649.22,-0.005566388319700567,70.68995752383348,276.28196671715,80.894098955049,0.03632652596125393,35.77115424079408,-0.17863005646493202,0.9045485578740763,1.3952424237807104,-0.0609
2022-05-12,43879.25,46943.32,43455.38,45793.63,2106112.29,0.04270345528609517,71.48878291419214,420.08534318083565,87.14619876191212,0.036195208809601656,34.39079692068235,0.13883662739430708,1.090588513421885,0.5244148006167434,0.0393
2022-05-13,45793.63,45819.85,45345.9,45360.41,703808.43,-0.00950530029842129,67.86463051663375,460.58445827629777,81.02174776240442,0.03577888736013723,32.89822112093832,-0.04936332866589672,0.9516202078739037,0.1914011009039172,0.0557
2022-05-14,45360.41,45636.84,43805.06,44600.75,1196360.37,-0.016889023151226056,60.629334954952256,412.32902982365,73.28702061654054,0.03710429276893134,31.167928165173436,-0.3967551374771918,0.8134857954458734,0.3338002935332605,0.1081
2022-05-15,44600.75,44754.91,43874.04,44306.69,4291045.79,-0.006614993577420234,57.175861524118744,339.7473252430415,64.22975443331117,0.03673687395095229,29.8476741319517,-1.83394308524385,0.7503531227019442,1.1834632025865677,0.0949
2022-05-16,44306.69,45558.02,43973.62,45373.44,1372136.51,0.023791230378008114,65.97025677475844,341.79259717508,63.99018415961794,0.036489456008995065,29.42120450737917,-1.4281142935466198,0.8532522741100321,0.4468057282322881,0.0858
2022-05-17,45373.44,49417.7,44620.59,48673.68,1134875.64,0.07021152041776434,73.77184174632154,532.2624951797412,73.96551246009598,0.039909498169374974,30.620954380545562,-1.18196214796818,1.1593862587115233,0.3705708815864208,0.1361
2022-05-18,48673.68,49667.0,48522.54,49337.17,2956854.5,0.013539320095846344,72.31420207069982,661.3641926617424,87.21155325523488,0.037335455484887765,33.40992834132728,-0.3406268987748002,1.101737968786503,1.0406307023817871,0.2124
2022-05-19,49337.17,50774.8,49200.72,49453.96,1654277.4,0.0023643834098806184,71.90215159885356,708.8372670589018,91.39340226173096,0.03824463342123034,36.713874923555025,0.14372684712605183,1.0187925872393937,0.5768940994747686,0.2669
2022-05-20,49453.96,53197.25,49270.28,52966.66,6834140.03,0.06862052325702306,81.47853339394743,917.7619441306454,93.6745064458808,0.03922938100521899,41.11403825288031,1.845144463684811,1.150084216583199,2.1618509586290378,0.2002
2022-05-21,52966.66,53887.31,51686.28,53505.65,1322837.03,0.01012459679329084,85.03479108471257,1025.0621909316806,93.94771334755121,0.04041733376354291,46.13238465724264,2.04014331531278,1.0589524812079094,0.4264094567455496,0.1868
2022-05-22,53505.65,53852.26,51804.67,52365.67,2341041.68,-0.021536031853572418,78.74668785604133,953.5570902870247,94.49802633245524,0.041768695297611895,51.77484435567195,1.3595805928587856,0.9210486320817467,0.7742597121403295,0.1914
2022-05-23,52365.67,54124.88,51614.4,53558.37,3415885.41,0.022520863251852936,83.76631084776125,920.4215159716496,93.69626544777373,0.0426055722009384,56.69816683691124,1.8545793155256223,0.93355332323997,1.0846923502412702,0.1688
2022-05-24,53558.37,53692.02,51839.72,52024.26,22779536.96,-0.029061938953065327,73.63595021479722,736.9557682861005,88.3030589791894,0.041347124811158445,59.881920445491446,-2.317361035176686,0.8063912253123602,5.451153212438225,0.1798
2022-05-25,52024.26,52359.19,49819.06,50405.93,17378671.18,-0.03160132136149839,68.04405763712575,461.82916305453,80.58417757470237,0.04372089043604008,59.43971163754208,-3.2952417047740896,0.6906920272724332,3.5082153491659445,0.2118
2022-05-26,50405.93,51504.33,47994.96,48213.74,1632079.97,-0.04446478421153848,56.58956141067261,105.99889271097027,62.91685714072492,0.045740547344852306,56.694965040663625,-2.607370873504998,0.545100827277196,0.34336147343299656,0.2514
2022-05-27,48213.74,48215.63,45114.65,45286.48,6847650.18,-0.0626355094783276,49.82277145803137,-328.91370374223015,40.73990341852913,0.05284066805683127,52.513822949524986,-2.4916288137240263,0.3464191728551734,1.4097981781978632,0.3231
2022-05-28,45286.48,45879.7,45151.78,45390.46,1597136.57,0.0022934176114863406,51.95457580736183,-596.3984170227518,23.956245685420217,0.05098253497067895,51.19625074783418,-1.9855698475503674,0.3368545595569497,0.3464935045247004,0.2905
2022-05-29,45390.46,45731.42,43921.83,44361.16,2709578.22,-0.02293763898318697,50.1300818984832,-815.8845554999336,11.151364604202262,0.05366085686538224,49.554232096283485,-1.8420615104346862,0.24474013238563244,0.5881876129223903,0.2077
2022-05-30,44361.16,44511.61,42895.56,42919.94,26605658.4,-0.03302779201282289,44.24365875694964,-1018.2084972559985,6.4387028932434225,0.0555154217696487,47.08166166142773,-2.5869526967967853,0.15420725262932156,4.644423570703085,0.2153
2022-05-31,42919.94,44874.01,42782.34,44368.71,13348257.2,0.03319797145787828,38.9388180046233,-1012.4162378588821,6.169666766375652,0.04934722819623027,44.968963154028394,-1.688161464843983,0.2514444462156987,2.1841580230147493,0.2987
2022-06-01,44368.71,44799.4,43754.84,44772.51,7859042.89,0.00905984374039494,38.11293887718746,-940.864458031354,10.583066967875629,0.04874279201359621,43.36298707178732,-1.2051084995959687,0.28568716177912196,1.2281589619231894,0.2599
2022-06-02,44772.51,44874.92,43062.9,43454.68,3107037.76,-0.02987577908751838,35.29671842165145,-939.5727314451639,12.486562386661959,0.05061210569591932,42.50078884862927,-1.2020940504814936,0.20846002617822362,0.4765976330039831,0.2813
2022-06-03,43454.68,43475.92,42985.55,43014.04,6444545.72,-0.010191981894453674,21.28350577912414,-924.2646666741396,8.505472907001602,0.045423806472746436,43.04581378200338,-1.3130436903704856,0.19133644617010595,0.950296683129693,0.302
2022-06-04,43014.04,43121.83,41804.26,42407.89,2205529.21,-0.014192144196224114,18.103029041728817,-909.4297821247175,4.28989879696116,0.04458503223944169,44.02757618889818,-1.2558013345604864,0.16736613103520437,0.3303006384015155,0.2965
2022-06-05,42407.89,43394.57,41793.06,43061.15,1983797.88,0.015286768668245548,22.48736512033159,-813.2237685119451,5.741724166067929,0.04316870974681015,44.38242736517054,-1.0645984690433545,0.22393851308786442,0.2957395705012155,0.282
2022-06-06,43061.15,44200.68,41992.29,42449.18,9064715.64,-0.014313602772730853,15.982854843541077,-749.9497071548116,6.898838506289007,0.04328273075171289,44.14296391720747,-1.264627345895155,0.2152262845546492,1.2759273366703532,0.2217
2022-06-07,42449.18,42551.42,41304.12,41307.34,5277882.38,-0.027267387580541296,16.376264860359086,-742.7394647705728,5.275431609495569,0.043433010764108965,44.21863255836883,-1.3121337590368731,0.18310994870243041,0.7309615540692711,0.0965
2022-06-08,41307.34,41347.69,40375.84,40597.03,10476632.49,-0.017345296924359883,17.36571531977657,-741.8148208538298,2.5102744832866275,0.04143362563361726,45.89640042355757,-1.514105104317568,0.17958243301474655,1.3674240308808026,0.0361
2022-06-09,40597.03,41412.08,39916.31,41370.85,4537152.8,0.018881615329292386,24.86107794524817,-648.4738842141089,6.514247426602932,0.03718206349224635,49.15656231601497,-1.243861901299351,0.24636554505388966,0.6012075042700203,0.0148
2022-06-10,41370.85,43121.51,41152.57,42766.07,2227533.83,0.033168504628565756,39.566206964041605,-460.9669923827752,22.433733093385616,0.03407826745427465,51.06769023229383,-1.0872439294006515,0.3453971605313776,0.293406628762132,0.0689
2022-06-11,42766.07,43345.11,42609.51,43244.78,12736289.27,0.011131501271810479,41.38477648425629,-281.7070152911358,40.85063208160553,0.033713713952454066,52.032208913754815,-0.5085388604280521,0.39505409566019206,1.570107507777619,0.0603
2022-06-12,43244.78,43937.6,42715.85,43453.07,4494395.08,0.004804972689534657,46.096529952169725,-133.6286541795323,58.783838553372505,0.032585812036485494,52.29567999609075,-0.1997610692534762,0.4325035069083539,0.5504021942758789,0.0314
2022-06-13,43453.07,43900.64,42893.24,43235.84,1367224.83,-0.0050117242144854975,51.51760595789206,-39.70796382779781,65.1695668494486,0.03174400153734159,52.19499220384311,-0.17876888253944762,0.4379110565499429,0.1927014814851849,-0.0148
2022-06-14,43235.84,43973.84,42851.6,42859.73,6728223.77,-0.008737090481694671,41.917777696212795,5.295421969578911,65.87672755053158,0.030406947767246027,50.5527338430379,-0.5732084449880109,0.4158483056879127,1.0252503018408943,0.0188
2022-06-15,42859.73,44734.42,42322.02,44457.97,1931354.94,0.036611558028742004,48.50640383918974,143.26557233046378,72.6319808708369,0.03151147991172592,48.77011175778017,-0.3475665969656817,0.7372383292052156,0.2936313552512452,0.0858
2022-06-16,44457.97,44940.29,43197.48,43288.13,5089046.16,-0.026665784996629624,49.19786199210646,155.29393630806635,72.68856419480225,0.032248860302871364,46.78854611508238,-0.6951323962072586,0.531290428843699,0.7841907044552979,0.1347
2022-06-17,43288.13,43606.0,41854.53,42348.32,4735344.48,-0.021949712587949526,46.94084993690061,102.0799126772506,69.03798246242111,0.03509162650539805,41.38865986948618,-1.049636985933425,0.3518281430089223,0.7124609115213492,0.1583
2022-06-18,42348.32,43920.37,42056.91,43256.09,5392419.6,0.02120928182402799,53.79256010706706,128.43837004590011,60.66644373572211,0.035256621008237676,36.342694318839406,-0.45268620662318143,0.5786980020344867,0.7952712513256587,0.0766
2022-06-19,43256.09,44036.4,42966.62,43894.42,1458845.97,0.014649172227083555,53.730784625056984,185.80179467456173,64.68908448401857,0.03387863097729777,31.49660795533085,-0.301537372923997,0.7170452381749695,0.2641275298395382,0.0551
2022-06-20,43894.42,45183.76,43841.02,44299.26,2647804.67,0.009180767681797646,58.43986876268831,244.26718040946412,76.28913736872772,0.032173239785165564,27.456056533607697,0.04220760222376504,0.8154159105179325,0.5308092946432394,0.1498
2022-06-21,44299.26,44484.73,43563.48,43972.46,4273938.92,-0.007404443758149944,63.134726158579646,253.11011201766075,79.798229308361,0.03188271542167781,23.760117734432647,-0.3618531311141033,0.761609592553673,0.8887401885574703,0.1984
2022-06-22,43972.46,45361.13,43554.85,44503.55,5335936.87,0.012005432406732179,69.59904074715848,284.5587361071083,81.48728799313825,0.032841505260327405,21.811588359896398,0.4511044236983786,0.862340525359341,1.084445075579794,0.1116
2022-06-23,44503.55,44525.59,44168.1,44243.1,4269844.52,-0.0058695341793562825,65.19270094362929,277.364780919475,78.22935053915619,0.031197132595648706,20.72302144696227,-0.08854072704418736,0.7755462828636411,0.8873887329605864,0.1032
2022-06-24,44243.1,46242.46,43891.35,45479.73,9465334.24,0.027567305097392778,64.59876868553262,341.23550239782315,80.1005141527924,0.0309490780680845,22.467095811750276,1.325627581056364,0.9749999626240127,1.8291611108036998,0.1162
2022-06-25,45479.73,47936.91,44891.2,46747.79,3990578.94,0.027500249700781246,67.3700276383046,447.5280221365565,78.83389451501638,0.033639313675111394,24.91978941992124,1.8318759095238122,1.0853643764794423,0.756504274898246,0.0723
2022-06-26,46747.79,46948.13,46539.13,46933.88,11418331.94,0.003972820825238092,67.29803037091446,504.76886904447673,82.19218450060049,0.032269013343871805,28.487238956405445,2.6127660159537487,1.012900142515969,2.117366011652345,-0.0468
2022-06-27,46933.88,49083.19,46100.26,48773.73,4386838.8,0.038452045525644504,73.69878747693899,632.6530472882376,86.55933157591078,0.03394489791356836,33.40514975208419,2.4286040134991853,1.1312009013721542,0.8202529551654001,-0.0395
2022-06-28,48773.73,50159.47,48396.14,49585.8,3608627.83,0.016512654178488295,77.74811115871002,731.0787342965725,90.77355369421946,0.03431247309857028,38.23967407778655,2.3247010450330428,1.1118243334611932,0.7210400914994284,-0.0769
2022-06-29,49585.8,50289.08,47957.87,48928.89,15714112.51,-0.013336482844727809,69.99778146253445,710.467624438288,90.89500037641238,0.034654621080854216,42.44199686796809,0.8785668616466468,0.9673392627931594,2.8244497578878742,-0.1123
2022-06-30,48928.89,51127.68,48451.99,50242.9,2217199.19,0.02650122384929974,80.71159642777215,740.487235409599,89.14156858042615,0.0350745364732346,45.95642733112736,0.9793502264839186,1.0146847459724813,0.3985557184297124,-0.1244
2022-07-01,50242.9,52889.83,49657.9,52498.76,16024812.97,0.04392030684704959,90.15599631509558,859.0864701766566,90.24075552449811,0.03558167033713209,52.24033460544825,2.03057891170975,1.0900670209950591,2.7978669089239436,-0.1248
2022-07-02,52498.76,52734.71,50990.45,52052.53,6473197.71,-0.008536149282784811,86.1184244012954,852.5894261380554,92.80362713180602,0.035723129802027485,57.22400234476544,1.3573428163092047,0.9691637257544043,1.1110018385681255,-0.1191
2022-07-03,52052.53,52724.47,51675.12,52694.69,432073.91,0.012261290469263454,86.1227890853368,835.5403272053015,95.28725820564715,0.03526009926236682,62.31060141218081,1.2533896043737862,0.9475496683402919,0.07475723716145063,-0.1573
2022-07-04,52694.69,53819.12,52433.71,53036.54,2775726.36,0.006466418506465536,86.05065497183145,791.7016985913103,93.94915899236122,0.03509029542919857,67.15661154143528,1.3015016923413902,0.9144007965874228,0.4972576647568311,-0.1605
2022-07-05,53036.54,55573.37,52931.82,55236.57,3081237.77,0.040644123962832485,90.25400802837791,850.1502633612222,95.82764302551641,0.03591726330166899,71.96121638510492,1.353385727487046,0.9795460264389667,0.5463611190072504,-0.2403
2022-07-06,55236.57,56078.33,54426.97,55532.44,5379838.86,0.005342120573869051,90.08735779822194,846.1897818120635,95.0313524764614,0.035526634779335466,75.14893604332839,1.5267352680230182,0.9339146230886002,0.951493017228484,-0.2127
2022-07-07,55532.44,56173.51,53954.37,54397.33,4002910.14,-0.020652282725632642,84.70172028245626,710.069695832301,92.752302307898,0.03871248302601118,77.21436231557577,1.1604562280139854,0.8325888201622371,0.7125810367687122,-0.3449
2022-07-08,54397.33,54715.98,54004.88,54366.55,2793558.34,-0.000565996741228838,83.09832192081909,567.1075382019089,88.347793184114,0.03657970098997966,79.13613203878506,0.8823326314979086,0.8004819334320316,0.5090732096666876,-0.3421
2022-07-09,54366.55,54488.46,52304.94,53353.07,2206850.63,-0.018817554424330748,75.07642194858802,363.3450441233672,80.5077876714479,0.03612026717219426,78.50799536631052,0.6498321662608604,0.7173247648535169,0.39943447826238204,-0.2791
2022-07-10,53353.07,53514.35,52985.9,53026.9,4797249.13,-0.006132188646044616,72.88822708215659,175.1900253643471,74.91584631509424,0.0365033461453323,78.05629930007136,0.21983224139544866,0.6772320681305665,0.8517222907931346,-0.3181
2022-07-11,53026.9,53826.3,51498.15,52179.41,2213836.77,-0.016111359332957903,63.823974956288794,-26.987851243186924,64.04919907218965,0.0361998973486654,74.96692313500466,-0.06278099692627503,0.603510340737756,0.40037523412522935,-0.2664
2022-07-12,52179.41,53016.97,50910.69,51199.91,3779647.45,-0.018950198399058794,56.463964053525906,-235.71954413590493,53.20290309977444,0.03737088042313631,70.66041484100097,-0.5222885165990159,0.5132604630118224,0.6933109739230111,-0.1953
2022-07-13,51199.91,51460.32,49935.85,50512.32,3187822.58,-0.013520507307561882,56.32555749997119,-418.45071508620003,39.17631832289503,0.03673878825148127,66.57857792782235,-1.11688171472425,0.42825659336987376,0.5906121162542837,-0.3509
2022-07-14,50512.32,52368.71,50288.46,51241.0,4159418.64,0.014322725917366004,54.18287122342293,-483.9694161080313,30.147266713653057,0.035386311742543024,62.40113240859625,-0.7840506418524159,0.46186296653000314,0.8104563128717318,-0.3409
2022-07-15,51241.0,54836.4,50616.82,54604.67,3028653.24,0.06357941738759003,58.07566910827682,-303.3250430103551,41.94296493994353,0.034498449099153686,56.984177205723014,-0.5033760316019795,0.7766588353344476,0.5957111160394645,-0.4677
2022-07-16,54604.67,55169.75,53891.84,54511.71,2106140.7,-0.001703869253908433,59.69299995046589,-197.76281271693642,57.50151174745552,0.03394620558198185,51.758060781145964,-0.792551373333505,0.7556361306668762,0.45602388650218917,-0.4502
2022-07-17,54511.71,55668.96,53471.56,53682.1,14161614.17,-0.015335928361321721,53.835260265448504,-191.3549020934961,69.42202684970094,0.03599839212165558,46.777271554603466,-2.297569014445674,0.6367280882352964,2.772858090884978,-0.428
2022-07-18,53682.1,54574.69,53424.0,54330.1,699318.76,0.01199878855187456,54.90767846217623,-152.69715660166185,67.95475653786626,0.03526044626143188,41.2218186104223,-1.878729790070828,0.7024764817393879,0.14094164575802878,-0.5308
2022-07-19,54330.1,55485.54,53410.27,55452.87,3134801.58,0.020455069632351254,50.89367757145083,-65.20560233695142,72.98420668422722,0.03381709549027242,34.778945407498114,-1.4469300031554466,0.8472290278574884,0.7235055565841496,-0.408
2022-07-20,55452.87,57216.7,54802.93,57173.03,2438257.94,0.030548812898714955,56.06459277908725,86.5802362965128,86.09808259544297,0.03375215301939604,29.048526361172765,-1.1286144904012245,1.0357404459912851,0.5613128556288864,-0.3733
2022-07-21,57173.03,58297.43,55667.4,55859.99,2690648.54,-0.02323390219848327,55.336655987875915,76.93855054602727,86.23222849627109,0.0350709361540665,24.628953505449886,-1.273160952586071,0.8063606952031737,0.7317231386872862,-0.3971
2022-07-22,55859.99,59701.16,54320.42,58519.23,2878453.8,0.046507036672582304,62.713043307349345,219.94892409155455,86.04879407522918,0.03917699971688736,20.884886510591027,-0.8834446787929888,1.0593744340602287,0.8230260648813966,-0.3039
2022-07-23,58519.23,59579.03,55553.17,56360.21,3888058.35,-0.03759200510024146,58.60269254268508,143.15040599209942,74.84458109206561,0.04301267811862558,20.492627662903885,-1.1584047109713183,0.7616211882722513,1.059358082026643,-0.3785
2022-07-24,56360.21,56942.8,55140.68,55557.63,2123766.75,-0.014342552681527588,57.04769495413708,18.844401414995218,70.41769965991476,0.045271549560331296,19.755917805287027,-1.233497988434837,0.6476106935152617,0.5838366763248013,-0.4211
2022-07-25,55557.63,57478.24,55407.36,56709.85,8661230.17,0.02052705659743776,62.40601915496448,-4.0142301193718595,64.24148337322185,0.044027687807817024,22.58757134636799,-0.3050041335961236,0.7720518924564198,2.2114133960376123,-0.515
2022-07-26,56709.85,56868.98,54935.37,55735.72,3818186.41,-0.017326682954167956,62.42437822044884,-97.77886657189401,62.10982208102407,0.04457590213241267,26.56585207759704,-0.639298575928445,0.6542235700986359,0.9947024404929246,-0.3992
2022-07-27,55735.72,57156.03,55276.66,56404.46,4532960.64,0.01192699935957445,66.15628780491049,-126.00373287628418,64.57887503562053,0.04449683588850165,32.04025012506569,0.005040362194233367,0.7171251024776472,1.172815733420192,-0.3626
2022-07-28,56404.46,57001.55,54938.94,55291.98,8737934.58,-0.019920362505631388,60.87884064401535,-225.0560579872631,58.61085847382102,0.045369328427007805,36.94943618567386,-1.1207507091161002,0.5820217895243736,2.0993333504421345,-0.3115
2022-07-29,55291.98,57298.89,54907.6,55911.33,3188792.43,0.01113917210063921,54.11564604375777,-252.27488255413004,52.06561520257129,0.042531055103544,41.01875204308849,-0.5794948624123931,0.6391306708991825,0.7571919410508823,-0.2809
2022-07-30,55911.33,56356.61,54488.62,54679.16,2814054.22,-0.022284393355756875,50.49210891773252,-350.6277002897193,37.13036019180385,0.04426030737434493,44.23110511035194,-0.9908458030268716,0.4862160498515353,0.6843217704508741,-0.2381
2022-07-31,54679.16,55089.27,51536.09,51829.27,362941.2,-0.05352760203556199,45.13278753173601,-590.8500692804466,21.17259797377491,0.0485624794086888,43.97681877525439,-0.9781819741370464,0.15551893953706653,0.09029207634364833,-0.2223
2022-08-01,51829.27,52711.59,50934.32,51175.93,4441004.68,-0.01268574327715393,41.716612050769115,-765.8753147135446,8.838964094052933,0.05005700084840805,43.903993655383736,-1.6392552601817536,0.07975743764181799,1.0958130200930571,-0.1977
2022-08-02,51175.93,51650.02,48435.46,48561.6,4909167.39,-0.052436209180632805,33.21714954516139,-1014.261369404722,2.488765391666161,0.05442760182059248,44.96483310185331,-2.118756591709647,-0.1431467243123869,1.1861415689935246,-0.1824
2022-08-03,48561.6,49650.04,45773.99,45945.63,4113822.17,-0.055374354231746914,23.800200685910823,-1293.4007048222097,1.7026820531458473,0.05979981121162997,47.48793374376945,-2.3181022725151705,-0.20677474912419852,0.9945199398802592,-0.2037
2022-08-04,45945.63,46279.42,45271.4,45462.39,971174.11,-0.010573350172245572,24.759063344930695,-1438.128887602225,1.2252256942128312,0.05788701700145029,50.17824842495365,-2.173332025411665,-0.08970942007384548,0.2407700699792079,-0.1959
2022-08-05,45462.39,46115.87,44737.14,44994.69,8937079.12,-0.010340907925834005,13.258836108903353,-1486.7543602583773,1.4304287805881213,0.052135580569924234,53.749226859321446,-2.7222764919169973,-0.015453976165185167,2.0426846734713657,-0.1724
2022-08-06,44994.69,45834.59,44564.11,45415.46,5657010.84,0.00930809290717523,17.16622937290694,-1412.5067947027578,3.2170888658521357,0.047318940038721495,56.047420925289565,-1.7518905815716617,0.07416681900009263,1.4321788689780495,-0.1582
2022-08-07,45415.46,45808.04,45165.59,45222.92,9218265.24,-0.00424853775218262,17.81841666511002,-1301.0575920071815,4.476382979473327,0.045688731668419455,58.647681467252305,-2.2425482862864237,0.11579632063135625,2.1066080810815366,-0.2242
2022-08-08,45222.92,46220.38,45185.52,46104.72,3517995.72,0.019311292915874113,16.410655973806783,-1100.6062328591847,7.930504926952859,0.04320981514627995,59.90498105419501,-1.6569275534242538,0.1961174986101561,0.8004467645127092,-0.2803
2022-08-09,46104.72,46230.47,45060.6,45982.41,7191136.24,-0.0026563988240898063,17.346663425714013,-916.4494879633285,9.445446564572746,0.042138364897101946,61.01157406080642,-1.942082013921194,0.22002900534484734,1.5522612891805305,-0.2121
2022-08-10,45982.41,46502.1,44911.75,45463.75,6588507.72,-0.01134362693108522,12.99951638691607,-775.3650497660105,10.099768769718233,0.04216500587201593,61.02293882893424,-2.0551373825078105,0.22406445500629574,1.3647648910697667,-0.2168
2022-08-11,45463.75,45598.34,43822.45,44769.09,2388134.6,-0.015397359188403067,13.377574437476525,-678.1380733826411,8.408685460212718,0.042361801093429914,61.62938077890238,-1.8999711812404578,0.2162712080133447,0.49721095273613686,-0.1768
2022-08-12,44769.09,45140.08,44133.05,44242.09,4236489.87,-0.011841347522217003,9.12522995735874,-601.2516198078667,5.812270232912433,0.040631524673182595,63.003951763031964,-1.8590978931426403,0.21860297046740734,0.8788517933288573,-0.2225
2022-08-13,44242.09,46081.41,44134.4,44353.56,887018.75,0.002516377696206391,10.7501474871287,-499.0286889334268,5.028769211254849,0.04065666560119302,64.04523311051511,-1.5819154590012492,0.24993388385896564,0.18640152672610213,-0.2851
2022-08-14,44353.56,45549.3,43468.11,45272.0,1530135.4,0.020495763731172692,20.78446084219361,-333.64771239237393,9.192389911853443,0.037509403478647715,67.91912062500877,-1.3505560884672019,0.3167105494452615,0.34759289407727284,-0.313
2022-08-15,45272.0,46562.48,44583.76,46415.49,1349122.84,0.024944499887975303,29.677742695835093,-122.22742460284326,20.08410938117603,0.036895333863751774,70.94450966100679,-1.1552291643726682,0.3977293986620574,0.31531600312374897,-0.3085
2022-08-16,46415.49,46743.68,45029.23,45674.27,8696806.56,-0.016098120076797017,35.327519215861955,-13.032797442897845,30.408545016171512,0.035148110428780466,72.09483108007537,-1.5064091067273293,0.37304322112594973,1.9382965640556238,-0.3263
2022-08-17,45674.27,46458.83,44578.55,46112.27,4057371.41,0.009543955457381525,51.08754388848468,101.64937319198839,50.81134207224435,0.03172277759724188,69.45042360263044,-1.1559979299557317,0.42226008397211595,0.9540467349985178,-0.2453
2022-08-18,46112.27,46963.25,44806.74,46040.74,6777305.61,-0.0015524184042522947,53.988846264746215,181.0105071495327,63.338939502629415,0.03355385438448537,65.3222028725723,-1.4230624372431753,0.4414026895251685,1.5290970719418422,-0.2241
2022-08-19,46040.74,48129.94,45709.22,47596.25,3835645.69,0.033227319916812686,65.60174634668068,337.4941899972373,80.96050075721897,0.034021002554966054,61.486432256680374,-1.103700222977063,0.6556612788093704,0.8555394259283454,-0.1204
2022-08-20,47596.25,49663.43,47416.73,49192.72,869862.17,0.032991668448977184,69.85293962958661,535.95841312825,84.85333668347356,0.03433439222016591,58.76178339111653,-0.979984990013897,0.935892385996718,0.19293172646737,-0.0942
2022-08-21,49192.72,49252.85,48323.8,49049.45,22507099.27,-0.0029166721697250373,70.21660363617788,638.0837030005964,90.34790157271254,0.034852043630014665,56.07951905948097,-2.197666054975572,1.0150387691590947,4.158772333353348,-0.2101
2022-08-22,49049.45,49896.45,48911.19,49848.75,1526465.11,0.016164447967186427,69.95468659456665,733.1703330069865,93.91658580250214,0.0342221362478572,53.37306687964048,-1.8719339417579255,1.0864109934433612,0.2911533115435351,-0.1468
2022-08-23,49848.75,51011.7,49631.52,50198.82,2887185.65,0.0069980995775366026,71.93969460062584,788.5208164918993,92.85727270056158,0.034282735274305524,51.288465386753295,-1.5336636039636966,1.028022846344333,0.5572114040366762,-0.2149
2022-08-24,50198.82,50476.04,47823.95,49060.51,5102506.77,-0.022937086234844726,67.58163762013098,719.28175643255,87.53888863284688,0.03662398594248331,47.31798364612347,-1.6907154012324497,0.831247751629445,0.947003076087778,-0.1926
2022-08-25,49060.51,50755.82,48344.18,49718.37,2242496.42,0.013320048306550225,74.28036271697054,688.5699947213619,82.07131264192684,0.03705274615512882,44.38113334711734,-1.3940701073741346,0.8696787472308788,0.4437662424220175,-0.2217
2022-08-26,49718.37,52356.88,48798.4,51479.3,2049528.94,0.03480530260485781,81.67027981138996,752.4423186406642,82.3722673644495,0.03932548755379692,41.66979469055359,-1.179017763829439,0.9960425794927218,0.4205927124328669,-0.1035
2022-08-27,51479.3,53417.06,49119.36,49415.67,5082900.6,-0.040912204749610076,68.9194896401302,626.4603696929701,77.58770638341862,0.0443655828201774,40.01403520363374,-1.3897207810432233,0.7378115699958713,1.0893052385413073,-0.0264
2022-08-28,49415.67,49687.8,48063.81,48817.8,732491.22,-0.012172579921413384,63.577678965978,480.19917155479806,65.9570916356909,0.044239966920721824,38.41616385379696,-1.34928802048125,0.6549595803630335,0.1618081941765922,-0.0621
2022-08-29,48817.8,49370.26,48488.44,49078.49,3360340.31,0.0053258528223971875,60.93665038625053,382.5914089909629,52.88568735646461,0.042408555298715025,37.724802988228454,-1.0167708042045547,0.666729202219879,0.7750987187169486,-0.0654
2022-08-30,49078.49,49383.77,47557.53,48207.02,3426971.13,-0.017916199668107934,60.29162342443456,247.47162799504508,46.643080489004,0.043340842415532495,37.433031027659425,-1.1680322793114533,0.5550823737294599,0.8203806576486997,-0.0499
2022-08-31,48207.02,48318.57,47148.76,47773.13,2770978.25,-0.009041306055441423,56.751024322975326,123.28453820388587,42.13913516488569,0.04267220925234693,38.80679329644469,-1.2584108036947004,0.48737769120503754,0.6603170368757596,-0.0042
2022-09-01,47773.13,48369.37,47628.66,47989.74,5790260.46,0.004523890510398149,57.829900335846375,53.692339827655104,35.030514425333386,0.04037230517546092,40.47696942185506,-0.7185858205508023,0.4900203832373298,1.354724291862644,-0.0026
2022-09-02,47989.74,49773.37,47707.3,49542.94,8518897.93,0.03185253022325065,57.8220719610132,107.14297532475845,34.077875966821296,0.03859529300671092,40.54205439113747,0.04508496705599636,0.6805722930087282,1.8297708013940108,-0.0537
2022-09-03,49542.94,49742.61,48044.23,48575.98,13097726.99,-0.019710598236229518,47.38980502836159,73.83758056184814,30.183638533615426,0.03855729871900031,38.73100997268047,-0.9928513786460066,0.5141780839536912,2.5023846655819066,-0.0869
2022-09-04,48575.98,48714.43,47035.97,47837.91,2382010.48,-0.015310748650035908,45.11824615586635,2.3400448928988666,24.510447693716102,0.04027115434479586,36.166907858706786,-1.143132862694527,0.37599077894556215,0.4506482217292191,-0.0828
2022-09-05,47837.91,47899.39,47068.64,47414.02,973276.75,-0.008900455839796222,39.88349143382955,-69.30266564480542,13.753611525449047,0.04039841862324739,33.10230414756039,-1.1347908884615123,0.2665525920815271,0.1986455001276764,-0.0169
2022-09-06,47414.02,49701.0,47268.95,49688.58,5689757.6,0.04685716247009429,48.172223121266896,35.0859900148761,20.020612988240742,0.040061217285734446,29.868017406149704,-0.48506325576226156,0.6802685609895129,1.1422497217475793,0.0053
2022-09-07,49688.58,52164.08,48578.41,52019.98,1818592.86,0.045852747525531944,59.76656372481821,247.88289783204448,41.866776156776986,0.039547675445355604,30.99751268454841,-0.19001322823520173,1.0980361072944684,0.38421654544730643,-0.0336
2022-09-08,52019.98,53572.19,51849.99,53161.67,2679597.37,0.02170977239613888,61.011611232301284,440.9833442604454,71.13169924008939,0.037772018287390026,31.36679787897202,0.33201530121233364,1.1456907016659972,0.5731210705714295,0.0005
2022-09-09,53161.67,54862.06,52327.57,53387.2,2817395.4,0.004233368909832695,56.76586195443317,552.1435046625866,84.32660484275486,0.03624242193954855,31.101700841616644,1.4201171058500495,1.0536642771725475,0.5902994567707358,-0.0189
2022-09-10,53387.2,54288.93,51878.02,53319.5,3666948.3,-0.001268898936686641,66.12682415714607,586.1461816433366,85.05446614170614,0.03376083260880873,30.09069252656633,0.4874391405821413,0.9626493979417682,0.9572237067156103,0.0266
2022-09-11,53319.5,54552.47,53003.49,54479.78,1637847.82,0.021527505731750857,72.35120330507412,647.036435391975,85.51980192737517,0.03294346741382818,30.422891686024183,0.845943110774597,1.0128688443221716,0.4269247168505879,0.1516
2022-09-12,54479.78,56576.63,54379.41,56110.84,5198526.76,0.029499396590344416,75.05056528314725,750.156686495759,90.17422492902182,0.03366034085391812,31.615992631716598,1.8825458938068034,1.0653752432089156,1.315432461493137,0.1261
2022-09-13,56110.84,58828.62,55260.61,57486.56,1823590.69,0.02422216110732252,81.90915618026628,856.3351867409033,92.95089249746513,0.035019005187591545,34.80833744450628,1.928043779548547,1.0629524901867449,0.48141167097699816,0.1599
2022-09-14,57486.56,57946.52,55076.38,55425.5,732447.49,-0.03651140469011802,73.66556715071856,737.5854541005824,84.95979646236286,0.03851249489339566,38.16056061215047,1.5776124506024605,0.8472270073550262,0.19729202109820762,0.1146
2022-09-15,55425.5,55659.75,54066.74,55001.23,4462336.13,-0.007684228042731776,71.40861988569452,586.8551273932967,75.7686072821553,0.03991643199874727,40.87776707400205,0.7305486114344697,0.7883620607802393,1.1641449639425494,0.1033
2022-09-16,55001.23,55576.64,53927.56,54721.92,12290358.98,-0.005091188200738598,67.14723702881165,431.89496369105154,67.95402220869103,0.039575874843983214,43.13758647797183,-1.3899704772603019,0.7422419792238444,2.9307993950432447,0.0996
2022-09-17,54721.92,55090.45,53555.58,53819.77,2924055.96,-0.016623488632678846,67.4366499535841,241.67431822891558,63.415234630556505,0.04002225523126857,45.85337248502049,-1.6980895389530635,0.6567118812172982,0.6795237753246209,0.0849
2022-09-18,53819.77,54788.82,50978.23,51028.88,2352067.97,-0.05324912482413249,59.33604883883111,-81.76103254734039,52.12566530247957,0.04519565335214333,48.23924854530514,-1.7877791957826865,0.43674473875616066,0.5530786978384608,0.2038
2022-09-19,51028.88,52213.69,49970.38,50992.77,3378899.1,-0.0007078889923445414,60.71371049534989,-295.7477904141567,41.13837500854812,0.04720631403795563,50.42663744863226,-1.9492459103899304,0.4206179865801961,0.7949829568168993,0.1783
2022-09-20,50992.77,53005.46,50672.23,52296.46,2638938.02,0.025244824386695872,58.289057304676255,-343.7397761523264,34.05412607963396,0.0458945432034345,51.90046555175557,-1.4749942864515584,0.5068376395748819,0.6218518128930578,0.1987
2022-09-21,52296.46,52365.2,48966.11,49360.82,4619561.57,-0.05777169025461446,41.860594670013604,-554.9343196488642,24.162978661038824,0.0483540386889747,49.057228353004064,-1.7607346006169162,0.24700178016009997,1.10380051423771,0.0923
2022-09-22,49360.82,49822.75,48387.18,48457.65,1595481.64,-0.018466771491403786,35.388138349577716,-726.3776028912469,13.649982504389724,0.04883277312397402,46.28442324194067,-1.7041224607966974,0.18056518757817594,0.41560139007399205,0.1093
2022-09-23,48457.65,50307.27,47766.12,48002.36,1424262.86,-0.009440044243638696,33.50873496419338,-833.6800093533179,2.2708449846295986,0.04930584960524127,44.60995255612128,-1.6329553406550112,0.14917462301566903,0.43752154080071237,0.1609
2022-09-24,48002.36,48072.51,45605.97,46429.95,4199800.49,-0.03330545122460814,30.68103112243557,-964.5470506357506,3.0139965456367457,0.0510612377201613,44.24086488229305,-1.7808254715738328,0.042344586832830294,1.2551002840071803,0.1265
2022-09-25,46429.95,47292.16,46001.93,47005.75,1298226.77,0.012325209511302396,28.33183641709823,-964.031540523241,6.317770553480177,0.050042570779703976,43.0287323787395,-1.492091946793678,0.09459974601118944,0.3860972450251795,-0.0054
2022-09-26,47005.75,47106.29,46462.98,46523.81,2343664.9,-0.010305710097836759,20.221898499275923,-946.5002892334143,7.919743772989563,0.04817522468601599,42.743569925588766,-1.4921316115380987,0.09479721915124095,0.7335115818105578,-0.007
2022-09-27,46523.81,48148.3,46034.78,47304.36,1466261.3,0.016638244284872247,17.159024349811673,-836.4964901753222,10.430109373443985,0.04518405612384154,42.39340536140272,-1.2345090223924693,0.1854400402699212,0.4614492782091337,-0.0058
2022-09-28,47304.36,47624.56,44846.8,45445.16,4938155.66,-0.040096144535755086,17.385405106367443,-840.8554039420409,8.745944733196614,0.04688737559101599,42.01467627769346,-1.431464133639707,0.108134113580354,1.5007578236333838,0.0307
2022-09-29,45445.16,46788.65,45241.86,46100.58,1751250.56,0.01431920696446957,21.346586339759085,-754.2724957286957,10.327131634422843,0.04614915597900058,42.299467603673364,-1.1772278235062061,0.18774642559386553,0.5409879478771297,0.1297
2022-09-30,46100.58,46663.05,44064.16,44607.96,14128380.89,-0.03291321283084765,19.799843295217897,-750.5915894496227,7.383522481060607,0.04921423056716639,43.10768870153297,-1.8910474879868726,0.13887538397840418,3.7573424764839993,0.1042
2022-10-01,44607.96,46880.48,44235.96,45479.4,957391.62,0.01934715774566179,25.05000248271338,-646.485474707624,9.937653908510628,0.05001400948246112,43.9463974480317,-1.6129973435822014,0.22199493953953564,0.25693628794451556,0.0562
2022-10-02,45479.4,47592.55,45245.8,46387.41,4638263.23,0.01976861002380944,34.35244000995134,-481.0849162893892,14.70377888769889,0.04678095075488532,44.58673551582321,-1.2068656600066996,0.2975029931349693,1.2542050504713795,-0.005
2022-10-03,46387.41,47078.8,45582.06,46937.16,1525979.25,0.011781599616033827,36.78517920869307,-307.70358503097896,23.770426778380283,0.04509690646569292,45.4703888519861,-1.0369209777153738,0.34926402529652084,0.4142979709334758,0.0052
2022-10-04,46937.16,47463.49,45412.42,45971.52,4690174.07,-0.020787611509099097,28.926532363552624,-234.41632671355205,27.030837637770958,0.04560576697422607,47.0829959047869,-1.3354797690991316,0.2987612549747591,1.2084416206869721,0.0289
2022-10-05,45971.52,47013.29,43591.52,44513.12,5888416.05,-0.03223809713530452,32.084889176320175,-258.6204431502265,22.9440398204207,0.04713635954008521,50.557514624010466,-1.744866521697408,0.20427328205856388,1.4898030422937678,0.0002
2022-10-06,44513.12,44836.55,42050.33,42483.12,5822169.16,-0.04667715661429697,29.618114047642706,-378.55017311666734,13.98061890017062,0.05165961041870071,53.91792216650406,-1.9783860322606661,0.0591454383201103,1.604314348901831,0.0391
2022-10-07,42483.12,44216.2,42072.81,43390.03,4102064.0,0.02112287064925192,34.73556220509256,-363.90242105083985,13.644700368861715,0.049925063430458605,56.08121594773981,-1.47778005661424,0.1498908778412567,1.1122822293444452,0.0604
2022-10-08,43390.03,44144.31,41921.23,42380.71,3168549.23,-0.023536385328284667,36.08030250910615,-387.1318845236706,11.529962532086566,0.05070372818198406,56.8489754464441,-1.5695960041035744,0.09335885309987724,0.849751632673666,0.0595
2022-10-09,42380.71,43005.11,38978.22,40030.96,1173657.55,-0.05704015115487662,28.629783165950755,-517.5450852699603,13.609506336647632,0.05856306504478356,58.53163869294294,-1.495538058152912,-0.04997557377217379,0.3243462837867085,0.0114
2022-10-10,40030.96,41834.04,39930.84,41135.08,6922810.8,0.027208130704444583,34.09571852616838,-486.7049960966415,14.1265121081312,0.05917887742389868,58.76540355944588,-0.8457916044718627,0.0661173376100287,1.806236776513907,-0.0132
2022-10-11,41135.08,45260.33,40557.03,44279.65,2846949.45,0.07366391812863557,42.16605413550772,-225.08510595920507,32.10497886112184,0.05915385832671559,55.92126203001639,-0.5201886943542313,0.40533925179907343,0.7603837748716534,-0.134
2022-10-12,44279.65,45245.29,44145.41,44810.34,739462.49,0.011913712797832935,48.23431965001507,1.1698449142547815,50.84577084344905,0.05577872364789053,52.43429442119362,-0.37538125672153205,0.4824383125304984,0.19978482844408846,-0.1156
2022-10-13,44810.34,45554.87,44186.59,45175.31,4386735.44,0.008111782295971603,47.384202023916174,182.81954903534916,66.98533466951757,0.055045839356549144,48.89675472149004,0.15402978820010677,0.5439778978360191,1.1395840291157036,-0.1085
2022-10-14,45175.31,45591.55,43481.09,44159.04,10314573.17,-0.022753036055186214,48.695746154129424,238.42497828301498,66.59457748495822,0.05552260646969333,44.97043573378438,-0.8763344166887913,0.43130414681867474,2.4823547503401673,-0.0936
2022-10-15,44159.04,44734.14,43498.78,44224.09,5566814.02,0.001472000635093644,46.17364030088399,280.57726692402457,64.32607062874956,0.05316493147253419,41.45710314092703,-0.16655414775981497,0.45529484370434115,1.2742827631301832,-0.0637
2022-10-16,44224.09,44442.69,43090.66,43221.47,5483157.23,-0.022932300705389534,40.40511429794431,243.31199756502724,57.015381556327156,0.05275432061227348,39.94558689991381,-0.7651049182765788,0.3431850235565943,1.2115973075162918,-0.0412
2022-10-17,43221.47,43712.14,41869.97,42262.51,1570619.55,-0.022436957881448713,36.175621492703144,160.4545703660126,49.87001517497532,0.05453516265698163,39.25843408315533,-0.9241123184387471,0.23915496550166296,0.34665554511700325,-0.0447
2022-10-18,42262.51,43640.12,42218.68,43563.89,5092330.88,0.030328191539230824,43.018533306770536,197.24829496004486,48.59457331144936,0.0518736799150344,38.43687873491499,-0.06835766736533713,0.4311862410363654,1.1220326058622405,-0.04
2022-10-19,43563.89,44833.85,43066.5,43611.05,937343.81,0.0010819624217838898,47.15107660062007,226.61729655116778,55.276460124291646,0.049107885010127895,35.917834880805586,0.2581108929267852,0.4535278093667684,0.20840087543090371,-0.1082
2022-10-20,43611.05,43733.06,42884.76,43243.55,2596224.68,-0.008462469302888933,52.68337747764171,222.8139148740354,63.873183165345246,0.046324216476864376,32.334471365979105,-0.2461902252549006,0.4100214201050744,0.6621021844328073,-0.132
2022-10-21,43243.55,43982.32,40195.35,40377.95,1244672.1,-0.0685642454193055,40.661931204833536,38.48736160699468,51.90471366157152,0.05251931172475617,30.29715062058819,-0.45089015141873134,0.06176553273315459,0.31626396186520833,-0.1229
2022-10-22,40377.95,42744.8,39752.34,42208.68,8120088.69,0.04434204320586277,49.49251801058512,50.29617284436108,44.83631292146086,0.051543375844550064,29.175934186539585,1.281770225827116,0.3294891687465766,1.9758639486395342,-0.1535
2022-10-23,42208.68,42329.98,40610.68,41170.94,7886453.66,-0.024893219414541996,53.64505261709713,1.2461040986167973,31.435790401901546,0.048839059783417946,25.52961634647818,-0.3119399738263989,0.19694985869391926,1.7811773666999964,-0.1029
2022-10-24,41170.94,41967.97,40205.14,41766.77,3268197.15,0.014368379612600084,52.087669631557496,20.869935026258872,35.88013982337733,0.047902281441157504,22.129106384232283,0.5269027568313066,0.3079734028718968,0.7501776189432973,-0.1306
2022-10-25,41766.77,43465.33,41198.51,42282.71,2448117.17,0.012277208154367917,42.01252115878465,77.36256222471525,34.04227626676548,0.04320180247940245,22.38803987348602,1.038398245266993,0.4115814532724319,0.5850372096857896,-0.1133
2022-10-26,42282.71,42833.65,41606.44,42234.93,20916159.03,-0.001130651662541769,39.284778152790146,117.85078141560871,40.116100180149736,0.04346601937575965,23.126312042051058,-2.983154596640299,0.40565757825530646,4.234684060031501,-0.1018
2022-10-27,42234.93,43089.19,41111.44,41250.4,7905757.7,-0.023586794081557453,34.470673232142374,86.13548601986668,37.16838407928957,0.04555877899711039,24.65331137220763,-3.008867603164902,0.2580536047437183,1.5412535140891905,-0.0594
2022-10-28,41250.4,41574.81,40667.45,41260.21,6374403.4,0.00023778760201196355,37.537949362566295,74.08713033183926,32.61489894335087,0.04346517244717631,26.27904646100566,-1.88835821191285,0.27430444421196293,1.205053516909224,-0.0114
2022-10-29,41260.21,42110.01,39325.49,39620.15,10015813.14,-0.04056077007546201,32.56828143092197,-30.462482404355796,20.22605545851313,0.04805727460827253,28.309657600222945,-2.4375590596553334,0.016946566061725486,1.7474010637716642,0.0239
2022-10-30,39620.15,39697.46,37962.76,38214.42,13757417.05,-0.03612489593665637,31.60356388320568,-172.48560422981313,12.895191891747919,0.05054034576475308,29.935168136001437,-2.742351053295725,-0.08768029058327569,2.2651306447011006,-0.0826
2022-10-31,38214.42,38726.2,37374.26,37983.87,1510929.62,-0.006051335365546012,33.390811111766084,-255.16093709419988,5.728026879551185,0.04992523330108471,30.882112474240166,-2.2852719856666366,-0.017943572011027666,0.2515380571003895,-0.0188
2022-11-01,37983.87,38785.95,37368.58,37708.46,2929679.56,-0.007277123465358538,25.302652101837353,-298.58554504173594,5.4625243237413414,0.05028216100955474,31.470773218743712,-2.0543528840734435,0.022040206914559733,0.4789974077605759,0.0585
2022-11-02,37708.46,37921.1,37343.29,37381.27,2032853.18,-0.008714695624186556,24.330086365753033,-317.7561110975971,4.432350795598606,0.048449282602897915,35.05571455022705,-1.8621209072336933,0.04182628352344138,0.33888905354868454,0.0315
2022-11-03,37381.27,38501.67,37159.43,37468.57,1492887.95,0.0023326713747380623,25.641629126926333,-293.54374689569977,3.218604002517728,0.04927802536517007,38.662654722633384,-1.5631326473692853,0.10181852671109026,0.26862600634808487,0.0418
2022-11-04,37468.57,38345.01,35197.76,35831.05,1853865.05,-0.04468761227380171,28.605078805433735,-352.813991944769,4.2543083992726904,0.05025481690160781,40.668320321889894,-1.4666480465729674,0.0008449467291759065,0.3451074689926144,-0.0049
2022-11-05,35831.05,35916.17,35149.0,35338.14,3630395.48,-0.013852002011597845,13.015083491939066,-387.45200432362435,4.821724732972029,0.046457837662879434,42.410815348423185,-1.4507150764008718,0.028208674777511506,0.6876777350593356,-0.1021
2022-11-06,35338.14,36010.87,33428.45,34240.34,850749.53,-0.031558352796730735,12.931466053745183,-442.5548138002732,6.007772379674612,0.04974789969957957,46.168592248398134,-1.3289986606015705,0.012887935343908797,0.16225716759234698,-0.1339
2022-11-07,34240.34,34675.14,33771.87,33998.34,1825532.42,-0.007092781235939945,6.815809163908071,-451.9721526675353,5.347115909084237,0.048296118491149086,49.56443309326729,-1.2666574696779815,0.05511126308813104,0.3593654754537826,-0.1542
2022-11-08,33998.34,35206.71,33525.18,35105.58,7918563.25,0.032048392300868006,12.56385727665122,-345.12557047678865,10.375763843739522,0.04558196812503801,52.4710549763579,-0.8375915702896822,0.17891792254829922,1.4585842136816694,-0.1642
2022-11-09,35105.58,35142.48,33947.33,34345.34,3653690.53,-0.021893745030168547,11.69465998708165,-289.39968920675346,10.843037291273072,0.04652425710652341,55.37767685945376,-0.9050482458581037,0.15095167803677662,0.6665115490806277,-0.204
2022-11-10,34345.34,34380.03,33567.97,33602.69,15839759.19,-0.021860223877166143,11.975943701412717,-266.8543625422999,9.619388251233955,0.04507460138287754,57.68730354607641,-1.4507508335558277,0.1360225357347408,2.5500429544482897,-0.2304
2022-11-11,33602.69,34781.74,32549.64,34081.55,2365457.63,0.014150058859157507,15.89859255536335,-187.72569836735693,9.17381448266539,0.047217692354269966,60.22862872730804,-1.2525714752293853,0.20429415507597998,0.39931193147176935,-0.2195
2022-11-12,34081.55,34715.1,34035.51,34622.6,4633301.84,0.01575046587821534,23.49187658097283,-72.88306441981013,15.677281830049298,0.0421372167312558,61.93103014864041,-0.9554360867575499,0.2718002869033318,0.8042284150168766,-0.247
2022-11-13,34622.6,35364.54,34513.57,35301.49,16810088.27,0.019418524654429305,33.25827249673766,67.28689527380038,29.717029024200343,0.03953873982574197,61.900719694177305,-0.01601777623923993,0.3463332615655091,2.6109631204957506,-0.2075
2022-11-14,35301.49,36290.94,34502.75,34911.57,2105172.09,-0.011106879787311449,32.65996762555369,147.62127345617728,37.000460969106044,0.04087290095680983,60.545175101874555,0.005392236599496993,0.33093415040791,0.3278510362119675,-0.163
2022-11-15,34911.57,35837.02,34287.17,35734.27,2135614.85,0.02329187941874632,39.50598908966776,263.29072426022594,45.168343884892266,0.04019670753032307,59.451226390209115,0.2920925467397523,0.42924765365708306,0.38956169711768285,-0.0358
2022-11-16,35734.27,35943.39,35464.17,35669.15,789528.02,-0.0018240027733808551,40.63821876099723,337.7852391741494,47.92987855059065,0.04007266383254034,56.87939362649193,0.33678031220145593,0.4451566548204998,0.15401562812317235,0.0222
2022-11-17,35669.15,36614.03,35450.72,35928.25,7889618.71,0.0072377245841627625,41.732932588466866,402.4880584710181,54.738077193369975,0.03942794716850245,54.94617319042264,1.3818765101591068,0.5110825255654508,1.516637667217121,0.0333
2022-11-18,35928.25,37525.13,35880.23,37259.5,20134549.47,0.03638305174469165,57.927263080235484,525.1665605098003,68.45684075836071,0.03513913038476298,51.5316711111707,2.9718598895965758,0.761437234850043,3.527437026863315,0.0006
2022-11-19,37259.5,38513.23,36604.56,37854.03,4131587.96,0.015830501267951352,63.806351417854344,629.5393774126758,80.63530655270539,0.036741190907725686,49.130430571336554,2.5756735797094605,0.8743778899095109,0.7904786753588259,0.0153
2022-11-20,37854.03,37925.63,36448.01,37241.68,5701968.25,-0.016308882961767274,67.39725709671626,638.5120402903624,87.42853218247308,0.0352263339662041,48.17209717475248,1.8498189317399996,0.7841821296792006,1.0488802801136416,0.0308
2022-11-21,37241.68,37646.05,36946.58,37140.82,2348077.5,-0.002711929871007352,68.51837883339161,618.4061717870759,81.53707190900967,0.03493005039429298,47.32989195551546,1.4993322213611433,0.7788647155641374,0.4342531332227616,0.0036
2022-11-22,37140.82,37204.17,35637.16,35906.14,313778.01,-0.03380832279143392,54.647825177347165,507.36120966332146,70.64939071923006,0.03590335007565153,43.15728404730065,1.3242106788650607,0.5642468650019032,0.05896742494229637,0.0426
2022-11-23,35906.14,37179.78,35896.87,36988.93,1280391.59,0.029710367178191577,64.79386664326695,491.87768839097635,69.23665107750656,0.03502181019331822,38.984676139082595,1.259833912477254,0.7892309860633414,0.241101821153553,-0.0294
2022-11-24,36988.93,39042.52,36460.96,38957.39,3761127.82,0.0518498060548161,76.35041769246097,592.5022002468545,76.47065873633845,0.0364965964828952,36.45999823849464,1.318249459526719,1.0579251304950463,0.6957388572795907,-0.0402
2022-11-25,38957.39,39029.69,38271.39,38517.69,2744411.93,-0.011350868459467115,71.91465607425182,605.5924970311175,87.54895329365335,0.03418015759214458,35.119222608206954,1.0548353744662793,0.9189041932744901,0.5118597310465242,-0.0104
2022-11-26,38517.69,38545.49,37879.95,38443.18,1842045.29,-0.0019363092771687578,69.78578663908439,585.0571334899989,91.86782614317882,0.0342202997477524,33.524959449411504,0.8643523407871442,0.8622858232688042,0.34041262307816755,-0.0242
2022-11-27,38443.18,40659.48,37825.73,39501.44,9910243.9,0.02715581993158507,70.92811306797537,615.4796266747503,86.24720176662804,0.03688889027118799,33.896819291765055,1.259180355822399,0.9566305419939782,1.704123659635584,-0.0334
2022-11-28,39501.44,39697.47,36656.26,36688.61,1456462.96,-0.07387077427153345,57.13261631417818,427.79999707816717,68.96968618422139,0.04215656342078077,34.18347743124614,1.0669847127208807,0.5373664606302633,0.26518058875324096,-0.0386
2022-11-29,36688.61,38574.39,36226.78,38228.31,910656.15,0.04110998794310181,59.46566531034853,390.0499121397615,57.61263561382888,0.041949240534780406,34.06490429252761,1.0086868379506175,0.739674038885209,0.17005107152859256,-0.0784
2022-11-30,38228.31,38483.27,37746.87,38020.43,4921872.77,-0.00545269377709921,58.82818073213466,335.8362074234544,46.78176633186723,0.04266176293714047,34.03362621381105,0.6842760386501232,0.6908358563543222,1.0234077874442864,-0.0158
2022-12-01,38020.43,38910.36,37924.66,38884.64,2457515.63,0.02247566720213109,60.61768379648582,341.79823732167773,55.77356787216826,0.041387348394037536,33.98184350038678,0.7770213988437913,0.8092028100076725,0.5105040191772016,-0.0659
2022-12-02,38884.64,38908.96,38194.46,38221.52,2188162.36,-0.01720060625999971,53.6292014106429,286.91505261936504,55.1509459259571,0.04036665731764711,35.13342993359446,0.5742753936944407,0.6764184938535067,0.46639568366205936,-0.0467
2022-12-03,38221.52,38610.68,37954.48,38577.82,2133170.13,0.009278792144036182,52.7804604451265,261.1753988125265,58.223423968620864,0.03767483121499553,34.481561206705,0.6713341012477547,0.7209160325862747,0.5389790621539221,-0.0237
2022-12-04,38577.82,39506.01,36714.26,37638.69,4628836.28,-0.024644989208533995,51.48777246669398,171.78507294870144,49.95400532015086,0.04110874437218387,31.489286926223098,0.17463594473494456,0.5148971632996119,1.1334127910491403,-0.0699
2022-12-05,37638.69,37860.97,36161.13,36816.64,554900.96,-0.022082593822777125,48.84745179357529,54.265966700266006,40.629762075347664,0.04396746378034077,28.88615769645829,-0.007388949595063724,0.3136132248626947,0.13855394283352251,-0.0628
2022-12-06,36816.64,37306.83,33526.06,34296.44,2052510.78,-0.07090835819024494,44.75638374487002,-183.21881733450596,24.71234999587294,0.05180887579000856,29.199470971222002,-0.5853844264029665,-0.1544316218799602,0.504538628368082,-0.1051
2022-12-07,34296.44,35279.7,33252.07,34118.49,1409791.07,-0.005202092622276601,40.06376217569498,-333.55190345727624,15.327006111916221,0.05363819693408908,29.650228252479643,-1.5117374241470922,-0.08810362517168296,0.3765363973027111,-0.0303
2022-12-08,34118.49,35960.12,33525.12,35907.99,17481868.24,0.05112036732933982,39.3118565694541,-295.0609900129122,19.450387257695155,0.05067356079483167,29.493636189567635,2.5445569238724413,0.24570616607946244,4.840653025584233,-0.0857
2022-12-09,35907.99,37036.15,35882.93,36612.78,2875427.55,0.01943752638099641,43.44510107367212,-208.78776349332705,30.97371415915819,0.0504685600414331,27.108094914438503,2.516718720167245,0.3771190435141873,0.8102852269142724,-0.1142
2022-12-10,36612.78,38587.3,36058.64,38116.4,9832434.88,0.0402472759255678,48.97622362506335,-45.63275999544021,48.964302862427864,0.05196908117539343,23.981427711569353,2.949391734660005,0.6244932167104493,2.6183628074349383,-0.1697
2022-12-11,38116.4,39643.66,37529.11,38853.84,3176655.71,0.0191622779164848,47.92949806590882,108.36558560746346,65.98304385166928,0.04966054467569643,21.009868648527686,2.5665805663450167,0.7292034471544602,0.8367077556337945,-0.2291
2022-12-12,38853.84,39038.98,35907.33,37191.07,750081.99,-0.043738234929835806,51.73397677858113,95.12908572754358,71.402473430429,0.052054508169362614,19.88308498175618,2.0687808463230675,0.4425896069525633,0.19643735891400158,-0.138
2022-12-13,37191.07,37907.18,37134.36,37844.4,1156174.08,0.01741433779541453,48.58880379650763,125.35817651138504,73.4628531174026,0.04818355839020768,18.739858539167123,1.8592959878106154,0.5464100374912906,0.3032812458159187,-0.104
2022-12-14,37844.4,38944.87,36506.76,37095.18,7037113.68,-0.019995974457857047,46.729092884461615,91.45281753568568,64.53501137161298,0.052433458239804956,16.957089384445815,1.1208145498091469,0.433130005955333,1.7698903208637973,-0.0918
2022-12-15,37095.18,37850.19,36986.76,37327.73,6737598.03,0.006249440041045701,44.23877495241677,81.57243122101885,65.24771874698065,0.05187283019887579,15.567581378809631,1.4981506187282707,0.4838054148746444,1.6135346308355245,-0.12
2022-12-16,37327.73,38757.43,37234.6,38598.24,1183457.89,0.03347019749959361,51.33405480084178,153.32264077143356,69.17913487347822,0.0516612378476931,14.146729251639902,1.423384591396448,0.7062558249211377,0.28566986128916944,-0.0686
2022-12-17,38598.24,38910.78,37404.12,37795.07,1393058.23,-0.021028008737077122,47.31313455804118,139.78919539867917,72.82919169292848,0.05436634989694311,13.59998009265637,1.1837621496816684,0.584754609393119,0.3747916077110034,-0.1064
2022-12-18,37795.07,40103.6,37190.99,39121.7,3460774.62,0.034498629415887216,54.95866248703872,209.11130545454438,80.13016316287329,0.052743435411608676,14.74901977627931,1.2954818298307496,0.799434239329037,0.9066495122891736,-0.0614
2022-12-19,39121.7,39595.69,37786.71,38415.1,2380964.6,-0.018226688789128975,55.386271184547404,196.49909734775605,77.36751315036118,0.05391652166538766,15.89857259345946,1.014506896391782,0.6694215168248183,0.6119758634549666,-0.102
2022-12-20,38415.1,40233.71,37661.9,39041.76,8951991.61,0.016181231029922253,68.32914372868315,217.83087600877184,81.3173758609292,0.05083926251566983,18.927405005009046,1.4750588600364087,0.7653875780412096,2.1876147203633747,-0.1291
2022-12-21,39041.76,39565.98,37869.71,38040.19,2725109.02,-0.02598861008885116,64.2417107041802,154.91352549813217,75.19534980998516,0.05155562352041879,22.14011563997001,1.1579408764466415,0.5997693682399399,0.6637696524586721,-0.0847
2022-12-22,38040.19,39078.23,37322.94,37323.28,6111629.57,-0.01902597175830165,55.57386436523501,60.3019414012569,61.11191269829329,0.05124509421464268,23.505111138800366,0.6596140479968425,0.4795996911279209,1.4207549605289456,-0.0373
2022-12-23,37323.28,37859.71,35905.77,36561.2,2345077.45,-0.020629691844384866,49.79777402388354,-52.23536290846755,38.51751022199301,0.05387758841924631,23.911318697944015,0.42481571034443905,0.35917482585267246,0.54381472421555,-0.0056
2022-12-24,36561.2,36763.85,36372.66,36678.27,5690363.03,0.0031969128041765232,43.673827761897485,-113.8844158142043,22.032950938376043,0.04954303616671022,24.678497387652822,0.7650574149908276,0.3896399990613461,1.3035298747298945,-0.0578
2022-12-25,36678.27,36813.63,35195.31,35750.05,6687279.85,-0.02563281386814518,36.572154890539224,-206.8543535775175,14.667845359267949,0.04983791231459422,24.260584822265887,0.151160373033309,0.23865064679162598,1.431362482673664,-0.0772
2022-12-26,35750.05,37029.14,35728.01,36091.0,14920006.87,0.00949185903689773,44.62618717008133,-233.11505011848675,15.545550099202828,0.045744269445872135,23.90919973171184,1.4490415465325328,0.2579492526172355,2.806969776909487,-0.0655
2022-12-27,36091.0,36453.92,34592.23,35309.2,1970496.26,-0.021899973564956484,37.769130272339666,-287.3070232253734,13.832136997227346,0.04895984211317072,22.90616994598926,1.457097507327374,0.043613706306810725,0.3687734990363368,-0.1047
2022-12-28,35309.2,35418.16,34396.01,34734.04,4580125.08,-0.016423367278744987,38.414289470987086,-342.32283371331823,12.092211689420287,0.046858725824648916,23.769805552159607,0.762857225059017,-0.021521818191160315,0.974849169623591,-0.0309
2022-12-29,34734.04,34899.79,34385.7,34440.66,4714929.34,-0.008482342794659847,35.917707163208334,-376.2082255228768,6.479723793562218,0.046533370730977124,24.371318650156592,-0.1776959228572864,0.001959569022605131,0.9842729510026292,-0.1495
2022-12-30,34440.66,34876.62,34274.84,34290.19,1708624.65,-0.004378535705451022,26.408905370175773,-385.0955150562009,2.3292904910574284,0.044818961758020776,26.747338218837122,-0.5699996446706491,0.05022806603782945,0.38973430535142933,-0.1809
2022-12-31,34290.19,34623.2,33944.82,34528.69,2315415.11,0.006931265223807297,30.934041559148866,-352.1477247028208,3.493852117764989,0.042795943232784954,29.619376534939256,-0.10730335023184519,0.13308473305174265,0.5333812217809725,-0.1974
2023-01-01,34528.69,35221.58,34165.76,35023.27,3683930.41,0.014222125055344951,23.503643028039903,-277.56065112342856,8.896748227413326,0.03840475204056093,32.06773617927525,0.6028044330838193,0.23801198168581572,0.8208938899847055,-0.3297
2023-01-02,35023.27,35960.21,34952.54,35040.11,19192398.2,0.00048070761999453117,26.04415837681178,-210.64049299484418,14.61630483808544,0.03675284042853187,32.98108747247221,3.067265957400507,0.2650774834510444,3.5610607735005435,-0.383
2023-01-03,35040.11,35202.87,34282.06,34415.81,8488205.18,-0.01797735351058656,17.15377962796576,-192.46983889575654,14.314546581896536,0.03399295265750423,32.536101419661215,1.636791923955683,0.20096261259304668,1.5540266712900621,-0.3326
2023-01-04,34415.81,35319.13,34354.32,35058.94,4286366.04,0.018514593329183388,27.69657314568242,-124.48386585305684,15.832818921829201,0.031879111494601334,31.59080838877879,1.9163727221925364,0.31486879100556725,0.8027639088950153,-0.3145
2023-01-05,35058.94,36359.12,34695.85,35841.8,3104145.75,0.02208416490860576,39.02500096224767,-19.637586951983167,26.179233305883113,0.03099941967199444,29.769388361160498,1.9575831192953104,0.4481762998185555,0.5710827544798674,-0.2201
2023-01-06,35841.8,35984.5,35312.31,35917.6,3057247.72,0.0021126159971293253,44.69244902635683,57.73764302209622,44.706803576430964,0.028385009816110907,28.726144909347262,1.9610583491072096,0.4738254674887231,0.5539742684722779,-0.1318
2023-01-07,35917.6,35997.73,35029.5,35575.45,5296070.82,-0.009571632828691232,41.23095223615053,87.034225959487,55.09515930726295,0.029816589008101774,28.859374045283328,1.244763580671598,0.4409641972875844,0.9439538449758484,-0.1036
2023-01-08,35575.45,37919.65,35008.74,37794.66,2895384.44,0.0605120295764381,63.48842149311485,247.9219118743988,71.22847625420609,0.030508712833271275,30.010606631595355,1.3789684627933843,0.8592148630208867,0.5137085242054151,-0.0827
2023-01-09,37794.66,39175.83,37299.11,38592.85,6568247.42,0.020899203347634367,65.56579649653023,391.6031126175762,79.52638317251267,0.0309430373760863,31.520286898698576,1.7622350480589812,1.0338634973886949,1.19053557827224,-0.0753
2023-01-10,38592.85,38750.06,37628.98,38063.97,2735496.3,-0.013798860738371265,67.69633003237931,431.3845660059156,88.1518671352544,0.02998319107843946,35.40629452336394,1.3475343492509886,0.9299605808544262,0.4957789971100257,-0.2043
2023-01-11,38063.97,39883.22,37671.45,39437.95,2921769.41,0.035460385281909576,77.40481247841926,524.4111281885064,86.70066358523974,0.031093201924969057,38.81749223622534,1.4291299950095953,1.0858625191740494,0.5453016702940737,-0.2638
2023-01-12,39437.95,40086.81,38745.4,38946.35,3373824.88,-0.012543492654676554,75.65739497333381,525.6818906218871,84.22614486720657,0.03300300101475747,42.29448945855144,1.039700988053608,0.9413848008575506,0.6236832776157878,-0.2456
2023-01-13,38946.35,39081.57,36698.69,37691.77,7349258.1,-0.032743289805981866,67.20646257719997,419.48554340826536,78.31302515513256,0.03747682470583055,42.31810190609502,0.33925492921499806,0.7355371752346378,1.3380628424247778,-0.2025
2023-01-14,37691.77,41815.74,37608.64,40674.7,3002423.63,0.07616450930483981,74.33286641884555,520.9697780512286,75.84054285468892,0.040925176724447315,43.148421112010105,0.532109595190005,1.053465245431116,0.5656179665839184,-0.1779
2023-01-15,40674.7,43226.34,39787.47,42378.71,1987468.26,0.04103983595051111,76.57607855131852,664.4991245704817,78.87103156324676,0.04329620091920472,43.23945297638037,0.6587376356832265,1.1031189932844212,0.42634973998739634,-0.2136
2023-01-16,42378.71,43459.97,41761.43,42902.73,512514.82,0.012289346782286593,77.40421479900257,750.0387541016282,89.8453625723857,0.04391760151392606,44.353475641253155,0.6376469236134285,1.038245959835281,0.11169082364864538,-0.1561
2023-01-17,42902.73,43955.41,41977.61,42051.77,6165874.6,-0.020033981993087965,76.20025665058581,705.2899223107352,88.20811672091939,0.04660170750752751,44.8716333416175,-0.023580937081699643,0.9025708263139772,1.3208871770954957,-0.0741
2023-01-18,42051.77,42131.84,41420.02,41604.25,1111879.42,-0.010699152769387208,72.76361944159697,605.3637146687056,82.90314327083014,0.04666863532999886,45.05624225090702,-0.24867661486694195,0.8262658462277281,0.24775450481476566,-0.0235
2023-01-19,41604.25,42295.59,41520.88,42133.97,1474576.24,0.012651978179549696,72.27545482473467,537.0771211623755,78.14070161346359,0.04457555269535613,46.72929807850138,-0.23896376268870564,0.8344243918223988,0.32943143757884447,0.0271
2023-01-20,42133.97,42222.26,39321.79,39992.7,1005197.2,-0.0521573662311899,62.585999646132855,320.52087162595967,69.98562258495487,0.05094199334234368,47.86950709774929,-0.6310799529431096,0.6348117297030872,0.2279041451413427,-0.0022
2023-01-21,39992.7,40902.18,39783.3,40312.2,1878905.03,0.007957215209050461,64.65001110273667,178.69437128484788,64.87572098512827,0.050805179856918334,48.932707703874925,-0.6072875059013741,0.6442819878954297,0.43489520954853317,0.0517
2023-01-22,40312.2,41418.49,40177.6,40424.69,3211269.23,0.002786584243977905,59.35311334149075,77.52363428336957,55.44384473434268,0.047712955339198664,48.940288399429576,0.1770273264067201,0.635885915249534,0.9119539810701832,0.0564
2023-01-23,40424.69,40817.09,40028.83,40426.16,3916109.4,3.636325407007872e-05,56.91140645332762,-0.12304976048562821,53.99662398338688,0.04578803145571646,47.61614759645418,1.0431077858596116,0.6170897512689224,1.1893302434829847,0.0792
2023-01-24,40426.16,41040.69,39212.28,39518.62,2100452.45,-0.022705146924239528,55.331673213478304,-116.96555979611094,47.19028247833659,0.048118022773628616,44.2508492023279,0.4411590876478749,0.5005064187032044,0.6598129836390211,0.0935
2023-01-25,39518.62,39881.09,38721.06,39069.2,792656.43,-0.011437520452896806,48.55017248470775,-222.7474404462564,40.963915745165416,0.04674868109477806,39.85077663455883,0.2143145935312223,0.42562440409785307,0.2583767994621365,0.0827
2023-01-26,39069.2,39627.67,36512.33,37415.99,3051501.27,-0.04323627963053845,44.48663557767707,-392.3668509507444,27.888973444048062,0.05220075313100988,36.56304342751434,-0.5241923701981723,0.195484187374204,0.9947701817251917,0.0356
2023-01-27,37415.99,37862.59,36648.8,37147.33,4739754.46,-0.0072062553713474605,47.888575877960264,-503.8536287883211,17.779589112928132,0.05033030445447692,34.539502924857715,-1.6078279854156479,0.1195799854628415,1.5592691934571912,0.0297
2023-01-28,37147.33,37803.25,37070.76,37426.06,9273045.62,0.007475355431026878,34.057350821830084,-536.9781422328346,10.98286372485895,0.04332409021947717,33.54416810191855,0.6372194051723425,0.16630842714631344,2.760976202464779,0.0776
2023-01-29,37426.06,37535.15,36986.29,37087.44,3289690.84,-0.009088885398009491,20.0147793353604,-557.4242177068637,9.511474640413828,0.038153636764503875,34.162857120728354,-0.07751376884608337,0.14605019120735319,1.0297392414877933,0.0516
2023-01-30,37087.44,37175.57,36550.63,36962.0,1450323.13,-0.003388009956313855,14.74155889607593,-553.9767447011466,8.681486696355934,0.0362084032249239,35.3783528117831,-0.3926012902886628,0.14919015403562658,0.4632991556291749,0.0937
2023-01-31,36962.0,37474.76,35560.17,35624.91,1600409.33,-0.03684524559373046,13.937320159409737,-611.7960279404414,4.909804085912541,0.03744065599041864,36.83521172811339,-0.7764894617591577,0.04837242257062399,0.5222660015792133,0.1259
2023-02-01,35624.91,36458.49,35360.72,35663.61,6253419.03,0.0010857289168480005,15.062703925716406,-615.791034085564,3.7900918691381613,0.03817302446786723,38.755662480799806,1.221186519271678,0.1024682362431287,1.9491157418052063,0.1046
2023-02-02,35663.61,36367.29,35623.92,36015.8,1188736.19,0.00982688987475922,13.251276679101508,-564.4308895154367,4.95865097645144,0.0377375842189791,41.1596057261502,1.4208439586828336,0.16314887914900633,0.4098651713624939,0.1688
2023-02-03,36015.8,36067.96,35537.68,35703.86,1267777.03,-0.008698924871445524,16.98352578870245,-522.1643654328286,6.5264087793657,0.03332552838823774,44.88931909988957,0.9593444267543192,0.170215044246767,0.45059245929936476,0.1426
2023-02-04,35703.86,35956.15,35628.34,35937.45,1912473.22,0.00652112106225761,15.870739839474567,-451.80865917935694,8.244029568866615,0.0315366003987396,48.43538624984165,1.4151979284524032,0.22091988618033168,0.680637053898901,0.211
2023-02-05,35937.45,36142.63,34474.49,34958.31,4802880.86,-0.02762371859447906,12.43419913276982,-443.89919221401414,7.517767233231248,0.03329288106726338,53.73412689865326,0.08204604275650086,0.15015038167077022,1.5880722602996862,0.2221
2023-02-06,34958.31,35376.16,33975.62,34542.68,1504393.81,-0.011960547750672821,11.745406311961801,-438.5708177893555,8.305029485061374,0.03495956720372575,59.70780568262775,-0.3966380632098996,0.14052702642602607,0.5389634315101239,0.2102
2023-02-07,34542.68,35684.08,34160.64,35529.92,2550382.32,0.02817949750494847,24.331368409775664,-344.6120667097987,13.904751560120921,0.03337507012197713,65.536357002462,0.28508007399856633,0.26732796717864366,0.8907461613736771,0.1553
2023-02-08,35529.92,35925.74,34420.68,34966.56,11840361.09,-0.01598298220687004,23.979709622408507,-298.1972144975314,17.292771177261326,0.034617605261376166,71.11575413989883,-2.676586278370027,0.21858186421885667,3.5015250541128937,0.1431
2023-02-09,34966.56,36036.06,34906.78,35846.85,1038697.98,0.02486352087120997,38.96622235396414,-191.2050781254727,30.664387713896332,0.029810070978533536,74.47955859181256,-2.1087790471625416,0.34681498090610213,0.3070198824795471,0.1258
2023-02-10,35846.85,36791.11,35397.15,36258.63,2440211.44,0.01142172485589159,43.87419455258354,-81.31639682916557,41.77300719158941,0.029826455896737714,76.94888393199463,-1.4235988199773417,0.41994493016133194,0.7153470749714014,0.0566
2023-02-11,36258.63,36497.7,34857.27,35140.94,2795964.59,-0.03131058938882117,35.88159699420176,-72.79462930794898,46.84155061558699,0.032620621011104425,77.5669988742487,-1.746550632815596,0.2769462114005823,0.8246559229379128,0.0429
2023-02-12,35140.94,35143.68,34455.41,34537.79,2427842.82,-0.01731274565889148,34.74584282054404,-95.25175024673626,36.14983414326621,0.033478608297080055,76.57706097157957,-1.9070166905323522,0.1842318711310039,0.7321493267860223,0.0005
2023-02-13,34537.79,35428.55,34484.35,34792.25,7252773.98,0.0073405739448510025,37.2160848425146,-81.00083425027981,24.047332617569506,0.0338891974095119,74.28646922125867,-0.5177023552144261,0.23585188195782814,2.0295059673269153,0.0298
2023-02-14,34792.25,35357.64,34213.88,34926.25,1809394.6,0.0038440346537964125,45.20359294505013,-51.991946918158646,24.389416808552255,0.03218273198115519,70.40810493087282,-0.13874385319540997,0.2645061045763665,0.4992119633257802,0.0936
2023-02-15,34926.25,35791.22,34316.63,35692.44,2793973.9,0.02170020617118335,50.17994794342218,25.209646181672042,39.35998855020475,0.032245984223620905,65.59101644609463,0.3772085229534098,0.4869919773283831,0.7736056923504008,0.0276
2023-02-16,35692.44,36587.68,35334.92,35844.13,3105663.04,0.0042409141883593335,48.90098141433309,89.29704622999066,53.702434271167526,0.033124610839837004,59.38568677974086,0.8696719100750396,0.552689805118717,0.8798109838353425,0.1118
2023-02-17,35844.13,35909.14,34039.15,34093.7,6450637.95,-0.05006719935494494,41.29515258397108,20.21277599566224,43.84565386471315,0.03763206775947032,54.71661029954661,-0.2679334885399839,0.04423577707479867,1.9035166635660923,0.0998
2023-02-18,34093.7,34856.39,33367.04,34547.68,2387023.61,0.013227782411931514,42.661497533963605,11.914821685360494,35.01330074287181,0.03953908254991873,50.558623985681656,0.2007030061161047,0.2060355216189673,0.7138939412494033,0.0461
2023-02-19,34547.68,35925.84,34380.84,35640.99,4429121.07,0.03115598109484537,53.56185825115842,82.92493576608513,35.02842609725912,0.03807940961074529,43.7137785432019,0.9788161614928225,0.6351899053506067,1.268141879602019,0.0817
2023-02-20,35640.99,36306.64,35173.03,35547.95,11897311.79,-0.0026138906682431295,55.42766621121503,124.02225497024233,54.861612058004404,0.037642717191035,37.70469715225006,-1.140225546523744,0.5987002457582633,2.968797066689562,0.0553
2023-02-21,35547.95,37170.68,35317.54,36601.06,1813163.91,0.02919471241022323,55.742466610360616,217.07836804853673,71.70952592752123,0.03720305992698181,32.78861815815848,-0.7335011326166365,0.9670228669471037,0.4789837547149007,0.0484
2023-02-22,36601.06,37210.68,36252.66,36792.26,985384.53,0.005210295229724415,60.19452063267484,282.3232431702289,79.2772697481833,0.03594770049072233,28.313477057139753,-0.48062298703927253,0.9806681975817261,0.26101023033739074,0.0258
2023-02-23,36792.26,37015.55,36346.03,36732.09,3117269.0,-0.0016367370383415813,55.441469350672236,310.0310110348523,87.2289439005226,0.03511254444973842,24.786698096659922,-0.978032074610837,0.9100482397878354,0.8059652257300691,-0.0163
2023-02-24,36732.09,37076.85,36057.05,36930.96,2649475.84,0.005399463724564401,54.243816347136125,328.5834645573469,89.79500334728762,0.03419979953326658,22.1891092050577,-0.38314668854857264,0.9241893507034504,0.6785530600779631,0.0207
2023-02-25,36930.96,37938.68,36439.82,37741.86,3752014.71,0.021719599652137274,67.07873136655179,378.73441075296,91.9886022572367,0.03319707310964415,20.46699867788904,0.46535870855551603,1.0417760629104345,0.9740298520220346,0.0053
2023-02-26,37741.86,39440.99,37418.74,39051.02,3429993.06,0.03409917299842348,77.12111396887963,476.9962613630714,93.9989720351111,0.03452415766421023,19.87885875782008,1.1734412782346901,1.1640421536198013,0.8687192814217432,-0.0668
2023-02-27,39051.02,40746.53,38898.95,40150.22,1761973.42,0.027758923526734317,79.22980824188183,585.7757185568692,93.73125098170793,0.035186126359590626,20.546970065717545,1.5136441548260506,1.161995033676277,0.45075794546096765,-0.0359
2023-02-28,40150.22,41524.07,39091.23,41252.33,2350699.27,0.027079676204152518,81.2141283827506,694.2956169506646,94.05587725073717,0.03647813001453475,22.419642971849374,1.7582225985943245,1.1403265632768274,0.68445115922353,-0.0944
2023-03-01,41252.33,41954.78,41124.26,41756.53,1174996.13,0.012148250218198618,80.71554404188063,757.2243769968622,95.42649238618412,0.03493592157065032,25.279107369311607,1.738807573553969,1.0663881180997992,0.3414451233781325,-0.1473
2023-03-02,41756.53,42761.62,40743.42,41001.21,2054373.22,-0.01825426778821117,74.61613365055403,706.1731737299003,91.87384878003839,0.03691298727176035,29.264661549301557,1.2106479478204166,0.918772212670795,0.6003511757665451,-0.0803
2023-03-03,41001.21,41109.07,40427.72,40929.8,3794764.59,-0.0017431743629801762,88.85922887359449,628.3937530049084,86.4847387486249,0.034903036069414854,33.20966246069553,0.43607422706295706,0.8640454589895997,1.0929959858935947,-0.1361
2023-03-04,40929.8,42664.87,40584.17,42641.78,2009544.81,0.040976119725849476,90.25321315413044,650.3184761493469,86.77760043002819,0.034492311799090625,37.754582300067504,0.7613995139623655,0.9587170800168044,0.5823117476857259,-0.2451
2023-03-05,42641.78,43825.34,41707.43,42943.05,9179796.26,0.007040295444617586,89.41971120386022,642.076070987509,89.62473686900597,0.03520326838185369,43.75998987818207,2.220469733663932,0.9245016259972647,2.587805344380092,-0.2017
2023-03-06,42943.05,43103.86,41896.75,41935.92,4344994.97,-0.02373208036103815,81.38733867614437,530.3951221527636,88.72160295951068,0.03617389851672152,48.89737652471792,1.2638739407947492,0.8040602431664601,1.1825983553887986,-0.2068
2023-03-07,41935.92,43050.74,41683.0,42399.27,1411658.2,0.010988406198163745,80.24226315227567,452.36911848267437,83.07905601404045,0.034960844507793076,53.232031412726755,1.3624103887369914,0.808854027928651,0.3915841756527976,-0.2074
2023-03-08,42399.27,45413.08,41884.19,43916.29,3970114.96,0.03515417675791981,82.6428301075623,465.73935159027997,81.14539919215628,0.03793462191688956,57.96249288977247,1.7822823978751423,0.8852481790524722,1.0882347518299647,-0.2127
2023-03-09,43916.29,44748.23,42968.43,44474.64,1759091.47,0.01263381721757699,83.92798768024333,473.4524915942918,85.20465542821971,0.039241544651697664,62.77409290507036,1.7675626006251677,0.8907573464332473,0.5153127970246438,-0.1905
2023-03-10,44474.64,45485.34,43625.55,44005.77,626518.49,-0.010598377399786692,80.28530162305836,410.58166506799375,85.87153623620395,0.04102309440653912,68.89874628069556,1.4814532372970548,0.8250006539385598,0.18839188228632625,-0.2186
2023-03-11,44005.77,44164.79,41177.93,41955.82,4362336.27,-0.04770360180291187,66.30875309154946,204.92933779913164,76.6193328733675,0.04556074869775196,71.2378961172304,0.8370657465836001,0.6346715990130388,1.3130574434347182,-0.1339
2023-03-12,41955.82,41964.37,41714.49,41938.77,1095272.02,-0.0004064624485259395,62.41806933832462,49.83282018311206,62.01379109525876,0.042560635762214506,71.84817698085682,0.6166258058719275,0.6141591293891668,0.39367519903870324,-0.201
2023-03-13,41938.77,42236.41,39178.87,39395.6,5425721.59,-0.0625565624919851,47.1134205170003,-226.77053563344953,35.71949076238633,0.047501914644553035,69.63740648168256,-0.2240622844294942,0.3449102040953359,1.8312819793255883,-0.1687
2023-03-14,39395.6,39824.32,38100.04,38183.86,3068643.38,-0.031241221701134095,38.36008560889881,-479.54641061977713,17.34939044731824,0.04768389052336571,65.8699755061084,-0.7616598727063245,0.19934246373707845,1.0005480330961019,-0.1282
2023-03-15,38183.86,38476.29,37576.12,37791.35,3046570.24,-0.010332672779960902,34.82996559792272,-650.7624251762065,2.8721246004525725,0.04831079069680012,62.11796446358671,-1.4004845298799284,0.13682138313450914,0.9944972080448763,-0.1597
2023-03-16,37791.35,38591.41,36244.91,36572.53,1899470.18,-0.032782828301522515,33.637019290816625,-813.132827474634,2.4672392379568824,0.05056199283996744,59.4241461536451,-1.7667904118679212,0.009641990633051954,0.6277315853162221,-0.2029
2023-03-17,36572.53,36679.89,35288.81,35937.91,6210194.46,-0.017504684970093002,32.29302566755409,-922.3116731889199,4.2108838584206465,0.0528654838302915,55.807166632102266,-2.40218495613893,-0.01272956471738248,1.9722188677687524,-0.1419
2023-03-18,35937.91,36406.7,33675.81,34795.22,1710840.53,-0.03231270616379673,20.99568699734455,-1022.7494518143093,6.463422390599061,0.05593633673983332,52.58617298784936,-2.2026073314306838,-0.03465280111244687,0.5585727300114176,-0.1844
2023-03-19,34795.22,35304.34,34786.38,35215.48,1883969.54,0.012005737635293693,21.6846102714196,-1010.3685140644396,9.627427521410745,0.05202357031622115,50.2169542248969,-1.7097787118273111,0.06656315541957118,0.6138751125814715,-0.2055
2023-03-20,35215.48,36481.52,35097.02,35831.57,6892523.95,0.01734358972682513,26.972520255115356,-913.1237724421737,13.590267069606583,0.05148269289582341,47.009326030740304,-0.8170316493284563,0.15844751697024234,2.091134122029801,-0.1509
2023-03-21,35831.57,37540.87,35789.97,36400.98,4477814.45,0.015766348970733934,27.552234002054035,-768.6835874465994,18.122651790530117,0.05142922761183274,43.454236500596004,-0.25710774454039137,0.23132967289950973,1.2937133463640245,-0.1416
2023-03-22,36400.98,36745.88,36322.08,36558.69,1445901.77,0.0043232170769400575,19.346500861351956,-626.7557528551099,21.91396835153032,0.04514062574060206,41.307663870367676,-0.07205712782729502,0.2655730481370515,0.4214489926409532,-0.2244
2023-03-23,36558.69,37927.48,36173.1,37741.83,2704399.43,0.031850113996816476,23.337581171336737,-426.97365228953294,27.3058284283733,0.04367743770164276,38.26290822519711,0.22321710597365396,0.3665956662268239,0.8010023938708246,-0.1258
2023-03-24,37741.83,38380.62,37609.96,37984.4,1478653.85,0.006406520690643846,25.71975357498907,-260.45434720622734,33.30625439127933,0.04135043408796811,35.03974181483194,0.3757793382796165,0.4000552116995925,0.4414255375522347,-0.146
2023-03-25,37984.4,38277.21,37490.21,38153.14,7596427.41,0.0044325119059993486,31.923882827197218,-127.630765034234,42.60296103638045,0.037049075683631846,33.56602691591811,1.240098337662822,0.42878270154336107,2.322671661888484,-0.1588
2023-03-26,38153.14,38792.16,37519.51,37578.82,2288129.04,-0.015167467215940526,30.317656798815747,-70.0192977922203,46.32386951881636,0.039559346765762636,32.08199278544918,0.9363618939735421,0.39890679381244054,0.7223284927457244,-0.1381
2023-03-27,37578.82,38386.68,37142.73,37297.84,2559966.45,-0.007505177685854999,38.09930107954365,-43.68955375138944,52.26779183337155,0.03638418279908609,31.95068672663331,0.6456512070824801,0.39345085235173094,0.7937565487750138,-0.0999
2023-03-28,37297.84,37966.83,36001.84,36752.53,9331758.17,-0.014728349299149686,41.215784130468585,-55.11618222227344,54.878947236202386,0.037391847581639326,32.85440215742448,-0.35172475240676154,0.3669490295364536,2.6713990314629825,0.0031
2023-03-29,36752.53,37460.9,36311.16,37429.42,2397915.62,0.018249959377855184,47.85371610122699,-11.485201128865015,64.13637425845917,0.03719190488581061,33.4269471940003,0.005362915135865724,0.4525545114512745,0.6802305454039123,-0.0801
2023-03-30,37429.42,38620.57,37341.04,38573.91,8778372.04,0.030119115002586332,61.97395784618855,94.2349315683262,76.41143914429277,0.034112675788219166,33.09031003913627,1.1558448932104841,0.6293690699264046,2.2321239308924152,-0.0348
2023-03-31,38573.91,39327.43,38519.09,39079.52,3463614.21,0.013022403394615622,69.09048261898117,192.34270804315042,88.2375767781245,0.03260620908341952,33.7790084371756,1.513895739620863,0.7507158076272545,0.8908912899992524,0.0041
2023-04-01,39079.52,39659.72,38048.17,38422.33,3109238.31,-0.016959743603026562,73.42274216517485,205.890667929681,88.65224295552275,0.031083022368941,34.24463242647103,1.0967114213496367,0.7272112592965628,0.779549568165133,-0.0029
2023-04-02,38422.33,38987.44,38105.76,38188.71,3935205.55,-0.006098878807805355,69.67444716502699,192.28994791398543,79.3275211233373,0.03195347899567239,33.8509904481665,0.587389303178636,0.7058616056519166,1.0054228991138345,0.0366
2023-04-03,38188.71,38841.66,36918.56,37548.9,12039623.24,-0.016895838684121218,61.32834814571567,136.02556895659973,62.607472369374086,0.03352251521158376,32.30631097304406,-0.8225779541955177,0.577287510151354,2.7597804107142068,0.0815
2023-04-04,37548.9,38319.71,37177.65,37362.21,1422824.84,-0.004984317720065728,56.67792587706733,84.57693686668318,50.13451436632152,0.03252604704057056,30.68526736765767,-0.9557612986053592,0.5417113472642381,0.33233149547165564,0.0083
2023-04-05,37362.21,37749.63,37178.58,37262.34,4181335.8,-0.0026766006528407926,54.928052463964576,44.191625551130585,39.03443199093752,0.03289548796834899,27.402516752052353,-1.3601305199085718,0.5124497357141784,0.9512904611468991,0.0954
2023-04-06,37262.34,37995.48,36261.56,36555.54,12298238.54,-0.019150417236703514,41.09778189257908,-25.97592223699388,28.929051800417394,0.03349154269287486,25.710564795858847,-2.362520942159051,0.34622825158465376,2.6167368938834623,0.0127
2023-04-07,36555.54,36990.75,36053.74,36568.31,2991692.84,0.0003492704536156747,38.99370286977807,-65.15161933245537,21.69444231807762,0.033804777180794915,24.560719026998218,-1.9140842438463646,0.30351943350638383,0.6279949707866831,-0.0447
2023-04-08,36568.31,36700.46,36187.33,36535.54,3280098.1,-0.0008965328691980627,37.156033233414334,-85.60633274014566,15.07129812892974,0.033299670090303754,24.066618276290516,-1.9794377861169132,0.24816628507628438,0.6785913768950985,-0.0556
2023-04-09,36535.54,37977.1,36414.11,37823.29,969825.41,0.03463956497529582,51.74358645081427,-8.787210808225382,26.623982561775478,0.03271423506521177,23.029407362840406,-1.6765623869399449,0.6078983033218067,0.21373318976514846,0.0434
2023-04-10,37823.29,38205.57,37604.42,38164.89,3972174.21,0.008990932567488332,56.13088074422506,64.6132265077826,41.17321144112302,0.031218371500229745,22.460466529501932,-1.23416756996448,0.6981388192935041,0.8803051319089655,0.0259
2023-04-11,38164.89,39163.38,37850.34,39126.2,7218321.4,0.024876336292142528,65.8515834408436,171.42430415620288,64.71126422373393,0.02926115638990153,22.86814170534831,-0.6342941279365754,0.9578506588401359,1.50353795086787,0.023
2023-04-12,39126.2,39791.77,38849.61,39586.17,3496715.24,0.011687495520362566,64.83270864013255,261.19225246295883,79.61277756875488,0.028546603884271438,24.04621151702633,-0.32879691969710384,1.0067196331009436,0.7223862276081603,0.0934
2023-04-13,39586.17,40117.82,38810.89,40003.2,2312363.9,0.010479636077252736,60.92263392092222,332.23647283244924,92.29467832123709,0.028297932593956857,24.452255151289002,-0.11392541889317453,1.0204929816473536,0.47363231360460173,0.0737
2023-04-14,40003.2,40108.56,39341.62,39760.87,1849491.73,-0.0060761880773990634,55.42518444786948,344.98471890203876,94.29880417086106,0.028396026401973355,22.926455033916508,-0.18508389197975958,0.9075787999184876,0.4025144779892765,0.0111
2023-04-15,39760.87,39971.46,39214.16,39633.07,2841086.86,-0.0032193920690106095,60.52795419774302,327.0486406161351,92.15632238187858,0.026948022374814445,20.578466285637568,-0.34279327473689575,0.8376582380275768,0.6146221929165633,-0.0103
2023-04-16,39633.07,39769.19,38852.01,39636.96,2484785.54,9.814554133828834e-05,63.11727975580779,298.47919928111276,89.15244450546624,0.027009351156806697,17.745082778079325,-0.06940837207211359,0.8039073690869589,0.5379797793738634,0.0588
2023-04-17,39636.96,39997.04,38969.35,39215.56,2228842.93,-0.010688409496463127,65.71733578602702,236.92132059660898,84.6798455408899,0.025668655867351044,18.984092355100607,-0.22620000747637325,0.6937551387170621,0.5227622286835668,0.0594
2023-04-18,39215.56,41498.62,39041.93,41185.23,3108036.05,0.049006090122530654,76.97982768981382,309.9664040045064,86.7371743222803,0.02672105648414709,22.01177211530133,0.0861803177353887,1.0163724853132692,0.7229513489040686,0.1529
2023-04-19,41185.23,41986.55,40132.64,41426.24,484298.2,0.005834799544488484,78.81153042290681,352.52335351616205,87.53307170752903,0.028777550515939335,25.269050585572074,0.2209515643671664,0.9781008271540111,0.12467803685589371,0.1822
2023-04-20,41426.24,43085.61,40121.59,42390.65,5162562.0,0.02301332257253518,88.98540964141347,419.1022517144226,91.63901784384467,0.03019557378808058,29.67452458958521,0.9029747387838347,1.0337453001276367,1.300610317168488,0.1408
2023-04-21,42390.65,42822.41,41032.72,41448.12,3571257.22,-0.02248529434985278,78.99998454727246,374.59579145921714,85.64502653027562,0.03235166551065261,33.70796293536697,0.6871008525151511,0.8501042755634998,0.894505147828206,0.1363
2023-04-22,41448.12,43116.45,41081.75,41883.06,1327963.11,0.010438924533457652,80.32973215657104,349.8494205936578,82.65898689714646,0.03461063460296215,37.86891202623325,1.0364311118984566,0.8640940513798125,0.34384688830032517,0.0869
2023-04-23,41883.06,42223.46,40651.69,41436.51,3390178.66,-0.01071907297776952,72.65500774848499,281.7335265177761,75.79408806419725,0.03499875903089036,41.931618147868974,0.5658014180584949,0.774712527313514,0.9885042232954109,0.0491
2023-04-24,41436.51,43221.07,41300.05,43010.74,772131.2,0.037287475690765834,76.31591809221784,318.32453421826415,82.40123104428834,0.03590970202192517,46.76793658093748,0.6704774915254978,0.9213135522588688,0.22729328864184198,0.2706
2023-04-25,43010.74,43801.26,42470.15,43798.66,1089552.58,0.018153371358372472,75.86133225766022,367.7196451145926,88.51799055272818,0.03529317041727345,50.49738117671016,0.7716508004229315,0.9512838211168385,0.3360243751341066,0.308
2023-04-26,43798.66,45751.09,43670.16,45548.31,3291470.11,0.03917029762494694,78.8769354153064,483.0880008727536,97.70328481206286,0.035723263623039535,54.06627326614677,1.1546209685513373,1.0557434332924056,1.178833196991875,0.3357
2023-04-27,45548.31,47215.24,45298.61,46903.89,936188.9,0.029327093511356428,80.63729864549718,607.5096264968793,97.76774597136567,0.035619311867606904,58.442325611498966,1.194913663472949,1.0858619270160605,0.34810750696799253,0.2877
2023-04-28,46903.89,48584.2,46153.86,48399.25,3070698.05,0.03138370329135108,84.51227093283454,738.6190747928845,97.1516479317724,0.036973683919238436,63.64800023873188,1.6380638812385377,1.1057842840644874,1.14625454463833,0.3518
2023-04-29,48399.25,49722.9,48015.92,49392.62,3335618.56,0.02031670258636833,86.46927508651723,833.328055508638,97.11285196897586,0.037603448797461664,68.64742377860085,2.18572358535436,1.069547680277265,1.1924904454607583,0.3892
2023-04-30,49392.62,50855.7,49110.84,49595.25,3122004.43,0.004094042694857658,86.66730489444313,847.8946243804351,94.8190731355519,0.03864186302402892,74.59830902974943,2.5100996141283334,0.9987213556186486,1.1333462756913897,0.4638
2023-05-01,49595.25,49975.68,48963.81,49853.84,3941525.62,0.005200461518403828,89.64643377732467,813.1045916214093,92.6257237110794,0.038418762870472425,78.32858600431534,2.556333429818093,0.9472918185961856,1.521332013670752,0.5323
2023-05-02,49853.84,50687.62,48837.45,48890.09,1606846.93,-0.019520807078272022,81.04164853597226,669.3424351321501,87.53452174600476,0.03828996837599639,81.04121118996818,1.9390715227858677,0.8415964849514945,0.6436797986517487,0.4317
2023-05-03,48890.09,49328.44,48406.41,48573.71,3116244.3,-0.006492279416067253,78.6221887257531,504.602986650435,83.98283586323178,0.03716901885519494,82.99658872967701,1.3248694933811465,0.7892584942993455,1.228541771661017,0.3546
2023-05-04,48573.71,50063.22,47935.57,48919.4,6875864.84,0.007091607781389231,77.50761133354872,376.4529604604604,80.48435903888286,0.03568515616649164,83.07190865191156,1.9335513911355757,0.7818936120283655,2.4663613864743565,0.2867
2023-05-05,48919.4,49685.18,47742.22,48343.66,648593.26,-0.011838959717571937,79.9796180638208,218.29278902179703,78.38224129861992,0.03633660102925433,82.55729383474875,1.6375521325051272,0.7219583663287924,0.24217207011099293,0.2252
2023-05-06,48343.66,48872.73,47666.25,47703.05,4373947.62,-0.013339748953934557,74.8588977485591,44.97647219436385,75.16992502613338,0.03558442729102978,81.8807629561614,0.9975237481362571,0.6602674587998291,1.5775098125030855,0.2301
2023-05-07,47703.05,48351.44,45501.21,46026.29,1752801.3,-0.0357825821780518,67.73998048821811,-194.98107806230655,64.6486035338023,0.03886483758986217,80.56299528633467,0.7034272715816003,0.5220090609026057,0.6376398633291246,0.1902
2023-05-08,46026.29,46125.01,44759.5,45553.53,5306722.58,-0.010324637012903379,60.7428606668556,-386.8482225276807,51.778044536580985,0.03839713409695399,78.15057368327368,-0.04359183790365108,0.4677899597039085,1.8562610210776913,0.2844
2023-05-09,45553.53,46329.07,45009.56,45117.46,8582935.31,-0.00961880667999575,55.74243181556255,-535.2920641147989,35.4573869731368,0.03874988593265317,75.70643563161367,-1.2070205823328002,0.4130000151390241,2.629772898028403,0.3654
2023-05-10,45117.46,45184.11,43509.91,44017.03,1734069.02,-0.024692706788941164,42.932806090058584,-689.9152134805202,21.27184823997031,0.039058616306322715,71.02378976791785,-1.340042824002632,0.30659505987371705,0.5607644199293701,0.3468
2023-05-11,44017.03,44514.14,42288.74,42636.45,1148657.21,-0.03186708325782486,30.350170185413276,-856.6118944478756,10.36803971681106,0.04084062546750207,65.979308704668,-1.4181222689067159,0.1693090919505178,0.38659698011152005,0.4272
2023-05-12,42636.45,43005.98,41915.12,42013.09,2254266.36,-0.014728284840142809,18.02673950981665,-971.8611124722368,4.0193563126895535,0.03916927183543874,61.98341589910505,-1.5632877588824396,0.11061913718318175,0.7470603231384766,0.4803
2023-05-13,42013.09,42254.55,40141.95,40321.57,2356182.35,-0.04109467489497507,7.551893471698051,-1114.7749106986269,2.277019995153482,0.04153099693289687,59.447714347636115,-1.7080762292253273,-0.01717312903357315,0.7944465634237452,0.4337
2023-05-14,40321.57,40853.08,39200.12,39271.03,2497392.96,-0.02639946457785313,5.239673348426507,-1224.089910715676,1.1298690059959575,0.042474839959259825,57.82962068175452,-1.7935620628635276,-0.03208092455046746,0.8182595752958133,0.3116
2023-05-15,39271.03,39820.17,38702.79,39186.27,1776196.09,-0.002160666578509093,3.043327068045386,-1242.191590120355,2.1093055288153733,0.0427590363373885,56.445143742647765,-1.76255108736245,0.027231307494173393,0.5754891111741606,0.2851
2023-05-16,39186.27,39593.53,37901.14,38659.37,2370387.44,-0.013537252606414424,3.1650506770270397,-1227.5587432918148,3.6285856994971635,0.04305029137455456,55.99285080815072,-1.738587256994694,0.05817077583249041,0.7796411138514845,0.2386
2023-05-17,38659.37,38995.33,37557.41,37643.85,4772737.63,-0.026619583444470945,2.9746395392904503,-1221.5603398128385,3.65322539250865,0.04519055379752543,56.05952029111764,-1.8478244826897547,0.06295202589589108,1.4766290391756671,0.237
2023-05-18,37643.85,37861.29,35361.92,36219.73,2536053.29,-0.038565596307420756,0.0,-1244.5799986958982,4.304835432503906,0.04770046207253287,57.101171924171275,-1.7614725418385528,0.05176899800035487,0.7911686118323205,0.2296
2023-05-19,36219.73,37208.43,35791.6,36390.88,1937446.23,0.004714195816963171,1.3920202227073304,-1179.9378342092582,4.76531874924835,0.04644342601378916,58.35695475905408,-1.4363538041961659,0.11158251115897977,0.617898007994888,0.2213
2023-05-20,36390.88,37041.97,35976.12,36362.81,2087319.52,-0.0007716447479935063,1.465006753650698,-1073.7640241894503,7.103374357714272,0.04620303389250396,59.735426572515095,-1.4051469022411283,0.14975910344180354,0.6768639647611311,0.2364
2023-05-21,36362.81,36520.16,35651.51,36414.11,4517052.75,0.0014097878419854532,2.2118746196401133,-939.6122565278047,8.305069344045181,0.042250949268986454,62.75567693222348,-1.005144282445474,0.18368109372371927,1.4512218998636124,0.164
2023-05-22,36414.11,36756.58,36162.69,36618.05,5633132.77,0.005584951344787085,4.3561368414192145,-783.0742097737027,9.584316188489131,0.04051048594885843,66.32966508536445,-0.5527435396954421,0.22155761951792916,1.6998498836631233,0.1763
2023-05-23,36618.05,36734.86,35437.16,35932.57,2028276.05,-0.01889716169968836,4.247898167543383,-675.6867820854595,8.952462378806631,0.04123994311725353,70.32521873034179,-0.61834428742556,0.2117856390035375,0.6222656769758056,0.1455
2023-05-24,35932.57,35946.46,35207.86,35492.65,3908314.12,-0.012318493746836039,4.54711234524774,-587.5243442498663,6.774521298507381,0.03986821416344434,76.22545859277444,-0.8301200037198602,0.21055770332835144,1.2562385419372386,0.1482
2023-05-25,35492.65,35966.14,34971.9,35029.81,7243085.88,-0.013126219519309229,5.0404164823704605,-516.1569923070415,3.196933371030095,0.03788454951449045,82.26055420376365,-1.3357759945964198,0.20491480954927963,2.105028802625471,0.1887
2023-05-26,35029.81,35900.01,32900.43,33019.04,1756441.93,-0.0591150484919037,4.330226072694842,-556.6665195047094,1.682997801030077,0.04432066208724637,87.13730312928472,-1.4190095653859682,0.10972099571175659,0.5306513508459407,0.1181
2023-05-27,33019.04,33432.93,32940.82,33168.2,2010757.69,0.004507220803159353,6.930604842817104,-526.0642885680888,1.7852851799742886,0.04063158171293655,90.23129579387951,-1.2077907646950805,0.14739032730607654,0.6051265525383205,0.0981
2023-05-28,33168.2,33731.33,32582.24,32638.65,5221209.04,-0.01609441663716115,7.39450734105624,-494.6094844942468,1.8048058809600267,0.04018811177194252,91.91306424060635,-1.7022477182077715,0.1377965407597807,1.5733188192583156,0.0873
2023-05-29,32638.65,33405.32,32434.03,33278.3,6399504.3,0.019408363971094512,14.573591720919012,-388.5262893012473,5.312908052507651,0.03910207896092418,93.5119688675609,-0.882816080179564,0.19804989328255415,1.9939727620260093,0.0572
2023-05-30,33278.3,33661.41,32152.48,32572.53,6949851.23,-0.021436237800662433,14.267532674669525,-326.2045519825997,6.2367315203623575,0.039547017949512465,94.19047034048309,-1.6048496528315341,0.16042912534736758,2.0027158982295132,0.0993
2023-05-31,32572.53,33757.65,32438.01,33409.62,2957516.51,0.025374587346954806,24.61130544964503,-195.3734501552135,13.317293252496086,0.03830327483947661,94.66156797699728,-1.1504071427613358,0.2455244445086864,0.8306099600926711,0.0583
2023-06-01,33409.62,33562.2,33114.4,33328.29,6589152.76,-0.002437296590832922,29.335107674919897,-86.62651163715918,17.13851385631733,0.03399985846428973,93.87589738618063,-1.853343849543353,0.2501065912471749,1.74436168812447,0.0276
2023-06-02,33328.29,33745.53,32306.54,33290.14,3837638.28,-0.001145328827784211,27.40979918405644,5.530893013433342,22.848158252714068,0.034086369117091696,93.2414443348814,-2.0741527325570175,0.2632467532057577,0.9964078568542603,-0.0092
2023-06-03,33290.14,34274.64,33152.62,33505.56,554222.66,0.0064501381635551115,29.73687905682071,98.62889478419629,25.30400383913371,0.03398696045840758,91.43331851630641,-1.7764315973341958,0.3058249748789666,0.14762285217670193,0.0458
2023-06-04,33505.56,34008.18,32276.99,32645.97,1590450.26,-0.025989977426054543,26.02555651935019,118.60667153508939,21.12484527185883,0.036769075719201315,89.83384758460174,-1.7490081089738572,0.21820441238153435,0.42468319732775833,0.0189
2023-06-05,32645.97,33266.48,32605.66,32931.43,2221599.36,0.008706103110636803,26.785035099487672,164.51092710702778,19.03529565094889,0.03659552157748665,89.03338953792489,-1.3320129091634823,0.27011234432931164,0.5943938424549441,0.041
2023-06-06,32931.43,33023.57,30912.23,31127.99,2100168.52,-0.05632010646531068,23.47921317143617,90.57534876563204,10.662156110649732,0.04058276811318669,88.12306548931986,-1.410446905188554,0.04989861992042133,0.5827391867801435,0.1377
2023-06-07,31127.99,32143.72,30997.53,32036.28,4877358.92,0.028761596162527846,31.859201322996512,118.25214336308363,14.503057907102693,0.040340937569161225,87.2139595455754,-0.7631659215440916,0.21389292277814215,1.3107568478997467,0.1271
2023-06-08,32036.28,32445.84,31764.62,32224.14,694257.24,0.0058468505240462645,34.83672430345281,161.92106135444556,17.604282836988556,0.039411912932342225,85.75371124398418,-0.6113060122844121,0.26440968984487667,0.18974658729388585,0.1763
2023-06-09,32224.14,32264.2,31340.72,31529.36,10824994.52,-0.02179668589240546,40.61387126702329,156.6272619855099,22.299159501376597,0.03557706667235831,83.67744881765621,-1.641502650357886,0.1847197728368016,2.6429827333182794,0.2511
2023-06-10,31529.36,31976.85,31037.43,31151.48,9012483.31,-0.012057419078869166,37.649094957133805,140.78892210242793,17.25723838640094,0.037034287203769674,81.7934315609202,-2.19210884950527,0.15016659624044798,2.085971528662483,0.2899
2023-06-11,31151.48,31657.5,29709.93,30282.41,5551848.36,-0.028294740252459642,36.1459256936256,87.50425573232133,12.670221291980011,0.03998054127319269,80.26288422208414,-2.341603620845037,0.03201489257643205,1.2862050850155324,0.2746
2023-06-12,30282.41,31997.25,29849.37,31668.9,2055412.13,0.04476811087049236,41.30112359973902,157.2873575373701,20.857468418676024,0.04088393615546725,78.10974011138437,-1.9240448611331595,0.2903869190134889,0.47603079682079447,0.2929
2023-06-13,31668.9,32513.48,31626.71,32345.97,4456602.15,0.021154311464087434,48.77162239459593,254.9167899386896,37.73507334886321,0.03865425231377816,75.05084642993745,-1.3913195218505732,0.45000133524089575,1.0256314292009001,0.2139
2023-06-14,32345.97,33902.17,32130.37,33372.86,6431010.89,0.03125355658901635,49.80471157163911,386.62555494127264,60.302772063518546,0.038432619456979226,70.57423188143005,-0.7133399994417581,0.7440864219027152,1.4939773800262348,0.1642
2023-06-15,33372.86,33679.81,32449.09,33008.67,7595854.85,-0.010972740582019583,48.35155313517766,443.133520662597,70.08630705257634,0.04055083969496136,66.41864984946974,-1.2906612708332168,0.645122025222531,1.6524961259423818,0.1258
2023-06-16,33008.67,33594.99,32784.51,33250.13,3181488.79,0.007288422636214601,49.79788621544877,487.18601849879906,76.68884405199154,0.038906185157330964,61.57329921632199,-0.9031226420088457,0.7089895296935247,0.6834369753673635,0.2315
2023-06-17,33250.13,33852.84,32883.75,33609.95,3272486.17,0.010763477214767274,50.51975196821912,527.5654288429325,80.18569020762469,0.03816465489703975,58.21624207086111,-0.5161884072991358,0.7830668863049619,0.7180134095327093,0.1793
2023-06-18,33609.95,33855.04,32637.3,32823.57,6487332.48,-0.02367529919995321,50.89075421130889,489.1756290968715,80.85414521473582,0.03796165812727754,54.18993044695934,-1.0815365235211285,0.5843752795602895,1.422009977971985,0.129
2023-06-19,32823.57,33269.97,31284.48,32165.87,1257515.47,-0.02024090235272101,46.298538290423096,410.5243979895736,74.52985958086464,0.041679470462667775,50.67981925600596,-1.1065009681523226,0.4154172430921682,0.2939858289209471,0.0703
2023-06-20,32165.87,32810.96,30911.08,31073.61,2754498.2,-0.03454704662516062,49.717657271134115,282.0928370660713,55.12772805615028,0.04265845335822634,46.03452679214711,-1.3088389990429345,0.1656641669026326,0.6454868621361372,0.0948
2023-06-21,31073.61,31725.58,30817.61,31620.38,3092140.63,0.017442943513835456,47.75640818086341,233.148643355594,45.5609252649843,0.04138269143416411,41.50777115652086,-0.8686622105820337,0.32638297485381695,0.7555686469599258,0.0972
2023-06-22,31620.38,32716.45,31246.72,32474.81,2835320.95,0.026662862465774893,51.261525948957534,255.69407652961036,48.01736859837539,0.04202822345775542,36.80292591632012,-0.46836660277256326,0.5627140395666506,0.701403723497781,0.1467
2023-06-23,32474.81,32616.17,31999.89,32141.54,1593966.22,-0.01031543735348166,53.19720316456706,245.4869361508122,56.50869225030892,0.041781312105309686,32.26401618527904,-0.5854559943105927,0.49067339550317723,0.3893097363542956,0.1729
2023-06-24,32141.54,33223.17,31304.84,33017.56,8403026.86,0.026890266620596105,59.26386690704392,291.9007406507287,67.61794808169155,0.04279049866623787,27.958563825185564,0.5120151340182835,0.7312570121622494,1.894720838952842,0.0952
2023-06-25,33017.56,33336.28,31847.88,31869.27,2103713.25,-0.03539731853921661,57.665220112368125,241.51833226744702,62.24704344218902,0.04330315692827498,23.715589438867053,0.3266424359682576,0.42287845248781897,0.47497812232024045,0.0501
2023-06-26,31869.27,32831.2,31521.14,32628.0,5920711.18,0.023528592825237487,54.93197768575106,254.2581541238685,62.47682960015161,0.04046204837211317,19.367163801218577,1.1745199689680768,0.6216357209447607,1.281511165086175,0.1159
2023-06-27,32628.0,32936.01,32539.61,32812.81,6034444.61,0.005648172487927711,52.52864797093343,268.6881851178331,57.738358056597384,0.03916669391356282,16.03506018239525,2.0495110364967273,0.6628560108657715,1.2899748025024598,0.0999
2023-06-28,32812.81,35190.63,32568.8,34410.94,4395841.38,0.047555549150228464,55.2951054136759,373.00354628807986,68.5153007511505,0.03911214614553749,14.721584163455343,2.521174616548,1.0200409541801283,0.9039296907164504,0.1543
2023-06-29,34410.94,34435.37,34161.38,34335.74,2717286.74,-0.0021877428842714,56.97483620164502,420.55074551023665,75.76823684631849,0.037207523622397085,13.408108144542974,1.8882377319874584,0.9334915264647018,0.6095784121153057,0.1391
2023-06-30,34335.74,35452.6,33919.77,35068.79,3067855.25,0.021124766940921903,59.08888280213094,480.64636441708035,84.78018220372677,0.037901059195766564,13.478588829609391,1.9115929803219442,1.0143213349468982,0.7373911411861186,0.0838
2023-07-01,35068.79,35225.13,33978.59,34206.25,5522399.77,-0.024903185223049257,52.83747542180054,442.53446153249865,81.76002527330408,0.039436130615216475,13.043775474929589,1.1816665692362256,0.8127134417594045,1.3278365645270893,0.0644
2023-07-02,34206.25,36079.15,34112.84,35680.91,6159384.73,0.04220743596078864,62.76069904332616,493.0118938323556,85.75345980208787,0.03930481113208816,13.971801089042506,1.640059491298329,1.049073597449973,1.4113614696894017,0.0128
2023-07-03,35680.91,36998.7,35039.77,36444.38,3306230.95,0.021171450882798037,68.92872974874862,549.8591365914543,85.52436337240914,0.03842936237943688,16.14008496154615,1.7217148860275822,1.0699009900419887,0.7677080289852913,-0.0161
2023-07-04,36444.38,36807.16,35926.71,36186.97,1794996.89,-0.0070881534689948315,74.42661448789221,541.3154099060804,90.11021412374606,0.03669049542259247,19.842657129768867,1.3799397409131915,0.9507229283486016,0.4405089769444881,-0.0053
2023-07-05,36186.97,36985.82,34923.4,35164.92,6358438.77,-0.02865011451662534,66.19685872593756,442.202460899637,82.00622702026696,0.0401018563792601,22.13375716630068,0.7081769846636019,0.7578749477294845,1.5844783733501473,0.0206
2023-07-06,35164.92,35167.42,34026.58,34348.28,2811956.13,-0.023497050133586724,58.590533799309554,303.6190599910921,69.47931338301278,0.04037134984840654,23.58839651915859,0.38583677959875257,0.6181448523017615,0.7039609682661665,-0.06
2023-07-07,34348.28,35595.58,34157.79,35205.26,1377975.63,0.024643558623940156,63.404468680477514,253.67562463884872,63.3575415671775,0.04105539099229218,25.682931718614498,0.4654269106500834,0.7355408944868879,0.3533495717368278,-0.0578
2023-07-08,35205.26,35613.63,34287.24,35381.74,3247868.32,0.005000364591784019,61.018284111339334,217.90202157480098,64.14458651027594,0.039655604436466096,28.25656362413103,0.6976895366339554,0.7387275431257477,0.8689300974223693,-0.0843
2023-07-09,35381.74,35921.56,34985.09,35160.31,9324477.84,-0.006277978234772092,66.78831371989509,166.9947768655187,68.47343048884369,0.03878409246918834,30.538836308319798,-0.3081089791147727,0.6847111132433613,2.2516765319507925,-0.1125
2023-07-10,35160.31,36622.67,34623.3,35938.46,1364483.77,0.021890141628837127,66.85398635481522,172.68094617106857,71.04701054412504,0.039314348551850876,34.2893047504811,-0.2851375133682911,0.7835315242074474,0.33512011471050573,-0.1002
2023-07-11,35938.46,36140.44,35383.07,35664.26,1670921.55,-0.007658964362628551,64.38616441845235,145.98859926893743,70.8457552346642,0.04033956443468367,37.92140766339615,-0.6173418654035809,0.7193006556901388,0.4176713872920391,-0.1227
2023-07-12,35664.26,36244.22,33853.34,34050.09,3418427.31,-0.046316391117797624,48.18237775245019,14.554790081601482,50.78490601880885,0.04176741634791184,38.0165526889848,-1.181594082270116,0.4200769042516632,0.8483038540472699,-0.0475
2023-07-13,34050.09,36034.74,34043.79,34930.11,3003668.68,0.02551653220540149,52.76934187467558,-16.498755418445512,36.788455992672745,0.04422615003828629,38.111697714547134,-0.9563467596943048,0.5610518183080448,0.7325654029499298,0.0143
2023-07-14,34930.11,36630.08,34632.0,36274.15,4347024.87,0.03775615841069735,55.31358884949147,46.642258206122506,39.15110935884671,0.04350360872883291,36.99355595263173,-0.3220425614308871,0.7996158275582967,1.1153637984880662,0.0727
2023-07-15,36274.15,36572.34,35302.79,35742.16,4593978.8,-0.014774421989131472,56.97399763269977,45.68248137529167,57.08302600214167,0.044197105043443326,36.06743998056472,-1.196461582642043,0.6814601772223593,1.1422356318149265,0.0443
2023-07-16,35742.16,35900.35,34972.43,35311.29,1898577.5,-0.012128201557942664,48.14594849399166,10.945006562700769,61.12262719245363,0.04263591858903651,34.72784589289776,-1.4419561691088993,0.5548638935696001,0.4969041954095234,-0.0061
2023-07-17,35311.29,36297.14,34449.36,35768.99,339130.16,0.012878574087510548,46.50496319067218,13.53883652308582,55.8526071141776,0.0418683893506521,32.84945473082545,-1.2470386493029266,0.6763582072268263,0.09590659619007692,-0.0017
2023-07-18,35768.99,35989.08,35167.71,35891.07,5443102.38,0.003407201113211581,48.4470126373197,17.945890157433496,57.51949265164726,0.041608400083908995,30.386393972811483,-0.2918578402197084,0.6976825160690264,1.5168566130308134,-0.0091
2023-07-19,35891.07,35906.38,33975.77,34667.68,2720956.78,-0.034680677218297706,47.44432131870614,-62.647242221672116,51.844423261160216,0.04280514300349985,29.38940880607404,-0.6799917742962867,0.2469727368346435,0.7582238856877539,-0.0391
2023-07-20,34667.68,35226.46,34404.6,35206.93,5738750.76,0.015435097411428619,54.542761155714,-79.66166660478638,47.708767017720255,0.04150236087853441,29.28181977704769,0.353120651420971,0.442947641632389,1.5417889955510133,-0.0959
2023-07-21,35206.93,35623.57,34830.18,34938.3,1720586.84,-0.007659289541349376,48.49386170712346,-107.3097134920315,39.04926880668569,0.04050403548131242,28.971121702787155,0.06749525685661424,0.31717775945381615,0.4871358938989487,-0.0932
2023-07-22,34938.3,35190.61,34487.28,34696.08,5807925.1,-0.006956936413659655,46.16011845620004,-138.24334760830374,39.39019617715008,0.039504112774194154,28.149265608968083,-0.8768311245416649,0.246473546435756,1.6525730963295726,-0.1087
2023-07-23,34696.08,35421.85,33779.99,34147.21,3363366.14,-0.015945827981857234,44.52708528193439,-188.86933398828364,27.43588062835974,0.0416146108903902,28.232820683708304,-1.467497331941584,0.07726297212058399,0.9562268709852887,-0.0689
2023-07-24,34147.21,34352.29,32331.95,32764.25,6313660.8,-0.041342902339633225,33.9042370530226,-301.98341119855377,17.764115508724682,0.04341685569745318,29.417657859832673,-2.4934103834544,-0.20986686901566665,1.6866726358877908,-0.0322
2023-07-25,32764.25,33806.04,32410.21,33343.52,3996994.73,0.017525468683600495,38.58516978027536,-322.42097055423,15.492495511705377,0.044030294342035876,30.642311426217486,-1.501243060890345,0.04536619266181489,1.102560928029948,0.0245
2023-07-26,33343.52,33949.88,32594.01,32878.32,1425947.61,-0.01404997664173302,43.50207231349559,-349.62008604495145,15.43492945378077,0.04240471271905895,34.16773122596592,-1.575516205844853,-0.0034419291364365143,0.40100990112428603,-0.0397
2023-07-27,32878.32,33262.99,31670.29,32243.5,2221453.19,-0.019497001451904222,34.68520593836756,-389.65928858935786,15.934689509648434,0.04235735220164877,38.09292097966693,-1.758393642093937,-0.03955564228632394,0.6174021573752994,-0.0177
2023-07-28,32243.5,32815.98,32038.04,32442.74,2806088.91,0.006160216765339601,24.88090851709194,-381.5316147637517,13.342214326000695,0.03941086445136984,43.56131712315901,-1.1722994060648313,0.07104782955976614,0.7847057038539218,-0.0532
2023-07-29,32442.74,33344.61,32393.93,32846.75,2246076.15,0.012376116179769393,30.693431094404446,-329.7024113232578,17.580546000751486,0.03823270186546973,47.97846092218057,-0.6576090047537081,0.18700313128339918,0.6970940539968724,-0.1115
2023-07-30,32846.75,33108.72,31500.66,31720.12,5188166.0,-0.03490162562364962,28.087309790386158,-350.1293187060477,15.253311372324243,0.04112220977004557,52.130684811302906,-1.4955199855018677,0.04380135112735194,1.520011975787649,-0.1274
2023-07-31,31720.12,32966.93,31363.49,32780.15,3169250.5,0.032871969404530695,33.01139076408823,-274.42859597577217,20.209606811729405,0.03925999641332267,54.47984710119165,-0.8119653156985887,0.258378173447553,0.9085745878012554,-0.0676
2023-08-01,32780.15,33404.7,32643.04,33245.14,3488640.71,0.014085441738958525,35.524771021097024,-179.79387836396597,25.540562386772265,0.03858258895670723,56.09385803214237,-0.14829118203078584,0.35016899143408003,0.9991331876110957,-0.0828
2023-08-02,33245.14,35557.85,32968.93,35080.36,3574869.85,0.05373283870389826,52.11601687488117,9.602056263715838,53.09835983765876,0.037904562960167316,54.139444789082,0.5260550112511033,0.6729441929051184,1.015522423685111,-0.0004
2023-08-03,35080.36,35521.99,34957.19,35511.22,3064105.16,0.0122072731750928,51.57778480576786,158.81917864448258,75.343741855733,0.03692760445047836,52.90100270684462,1.1359032089020606,0.7654203398175576,0.8865836194995145,0.0271
2023-08-04,35511.22,35919.92,34816.37,35705.64,3319999.72,0.005459956616725046,54.00961882049658,259.5797623100184,93.30291732728352,0.0373470009619824,51.61138298415266,1.5964963033004909,0.8018625301798993,0.9786631576546809,0.006
2023-08-05,35705.64,36168.69,35462.84,35672.19,4125747.99,-0.0009372658835026485,55.21427953212137,309.5529241332635,94.10912152558801,0.03738706738857909,49.47639338478712,0.8049007871847462,0.7882572696792439,1.1775265410929856,0.0637
2023-08-06,35672.19,35687.28,34387.35,34981.18,5729826.59,-0.019561191033809957,54.38834111501401,282.4043613919648,86.75053992168309,0.037427410967829707,46.64570852044939,-0.18663187212443202,0.6755561078774502,1.5185284353805684,0.0828
2023-08-07,34981.18,35420.54,34802.09,35419.83,11798362.24,0.012461630211364198,65.51555306163127,279.78917375357776,83.12335247908557,0.034136809803989976,42.41561301444811,1.7408892311992774,0.7676646073738985,2.883952670692204,0.032
2023-08-08,35419.83,36020.47,35045.2,35550.1,3535094.66,0.0036711363899233833,63.60608227988053,272.37033550604417,82.27642276405636,0.03316671401767276,38.68176629936959,1.9914346793763462,0.7762014789477565,0.8555934783142336,0.1234
2023-08-09,35550.1,35653.0,35160.79,35337.2,2131197.66,-0.006006735766052992,65.64869852870987,239.8084750970665,84.74610838240909,0.03162078489522893,35.68765100216938,1.6024978157168221,0.7345023331206776,0.5393569126357453,0.1302
2023-08-10,35337.2,35885.47,33791.52,34066.09,5824145.13,-0.03663377205349638,60.73021939686458,125.11533997564104,75.35530952563458,0.033851656337085756,31.81456154279017,0.7844739341691147,0.5083013956460091,1.4011983053404167,0.1246
2023-08-11,34066.09,34919.71,33905.74,34634.59,1475425.8,0.01655043230284197,62.36649533587244,82.07076604372466,69.00448125627294,0.0337827835450779,26.76951783052005,0.9297359353939686,0.6150362266257504,0.3744810641160218,0.0756
2023-08-12,34634.59,34740.35,33236.4,33654.95,6183293.04,-0.02869274586988383,54.28177263823317,-12.795144044311769,57.334831709972406,0.03594039339998377,22.23882963583925,0.03814431697846161,0.43680822117919704,1.5151723380099353,0.1308
2023-08-13,33654.95,33912.28,32880.36,32887.91,510807.21,-0.023055034766838678,56.43191464196762,-121.57183787448858,49.16188018525238,0.035527319483479806,17.469002770144506,-0.10346595477234158,0.29176539040720034,0.13475008624177232,0.1501
2023-08-14,32887.91,33356.21,32452.46,32878.9,257464.45,-0.0002739983908713985,50.61510613373421,-184.71249690835458,30.29551369050535,0.03401699657139042,12.657830112198699,-0.1815367723136858,0.29685780998114103,0.07144252836025615,0.1741
2023-08-15,32878.9,33767.24,32502.85,33112.87,29626334.27,0.007090913923180277,49.151685788715945,-200.01202266889328,20.323472965926033,0.03486108918633045,8.606779277372775,2.9818220747284245,0.33688489338432626,5.908937550577785,0.14
2023-08-16,33112.87,33934.81,32313.65,33681.76,2852748.3,0.017034415977173364,39.29050556448046,-162.69394668510435,21.57830116698356,0.03221996118966699,10.930364196372798,2.568201731996618,0.42608013856712706,0.5654176784442403,0.1747
2023-08-17,33681.76,33725.76,33284.36,33384.9,2899087.06,-0.008852742592717788,33.37700837361972,-149.23178254461442,27.016043750736287,0.032242442370215056,13.2539491153771,1.9495541506978233,0.3536736264558207,0.5740729937014075,0.2116
2023-08-18,33384.9,34529.87,32594.52,33769.75,5905203.07,0.011461729401491696,35.30332591803368,-107.58248165107148,33.68283251699847,0.03363439172631318,14.90718071860193,2.049121849686683,0.4201303158297986,1.128457114570283,0.1675
2023-08-19,33769.75,34310.16,33461.55,33735.43,2649290.97,-0.0010168109456775295,35.29866312764469,-76.95460259640768,34.63847282288193,0.0339708769936178,17.479314229175962,1.6393975926974422,0.3780017269550132,0.5188538518164111,0.0883
2023-08-20,33735.43,33993.29,32606.69,33161.29,2337171.97,-0.017165388601626242,35.93626113690854,-89.11495743656951,32.998053408327245,0.03474571879267998,19.575099580961943,1.3205266495287529,0.2323747809696859,0.46148668051587166,0.113
2023-08-21,33161.29,33417.36,31386.43,31684.72,4180228.61,-0.045548686055015344,25.12603105678052,-184.84454578628026,22.553253011420807,0.039549167097386075,22.05489476397438,0.9157474894309661,-0.036238863375649,0.8198101706378058,0.0286
2023-08-22,31684.72,32990.53,31455.04,32660.66,2614004.85,0.030336749796570004,32.70571025617521,-171.00065068823486,19.208745299709786,0.039592586310246154,25.040753112403987,1.004573595098325,0.20519378340558317,0.5175246061000244,0.0348
2023-08-23,32660.66,32974.61,32528.74,32533.95,3109216.81,-0.00388713605456461,33.046670415706416,-159.1827407490115,20.088360642125178,0.0396450477116859,28.138255318917782,0.6978097833189207,0.20909996029645583,0.6152926463791525,0.0107
2023-08-24,32533.95,32897.07,32197.09,32605.36,1410565.64,0.002192532546225455,39.666376620110334,-136.24782820359002,29.44222986857164,0.036504449399894646,31.172037198953834,0.7285393145226798,0.24741208376729662,0.284516678466563,0.0711
2023-08-25,32605.36,32820.95,31523.69,31744.98,708529.15,-0.026742089433814193,30.368777114887138,-166.70140441859405,23.564966974342358,0.03813124828824376,34.57978196248389,0.6027930072048656,0.10124134032645106,0.14801419888650016,0.0479
2023-08-26,31744.98,32011.16,30956.66,31425.79,1937786.09,-0.010105709221046935,33.36268972118336,-194.1039965920104,19.439368810763796,0.037496977573412395,38.47316752554326,0.38030519816247255,0.08667354561309289,0.42150544812351054,0.1009
2023-08-27,31425.79,31726.91,31376.51,31487.89,8311049.37,0.001974134088739866,38.32215056113512,-193.3823626047033,12.895530386671565,0.035877035357300344,42.22707387705428,0.9543405893257745,0.13250470332365719,1.8790813387700207,0.0701
2023-08-28,31487.89,31671.45,29801.6,29987.1,4796939.95,-0.0488357382837876,30.68558879575852,-274.37006884509606,10.639775450810804,0.03997383160471956,46.69440139673657,0.5105405890336832,-0.09359939130022278,1.0693075755781574,0.1166
2023-08-29,29987.1,31961.2,29935.41,31765.91,8412709.64,0.05762641300539939,42.542542541883016,-192.4043420376115,20.111394168829484,0.03944747687063288,51.354255810538234,1.074691564269189,0.28210122119036757,1.752611303737381,0.2138
2023-08-30,31765.91,32812.83,31715.89,32441.96,2919081.0,0.021058944466511527,43.21632895978052,-82.53637770618116,33.76971563235508,0.037471247553641646,51.598773668671164,1.1918000094184287,0.4489842839054068,0.6271056999783295,0.1497
2023-08-31,32441.96,32708.31,31297.73,31811.15,3076499.06,-0.01963578939656506,41.692681746879295,-44.151926725932526,46.6288938659454,0.04039048752221953,52.057038803761095,0.8569936430182585,0.3203498604159253,0.6497494600850391,0.1568
2023-09-01,31811.15,31983.27,31754.04,31969.08,2152832.0,0.004952328418277397,40.261542537910515,-2.1479580645309397,48.805835851496646,0.0363789681422418,54.44590515527159,0.991433256534281,0.37790446674232914,0.4748847879058035,0.2864
2023-09-02,31969.08,33631.31,31873.08,33100.09,2009899.11,0.03476681573328554,46.92830289324045,102.02732465081579,56.42223037705437,0.03709884172519257,54.11182459882191,1.2155250863745908,0.6693876041542751,0.4361445920398294,0.2754
2023-09-03,33100.09,33285.24,31680.07,31961.92,7090460.3,-0.034990807225048166,44.50126399762418,94.66303480258568,61.05847958743485,0.03890839920933266,53.545561022668814,0.34139180724066615,0.3860255369520655,1.4324214712511218,0.2648
2023-09-04,31961.92,33477.96,31764.69,33111.58,5421935.28,0.035337875955238594,56.74385761852355,163.56215960215718,73.84322132748687,0.036872210352292885,50.98192346560861,1.3114318345591198,0.6842527867271512,1.449807610299254,0.2909
2023-09-05,33111.58,33797.14,32369.06,32464.06,5437196.85,-0.01974943885990819,49.04102613063646,161.5852889559245,69.8247635342039,0.037371326938147174,47.05584257891117,0.22236392240821407,0.5337594371472576,1.4053292475733605,0.2784
2023-09-06,32464.06,32701.67,31406.13,31456.27,1395305.57,-0.031535303936808784,45.1593748253783,91.92847298390694,64.82590762249629,0.04049799020307586,43.931636804149534,-0.07909475768014139,0.2815789831598365,0.367786206877426,0.1792
2023-09-07,31456.27,31900.17,29872.69,30127.35,5299019.79,-0.04316493027894144,39.99925741310326,-37.20058611111779,38.73385491479986,0.04543171380346059,42.11627767025567,-1.0299873549122707,-0.012303907703943445,1.408008332831622,0.2268
2023-09-08,30127.35,30513.16,29235.34,29372.0,5474518.0,-0.02539155747772103,40.34125414107278,-160.14785127686366,17.52050437383465,0.046552790801719514,39.90689532326486,-1.802627516252413,-0.09612762822733188,1.4020158966224447,0.1153
2023-09-09,29372.0,29795.29,28919.29,29016.39,1691577.4,-0.012180996838875335,40.222003616273405,-246.8999066861645,4.3797396093291106,0.04668391110776028,37.6046236651788,-1.814881462388757,-0.06196251135717572,0.4368215620583973,0.0887
2023-09-10,29016.39,30286.17,28959.55,29978.72,1181700.19,0.032626953882413275,44.29241911342391,-221.7472330604296,8.901859489433512,0.04751132041088131,35.02659885603357,-1.500520674091448,0.17854316239968476,0.31744448052366425,0.1447
2023-09-11,29978.72,30907.13,29483.96,30765.97,9195237.38,0.025921412397796297,53.11368402645867,-138.44117772688116,20.52277130288852,0.04525853913081252,30.8003041578973,-0.10536259852034519,0.3568396818546791,2.26953073663354,0.1196
2023-09-12,30765.97,31236.53,30223.43,31009.4,4675820.2,0.00788117529724616,46.55248942004048,-57.44253692391908,34.14222796238616,0.042570570767007127,26.38839495957637,0.5456411625923545,0.42157767739780266,1.1321781947746943,0.0789
2023-09-13,31009.4,31100.91,30184.86,30674.58,2915036.41,-0.010856085756244933,41.6872989289564,-18.90786238296505,38.89746507162195,0.04261401925818433,23.58531729705825,0.06354659526562902,0.36818727067534723,0.6932051910626589,0.119
2023-09-14,30674.58,31260.69,28604.38,29009.82,2262969.18,-0.05579990521461683,37.99212142728876,-93.83939952089747,28.880568803408888,0.04812673284916538,21.444608374643042,-0.31439267249310815,0.07435876335152573,0.5283757423471048,0.0704
2023-09-15,29009.82,29462.19,28657.3,29020.78,1066553.97,0.0003777317529136871,37.20087032126469,-128.80691035227824,17.270520779171548,0.049525423802218006,18.04444389588843,-0.19938561865186447,0.12562050465977695,0.2515862724640416,0.0058
2023-09-16,29020.78,29050.34,28624.17,28882.75,13236777.07,-0.004767594012012067,29.964369191779753,-146.1073057562511,7.062461324343103,0.04646784969276888,18.922086473562732,-1.9705355720558173,0.14465720710297766,2.9509468042489897,0.0192
2023-09-17,28882.75,29359.23,28227.97,28363.19,4627846.12,-0.01815235339019035,31.835586346800596,-175.44272533666322,5.26919998782103,0.04612557936635864,20.3074791027642,-2.178448405006115,0.09529536287107866,1.0336592334145278,0.0091
2023-09-18,28363.19,29519.38,28028.07,29237.94,4245984.71,0.030375003255576228,29.889898121063823,-121.40217744776169,9.586802449937807,0.04420332915772599,23.256117266982944,-1.4611436521813668,0.26393702167532407,0.9946524309489734,-0.0535
2023-09-19,29237.94,29621.0,29086.74,29105.28,4888872.66,-0.004547579945798783,31.578000530436853,-81.94993581511596,15.482833928511596,0.04221124139673549,26.892804134534536,-1.7802483946059096,0.26655653166176196,1.1194262705065614,-0.019
2023-09-20,29105.28,29149.1,28275.15,28382.22,1934674.83,-0.025156708243540257,32.59608514479851,-91.20068185701734,17.722230534399966,0.0422256056281364,29.662637467479705,-1.7338250078509634,0.1839617937690217,0.4488585122352279,0.0052
2023-09-21,28382.22,28764.5,27650.66,27748.99,10450960.4,-0.022563449640348825,35.383367338804604,-124.55197210331835,11.639609090690307,0.040837393669860396,31.209337836081232,-2.312056905638116,0.1290584384084953,2.2117885759453735,-0.0131
2023-09-22,27748.99,28091.84,26994.24,27702.21,1006883.37,-0.0016872497294132946,38.7589989800469,-133.55093872213502,9.487963116394539,0.040441667701896944,32.78706778988122,-2.0622601764331074,0.14805420406377542,0.21537766601023572,-0.027
2023-09-23,27702.21,28700.22,27568.17,28659.0,553304.19,0.033955336551712186,47.77421681171136,-62.46471749248701,19.44582786215047,0.03972967853527546,33.33028613453958,-1.7455483054471537,0.32332070361354104,0.1272516928419729,-0.0021
2023-09-24,28659.0,29410.0,28606.14,29304.7,5136455.9,0.022280382759117444,45.629932388321734,35.38022348083882,36.589279924285385,0.0375800761359946,34.030981290651866,-1.2152969116612244,0.45792167220413615,1.1851988468181769,0.0575
2023-09-25,29304.7,29330.66,29076.36,29148.05,22157524.61,-0.005359897524974189,38.575915312786755,93.58307684993179,47.88547855934585,0.03491767520835161,36.77375687058872,-2.422942559412669,0.45155355442095474,4.285911565366889,0.0405
2023-09-26,29148.05,29725.12,28930.9,29680.33,1932068.9,0.01809652164562709,40.98327957881615,167.6405563261411,55.86502439563916,0.033764714110069496,39.37701797028203,-1.9479238919091928,0.6153980215115751,0.37178842179084653,0.0712
2023-09-27,29680.33,31447.6,29371.04,30233.85,1658704.65,0.018477620776611737,47.09615442813308,248.72659328423742,62.062071617826966,0.0358882983335258,39.61230350775594,-1.6101802466944988,0.7640850535929875,0.3307702181776351,0.0959
2023-09-28,30233.85,30926.88,29766.96,29892.93,5875274.06,-0.011340160025076228,57.04808863236438,272.31936041715016,66.93122798863658,0.032721999100493025,39.20411575117299,-1.7037810438164709,0.6622151259037663,1.1669535149573427,0.1351
2023-09-29,29892.93,30903.18,29609.95,30710.06,2919071.93,0.02696829062452547,61.94502662844436,331.9230626921635,73.75794156904657,0.032987166327337905,38.59835146020102,-1.3691081240707852,0.8413136789066312,0.5728066420175311,0.1303
2023-09-30,30710.06,31313.73,30614.33,31310.12,3475633.27,0.019351079760485966,66.11138324256638,396.36377681689044,81.81380650396899,0.03297829218520897,36.463473707441004,-1.0670343347879165,0.939581934675642,0.6670079096440863,0.0782
2023-10-01,31310.12,32141.7,29545.59,29605.4,4495186.93,-0.05598459084862381,57.12419350121903,312.46907910568876,77.02620657094558,0.03841145292990616,33.47578182924157,-1.1833005535651413,0.5544057012128507,0.903413490593741,0.0511
2023-10-02,29605.4,29675.65,28465.6,29058.76,20209618.22,-0.018636790229175814,48.932198985136054,213.1922975503196,62.58253189254768,0.038442673691893386,30.09075842599833,-1.979318261435399,0.4396630277403045,3.5132070184787887,0.0657
2023-10-03,29058.76,29223.51,27825.78,28295.13,3307182.58,-0.026630281859249528,45.50969891661101,95.14487353586395,38.70238913942273,0.04165992017504214,26.950581170923265,-1.8947786019590884,0.2600445743049417,0.5729622740144901,0.1534
2023-10-04,28295.13,29503.31,28097.21,29225.77,5795471.49,0.03236114928118808,54.5702586165924,79.42811437052404,36.24402456091045,0.04163392688809072,23.00303301668438,-1.4689432819942827,0.5130458695065012,0.9742412730876489,0.1215
2023-10-05,29225.77,31238.22,28587.46,30952.34,4441641.4,0.05739774777202428,65.51705429947671,179.28749236743113,48.50625356962752,0.042858264397074436,21.13108806082783,-1.166976274100478,0.9237194293774834,0.7260601093528142,0.1557
2023-10-06,30952.34,31022.65,29244.81,29565.15,6340365.99,-0.04585229926182123,57.98692211851739,147.2314391012619,54.636720665971914,0.04651260497094308,19.907704183962124,-1.3680995537746274,0.5648492768264259,1.0983484233135092,0.1315
2023-10-07,29565.15,29573.87,27512.71,27932.15,2815518.04,-0.05681794767253628,47.05458052488825,18.151190253719335,43.206418956925596,0.051607811889046375,17.9117940978257,-1.3739120471733186,0.16560689339764087,0.4955135825517184,0.1304
2023-10-08,27932.15,28330.65,27831.08,28202.15,1235189.99,0.009619861018508235,45.391813891527185,-43.57170076279522,22.53966113520376,0.050343046287486565,15.919261414991341,-1.2121369306249787,0.2520284900731126,0.22330189242789,0.1997
2023-10-09,28202.15,28754.48,28149.78,28746.98,2328856.58,0.019134502075033973,48.376383374899895,-42.20237161367095,16.873011175187546,0.050259565153807875,13.093186966774768,-0.9982387084915416,0.3876248320924912,0.4309920371748302,0.2279
2023-10-10,28746.98,29682.95,28236.97,29551.89,5926363.95,0.02761498295000955,49.49127676643655,15.334042086418037,28.53675063740643,0.05046597696456963,10.73831336573029,-0.5710021877680652,0.5668345795513628,1.057700596984408,0.1544
2023-10-11,29551.89,30204.45,29543.97,29584.92,4119930.86,0.0011170708543359518,47.31919555569489,55.76421463397219,38.4940703406751,0.04699071109778087,10.342051959631139,-0.22644487272803057,0.5560268164998019,0.7793287125314236,0.1181
2023-10-12,29584.92,29821.5,28822.89,29423.28,3838821.88,-0.005478574309971752,48.030650813467275,70.80262763697323,43.36410318440227,0.04685726015977204,10.22185518234434,-0.41862450995873995,0.49127548939735743,0.7072116069050285,0.175
2023-10-13,29423.28,29857.22,29296.47,29463.42,10664782.53,0.001363296167621569,44.408181572959776,81.85339391300113,42.72703116653364,0.045017662094686765,10.165741373419065,0.49418233622428526,0.49105026445141153,1.7973292796568465,0.1733
2023-10-14,29463.42,29608.09,29056.15,29575.8,7025352.86,0.0038069654621717733,41.86477186106983,94.24910863762636,42.66135809314198,0.04449047628706524,10.190286037549688,1.3427167434938783,0.5196510293338629,1.1654286070309985,0.1072
2023-10-15,29575.8,29775.44,29537.82,29571.23,1847108.99,-0.00015453016014820855,49.809301530501884,99.15971857833912,47.32159222180288,0.03880047793556336,10.049913178190758,1.134786770194559,0.5122604491940022,0.36849266180938733,0.0609
2023-10-16,29571.23,30132.89,28335.95,29010.53,2981425.93,-0.01914306168301873,49.73125619125305,63.40446512807665,46.6760156099859,0.04099540999175684,10.031234965313006,0.8703291651356209,0.36000732078866304,0.588624229120302,0.0931
2023-10-17,29010.53,30163.65,28710.73,29714.46,3451977.51,0.023974928484772673,57.961660530887904,84.59620639396178,51.51947876473773,0.04015690388737715,9.27469392564962,1.2058430445204456,0.57196200111653,0.669670700641197,0.1381
2023-10-18,29714.46,30227.43,29683.09,30126.32,4502704.1,0.013765412264830868,55.363769021382296,121.53827766880812,56.486047100334815,0.03756470848650127,9.198323351973217,1.506384807641139,0.6878890452903965,0.8852942381011204,0.1321
2023-10-19,30126.32,30144.79,28890.94,29309.65,3488094.07,-0.027482394943703203,39.02656699794068,87.7368613891818,60.14981994994188,0.03520707831232344,10.113800147281014,1.1516826682888663,0.46857329782447926,0.6819928094523794,0.2493
2023-10-20,29309.65,31297.34,28767.05,31280.89,2936285.28,0.06509055462321602,60.631808547820825,189.08465681453566,73.63850531764847,0.03470660749832324,8.965201326132489,1.3754252094931327,1.0812149060400462,0.5771461527124583,0.278
2023-10-21,31280.89,32910.86,30633.65,32659.14,6283700.45,0.04311738733339565,80.24634796987075,331.55434230775023,81.93525381032744,0.03371447362929267,10.34577565123242,1.7293858880337463,1.2136217284360047,1.2137679385100475,0.2519
2023-10-22,32659.14,32770.44,32262.34,32292.08,5673583.95,-0.011302756367675958,75.84895357213136,380.1926492482799,93.87112782620278,0.03411656975950942,12.034541103592392,1.1442798214856906,1.0193260627433622,1.2749002520954382,0.1986
2023-10-23,32292.08,32298.15,32005.79,32068.96,3535133.92,-0.006933414805680066,71.88536794122618,375.7889440842657,88.0117344260671,0.03365824772613966,13.024443162688188,0.7763979671463087,0.9167932803075859,0.7923439232071761,0.1399
2023-10-24,32068.96,32951.94,31879.34,32784.13,921927.13,0.022055972719830515,71.5489562319305,397.39335959474795,88.45170983341883,0.032110505906354066,13.4318203902472,0.7702825677075646,0.9704772595307717,0.21857293086717255,0.1497
2023-10-25,32784.13,33505.61,32493.81,33196.11,1929494.44,0.012488143545326126,72.91739383602032,413.9120047785186,90.78830214965903,0.03246793933728866,14.141575080375063,0.8471486365033115,0.9729272618364269,0.4714903258168744,0.1177
2023-10-26,33196.11,34100.8,33024.23,33658.61,6758894.17,0.013836192221025383,75.88968613134621,428.65773216433337,94.23576278220969,0.032187242941480225,15.6378405356413,1.304198340092167,0.964122437805692,1.643197501464171,0.1955
2023-10-27,33658.61,33747.47,33251.22,33564.21,4241647.25,-0.0028085719121233093,74.90208080437824,405.00217896558956,92.34491121911373,0.032140506637438906,17.244002700536623,0.8666775731438003,0.9027401447918408,1.013641435723628,0.2591
2023-10-28,33564.21,33788.93,32610.43,32834.98,1630782.32,-0.021965910155247105,68.41203161682748,317.08106082975155,87.02134487439042,0.03421731945625239,17.854854234078935,0.6490411124676145,0.7742186220544542,0.3878803802522442,0.2778
2023-10-29,32834.98,34177.47,32758.39,32959.09,1323588.3,0.003772684900214431,68.8839292671034,247.22397528330396,82.62574769452765,0.03664891840155885,19.527415986908043,0.7516471078133498,0.7651911669526033,0.3186236908659504,0.2049
2023-10-30,32959.09,32996.97,31253.79,31260.05,6172906.2,-0.05292617095661312,61.126807378246006,75.43845202601153,67.93949371095088,0.038518012607133244,20.769321086605025,-0.17778580300810784,0.5064132059761727,1.4815897826280247,0.1611
2023-10-31,31260.05,31319.08,30578.1,30874.68,1325830.95,-0.012404493958253942,55.92553626069158,-67.56514937963107,54.910350222053836,0.03735171159204792,21.492035634484473,-0.5210267663542848,0.43802948348396176,0.3292597548285257,0.2158
2023-11-01,30874.68,31033.17,29541.77,29910.29,5074540.56,-0.03173386217317954,48.95562304321537,-221.83002374046396,35.5728768959145,0.040817701390186395,21.519052150727315,-1.8933758853767835,0.2839993165600651,1.241177790793662,0.1769
2023-11-02,29910.29,30612.71,28886.7,28932.5,3310329.33,-0.033237037608685814,48.204671708715665,-375.4159873973333,21.047780640527517,0.04336282727035572,19.037020732792524,-2.3449739251496187,0.14464169612949707,0.8896904230781394,0.2241
2023-11-03,28932.5,29004.97,28487.4,28618.72,7514497.51,-0.010904481581189682,34.953013669738766,-477.29397704828904,8.832068569931172,0.03881477877815282,18.906790744989713,-2.7736750924095603,0.11926609962381612,2.006422121313799,0.2367
2023-11-04,28618.72,28697.18,28022.76,28356.54,13058315.68,-0.00920335775880327,22.16990163113846,-537.0409568060314,3.5963440157363675,0.03513631372917623,20.255161820338962,-3.0993997386769006,0.10849436535374085,3.032738952254461,0.2274
2023-11-05,28356.54,28557.66,28121.44,28335.17,746194.49,-0.000753902149438556,23.207749277432455,-550.657043773195,4.268997968764949,0.034981614721198095,21.60353289569128,-2.4729518347547614,0.12044686766351034,0.1779186185052397,0.1809
2023-11-06,28335.17,29204.22,28032.25,29080.48,6855335.19,0.025963369468249963,31.10140616289206,-484.4626177798416,9.22821708901114,0.036245594492041525,22.607612104974457,-1.6509360532779633,0.23022967765616534,1.5708152819502872,0.1671
2023-11-07,29080.48,29134.71,28442.84,28719.01,21974007.28,-0.012507885885109872,23.08908342690873,-441.242455298564,11.191320685007314,0.035754863615212656,24.639232720627906,-2.5551032355248537,0.2016105925043731,4.19531071968746,0.1683
2023-11-08,28719.01,29745.29,28351.47,29558.71,3436159.84,0.028819182239814806,27.211100863613723,-337.0262443787527,17.817898812425245,0.035662294754103686,26.568478997519726,-1.9618389395443523,0.3071207169634799,0.6563622395030518,0.2115
2023-11-09,29558.71,29622.23,28645.13,28786.03,4361448.2,-0.026488255060404305,20.614607481179632,-302.1722517750156,16.22318517035534,0.03637272762416579,28.057147272406127,-1.874276676071037,0.23200973193239235,0.8219197885564571,0.1566
2023-11-10,28786.03,29177.27,28606.09,28998.43,1252733.95,0.0073514905767142445,22.85124428835445,-249.06604176964515,17.73649773910105,0.036290880969356225,29.587922783421458,-1.5949482184686588,0.28163517601791077,0.24782725597094246,0.1356
2023-11-11,28998.43,29098.12,28662.94,29016.85,34227032.78,0.0006350051441260139,25.200538840099128,-199.11528932075578,14.801834692430994,0.0344380691120484,31.27521527550704,0.11517252407153336,0.30451139682814427,5.279879941294135,0.1311
2023-11-12,29016.85,29168.03,28497.81,28713.74,7034559.59,-0.010500941886013651,23.052274911009746,-173.82628694601692,15.298452832125088,0.03293873545257275,33.57723848736524,-0.18852568263905928,0.2884796359179283,1.056635027322997,0.1577
2023-11-13,28713.74,29488.93,28619.15,29095.01,4181856.72,0.013190927962199742,33.49625871218471,-121.24876499991598,20.85721498289979,0.030362889424278172,34.614108779531364,0.06560905621489331,0.35465166833892225,0.6131298256591112,0.1044
2023-11-14,29095.01,29556.34,27964.82,28031.31,6390125.26,-0.03724458208523485,30.356873922566564,-146.26178745868327,16.195637480918503,0.033682386894194075,36.31602748726447,-0.20559225014574,0.24101077192371204,0.9072321467000946,0.0333
2023-11-15,28031.31,28303.92,27195.55,27428.03,7114500.42,-0.02175661653069954,31.951032943626032,-188.87954702816796,13.832990573671536,0.03342573793512725,38.650565055942195,-0.5081357504361111,0.17894532314690487,1.0075312876459763,0.0654
2023-11-16,27428.03,27970.87,26737.41,27018.49,4588719.59,-0.015044036753830198,34.829214625880226,-227.50299249696434,6.105020247349526,0.032630246916081296,40.6763952676631,-0.6871740866339668,0.13149239636014717,0.6482457171230942,-0.0138
2023-11-17,27018.49,27179.06,26152.72,26656.04,1699516.03,-0.01350567985693013,34.56255269804703,-258.0744753082838,10.052708096937627,0.03443725002983825,41.95080291131757,-0.7090359673047557,0.0905060074201971,0.23997312320157907,0.0511
2023-11-18,26656.04,26908.44,25831.97,26382.17,16486825.81,-0.010327363390148685,34.49911047459162,-275.75536367908944,12.471495685314684,0.03588327159699949,41.018004194990624,-1.5904342517687922,0.031130539358093047,2.1028385616922076,0.0408
2023-11-19,26382.17,26475.15,25718.65,25858.3,8477012.82,-0.02005677060298303,31.976096880911314,-299.75572950322714,10.512617157311892,0.03749495188335423,40.20459632847506,-1.882672516872376,-0.021009481073206944,1.065556812425491,-0.0386
2023-11-20,25858.3,26784.35,25411.86,26596.02,5834559.03,0.02812994794229198,31.900872443065893,-245.26395209365262,14.951328290166936,0.03699345132949218,41.061040341344786,-1.40126006371867,0.1497570804544372,0.7131916291679685,-0.0607
2023-11-21,26596.02,28845.57,26353.39,28400.81,2355253.69,0.06565608535449476,48.08470168937115,-75.77444827736679,33.25618077626698,0.03917043714093895,38.26478134323884,-1.1510477000220332,0.5630315658450812,0.29276178668276587,-0.0387
2023-11-22,28400.81,28868.01,27045.11,27321.25,3482187.47,-0.038752878204941284,36.91032520245717,-26.99129062097336,47.21669544306744,0.04183998588224532,35.8044162982683,-1.2641833251681296,0.33079706360400635,0.43237962139073355,-0.0634
2023-11-23,27321.25,28166.01,27108.97,27796.12,11935528.66,0.01723165492843977,43.9997090496057,42.83978377742346,57.28416493381383,0.04133061428304742,32.48941113834226,-0.39282887533294586,0.4505070636961614,1.4424307949020254,-0.0593
2023-11-24,27796.12,28282.11,26727.85,26936.9,6772188.11,-0.031399348776700135,38.412733385413595,36.966476658128386,46.55838677969163,0.045255790914517285,29.52587589811271,-0.790571884803872,0.27072167661083046,0.8507467005009907,-0.0193
2023-11-25,26936.9,27797.75,26614.37,27265.8,9418586.42,0.01213607576036745,40.48978128689315,59.68980696268727,46.35273906486131,0.046669951786784326,27.00846363124563,-0.10949805932308496,0.3591575506403159,1.1220742136129982,-0.0284
2023-11-26,27265.8,27595.73,27022.22,27329.66,4085847.99,0.0023393897266958184,42.282282616520796,82.09548231019846,42.601082242623264,0.04630813973848377,23.560337660651015,0.22084285236217338,0.3905900716768834,0.4949283999855584,-0.0739
2023-11-27,27329.66,27625.92,26932.19,27121.91,2660860.17,-0.007630671000170624,38.78076462004039,85.60688727937975,44.089085562698415,0.04619920626110962,22.24157108823629,0.0035896630158762876,0.3588085832263577,0.36501265450043147,-0.0851
2023-11-28,27121.91,27415.44,26780.29,27041.1,1494059.29,-0.0029839575001842696,43.661025107757304,84.99755479987903,44.89160627186013,0.04381103473705332,20.39849255098356,-0.11391440138074715,0.35804485575935263,0.20771970203388002,-0.0101
2023-11-29,27041.1,28167.02,26977.21,27885.6,1933125.2,0.03075249573391656,52.841446101834535,140.6947620214362,53.32541320269447,0.042692849151005775,19.268091362712543,-0.007190581286899022,0.5918752185055541,0.2733779911835859,0.0746
2023-11-30,27885.6,27961.62,26788.51,26852.82,5036542.31,-0.03773958318183738,49.045124178598556,108.63978209695074,53.469322801228316,0.044174317632172624,18.789153001676333,-0.3860702976663931,0.3326291844093036,0.6936961506375933,-0.0301
2023-12-01,26852.82,27207.49,26010.0,26076.81,3831300.32,-0.029324429746461402,46.81339405396992,39.40265582717859,44.169089883123796,0.04595769191091778,17.790458568300686,-0.5963635735176844,0.13887083442868325,0.6673974464575911,0.026
2023-12-02,26076.81,26144.63,25615.86,25762.17,808134.23,-0.012139276807654744,46.6043324329493,-20.156245933366336,23.689365334190654,0.04500042393277124,16.8258456630297,-0.5878603613873193,0.08721372967641196,0.14884585499967687,0.0372
2023-12-03,25762.17,25840.47,25251.41,25614.05,1763140.85,-0.005766107759227979,48.60484855746143,-59.85399048260365,13.134186136023011,0.04479371951831605,15.36616045810291,-0.6954803544814856,0.05897433596186962,0.33214162892419435,0.0815
2023-12-04,25614.05,25855.83,25209.04,25312.53,6056494.81,-0.011841499008202593,42.28424265889175,-94.67533537775796,7.663777889520852,0.04327946898798439,12.744286016445766,-1.2911255942162376,0.03045974561317502,1.1445230983980383,0.0499
2023-12-05,25312.53,26093.06,25144.06,25576.93,2511544.75,0.010391243259786404,29.16552308208672,-88.28337845448505,8.15981218670358,0.03852243855245055,15.558419617331337,-0.932312196158295,0.1549820563206472,0.4961986234481379,-0.041
2023-12-06,25576.93,26259.43,24798.38,25414.19,3359234.47,-0.006383093862407599,33.728490200760035,-83.45266057556682,10.709694105860521,0.03775210957791329,18.54200064794406,-1.2615356336557335,0.15007777639741465,0.6718338440978608,-0.0097
2023-12-07,25414.19,25703.9,25057.85,25652.05,2122970.88,0.00931581100185422,30.93519422448948,-54.09816967747713,17.935057661891936,0.0362576424551837,21.525581678594513,-0.8996806632182275,0.23921836086067877,0.4227956149540254,-0.0563
2023-12-08,25652.05,25932.73,24108.83,24647.35,2623772.59,-0.03995410081185313,30.15502921784669,-90.08543955592393,18.483726873544082,0.038517035589727584,24.613309918031593,-1.186536477046862,0.039092682159460525,0.6062156977129332,-0.1229
2023-12-09,24647.35,24739.62,24376.14,24721.47,2807506.62,0.0030027072022531616,26.927659820746527,-96.08805203673433,17.623607641272685,0.036032589139246625,27.502499714077278,-0.8738520683385567,0.09833217268436337,0.69412983751637,-0.1827
2023-12-10,24721.47,25636.44,24575.53,25542.79,11653909.52,0.03268298820442492,35.75352360765757,-35.0786327832019,21.23376842051608,0.03623695207698513,28.658838441345697,0.7284128714697892,0.3029322409487144,2.6879518881384508,-0.1435
2023-12-11,25542.79,25884.58,24827.98,24848.57,4617229.02,-0.027554879430083546,33.17973168475777,-31.903855770356927,22.886557800342263,0.03829243062505248,28.775177762077096,0.03331693065019298,0.1705232804158471,1.0378808474347863,-0.1293
2023-12-12,24848.57,27137.34,24664.27,26413.42,2093390.47,0.06107200871276788,46.19208471877836,79.09614601350927,36.78396855074929,0.04099401527165863,28.349879696612202,0.2764227938738989,0.5544687815694425,0.47802288198401016,-0.0837
2023-12-13,26413.42,26704.26,25493.47,26024.64,6413000.79,-0.01482843277565124,38.04941138325073,127.00372756942954,41.580735026401186,0.04166400435453854,27.64514726792459,-0.6185347246087493,0.47964134886866766,1.5629488043541848,-0.0461
2023-12-14,26024.64,27350.75,25613.19,26867.92,572418.6,0.031889228328127225,50.09938709007578,211.19253153892873,63.873515600215626,0.041856927198985004,26.432610476927948,-0.519272090641047,0.7030191768685116,0.15090836826977638,-0.0648
2023-12-15,26867.92,27011.86,26820.36,26978.97,1057221.22,0.004124663743429383,56.50758843442912,266.49782813725596,74.45467788226098,0.03902121329527231,26.64657948574003,-0.29782499571966814,0.7403129367736959,0.31324282374672574,-0.0651
2023-12-16,26978.97,27376.28,26373.49,27140.38,4194114.06,0.005964982158654253,60.166234653991566,303.40676193906916,88.80635743323485,0.04003668018964045,26.89242001475923,0.46708771888815687,0.7900881685895595,1.240679162985641,-0.0874
2023-12-17,27140.38,27314.07,26860.89,26890.22,1654100.67,-0.009260004055133421,59.27393861582401,299.89342335700877,88.8121955065343,0.04004820339884164,28.135105765124248,0.2819296438612491,0.7282545399806599,0.49670298274225677,-0.0936
2023-12-18,26890.22,27253.31,25868.92,25931.41,7999102.9,-0.03630767648591906,54.10523103764083,225.32045732985563,77.89479053468438,0.043560713215566704,28.34360344561046,-1.0995967577530081,0.47823010131138133,2.1882899485915557,-0.1373
2023-12-19,25931.41,26162.51,25360.72,25622.52,1853256.79,-0.011983322954256505,50.30063873273525,151.08075674747988,62.41013634466507,0.04367547432045237,25.534030306844876,-1.4055291454474286,0.4104325495578592,0.5075442289794088,-0.1109
2023-12-20,25622.52,26210.94,25234.06,25402.43,1272779.22,-0.008626813547419152,49.92303201410174,86.26437321116356,47.23224532878165,0.042692456700272996,22.095859015934163,-1.5204273537260573,0.35663945477665193,0.3675120628441532,-0.0516
2023-12-21,25402.43,25670.58,24694.95,24720.61,2836051.15,-0.027207530079376898,44.23863425419764,1.088980297734679,34.88010528076975,0.04482225848909564,19.192069236099126,-1.8250866774428,0.16388059779663303,0.8308414154204489,-0.0898
2023-12-22,24720.61,25275.59,24503.88,25269.82,790818.93,0.02197348964346083,54.080159830995086,-13.823033748443208,29.36730631978257,0.04087394143910537,15.54800840000525,-1.4762214784294225,0.3519408443990921,0.2317348222402636,-0.0213
2023-12-23,25269.82,25300.51,24825.83,24923.44,5667997.15,-0.013802072177982343,51.27824745139355,-41.036566779682005,21.03933778441105,0.041760687930702256,12.017725040193113,-2.0973890968551285,0.2579131445656096,1.571019819967323,-0.0145
2023-12-24,24923.44,25257.01,24802.57,24898.78,3115717.33,-0.0009899198395325623,45.46702310425749,-53.90892578105456,19.38087640200041,0.04006223253851446,11.000295763695819,-2.160842004158068,0.26135984731895995,0.9002863953959551,-0.0018
2023-12-25,24898.78,25137.23,24401.69,24551.23,5983598.32,-0.014056851467915198,47.79974366996126,-77.60094052937552,11.127311143119258,0.03969527625061797,11.364266563344923,-2.372867396625043,0.18492458332536102,1.6463742631029565,-0.0866
2023-12-26,24551.23,25033.09,23738.32,23822.93,1060706.0,-0.030113392578503193,28.122302753038724,-130.95423858406298,7.033695557138182,0.037375905122845804,16.04653888664165,-2.078155167642615,0.04273604421893476,0.30138118763352306,-0.1727
2023-12-27,23822.93,24336.59,23532.28,23888.25,7137210.53,0.0027381440077993225,30.914626410491465,-149.1563407764346,5.537802424600881,0.03605828328629869,20.641649518262266,-1.210674927143548,0.1121489597940039,1.8930613276109638,-0.1568
2023-12-28,23888.25,23962.57,23285.04,23558.73,2777970.23,-0.013890253840900745,17.4495442799586,-169.22997902957525,6.091939567379701,0.03334869312320839,27.230445833307215,-1.340489525601618,0.07462047558178798,0.7353203025612554,-0.1095
2023-12-29,23558.73,24194.2,23364.92,23907.59,677483.14,0.014699529336656258,21.13896312277822,-145.7460304060446,10.388907579479953,0.034767560068924695,32.001603138208075,-1.1545595134703113,0.1769220468865539,0.18452972664868372,-0.1376
2023-12-30,23907.59,24130.83,23823.37,24066.11,3612106.51,0.006608645025737863,21.096107812588087,-108.00696701750019,13.764124203968109,0.03247480140566207,36.77174277330747,-0.7456016210027009,0.23686738473453342,1.1048516279075002,-0.0472
2023-12-31,24066.11,24375.75,23933.42,24275.84,2853674.77,0.00867699031098805,25.231636747434948,-59.79714563588527,19.856924286657602,0.03216231211182893,40.17450692320512,-0.4037144276571838,0.29155893236518626,0.8970615606251182,-0.0081
2024-01-01,24275.84,24281.27,24050.91,24182.63,7874865.68,-0.0038470102318538895,30.181819829234982,-26.74832778258326,25.010504412301547,0.028877604651402256,44.56422397499069,-1.0887306692783743,0.29376647390821753,2.2692766034094753,-0.0531
2024-01-02,24182.63,24467.47,24172.26,24443.89,485315.55,0.010745680092331754,36.49732038201788,17.747805277262387,31.75069143451864,0.02708865662776556,48.29853872449183,-0.9406852112766015,0.3655489845184126,0.15291185969644194,-0.0489
2024-01-03,24443.89,24649.95,24241.37,24527.6,2403495.03,0.0034187271627388366,39.65445063195757,55.71505586678268,40.79039121247754,0.02534121910476496,51.45868012317483,-0.6144333504902645,0.40247696571769764,0.7360538667523865,0.0774
2024-01-04,24527.6,25222.81,23938.33,25113.09,4614388.6,0.02359021003736291,54.749595808122294,119.49526486368052,60.798234516402964,0.02562886526507667,51.54885539176154,-0.036206369990602304,0.565750929511418,1.340130742785896,0.0114
2024-01-05,25113.09,25304.36,24402.82,25045.16,11752502.47,-0.0027086288509532283,46.92283669733808,154.13898039102912,76.65069419399627,0.02606865244335877,51.29313536168057,-1.3524790831239502,0.5898448733576335,3.0756397396996364,0.0372
2024-01-06,25045.16,25413.16,24641.4,25364.23,2220196.56,0.012659318477150672,56.08300005579387,193.05054744738834,91.8552372227497,0.02657733238613222,51.12397255558461,-1.0578397476125967,0.7600775971057189,0.5767550505890271,0.0192
2024-01-07,25364.23,26114.54,24683.09,24748.76,2918539.73,-0.024564527017522337,48.219955669337764,172.5171517247959,78.86515927268483,0.03005807159630221,51.6670229241899,-1.4089374105823536,0.5556919371846978,0.8117351023833052,0.0536
2024-01-08,24748.76,25354.97,24675.17,25170.55,8507214.37,0.016899273569394295,57.22124537495837,181.60350799236443,72.02301683089323,0.029396201967310152,52.324487853402545,0.0707114990810231,0.7572340898957545,2.1657152344510515,0.1143
2024-01-09,25170.55,25662.75,24804.98,25475.73,982350.56,0.012051573923982766,71.38129808851778,200.92294026026536,65.26382753113523,0.02781880188375401,52.286631535947855,0.3794027254443035,0.8877797852684646,0.2510087942445338,0.0893
2024-01-10,25475.73,25700.42,24908.3,25088.79,1647749.85,-0.015305101412490352,64.33761357232765,181.0160842493587,69.26960004687771,0.028213141065324,53.04549093410253,0.14308350383692078,0.7050878871827371,0.4275211352817804,0.1407
2024-01-11,25088.79,25754.47,25036.37,25750.56,2993625.05,0.026035241615698108,74.25164806483058,204.0801509218159,75.97792204162157,0.027600620280535792,53.08532421813259,1.012444204385117,0.9523623991017697,0.7551392022787626,0.2448
2024-01-12,25750.56,26150.63,25239.7,25302.6,2875291.14,-0.017549217194337868,65.10395124996705,181.58298694707162,71.35718604551094,0.02831976047632612,53.84259050988372,0.331907943076584,0.755931203649041,0.7517690502848302,0.2358
2024-01-13,25302.6,25412.9,24277.38,24651.82,7003843.14,-0.026056425817220407,55.730692385793695,118.35090184751817,60.90820891924412,0.031466671194475715,51.11911493567781,-1.365332965982078,0.5020029922204998,1.7426369222500564,0.2633
2024-01-14,24651.82,26091.13,24590.51,25695.35,2440728.74,0.04145931024400253,61.940515704057006,140.75884807815186,58.46086829569674,0.03313061924210126,49.50711470856841,-0.7688279359582192,0.8711794785447471,0.6352817074619392,0.2206
2024-01-15,25695.35,27208.63,25533.11,27045.84,9458700.0,0.05122316250806407,69.87962012647826,234.93829745275684,68.94792081507985,0.035292990398087816,49.040418366374446,1.4859231331501501,1.1678966478526123,2.219381741410236,0.2105
2024-01-16,27045.84,27397.75,26823.54,27337.02,3106916.05,0.010708623363103811,70.00424543756361,301.0275308308357,90.89572840719705,0.03564606320867406,49.656694145870176,1.9425047207010935,1.103835057426787,0.7651846980292396,0.1912
2024-01-17,27337.02,27774.09,27326.6,27399.13,6077427.75,0.002269433515409471,69.91437911896517,330.74103931416914,94.4970985514197,0.03566669556920502,51.13532398252678,2.525409639694751,1.0303390176031484,1.438335248819674,0.2215
2024-01-18,27399.13,27623.29,27120.49,27388.5,3352420.73,-0.00038804380234693864,67.14746270674596,330.7013943376981,92.48063456737354,0.033641935223061026,54.412012213235585,1.6640117928362026,0.9592664350120852,0.7690683024124324,0.2706
2024-01-19,27388.5,28428.15,27290.92,28173.96,1470966.45,0.02827492982564237,71.27752177396387,362.0659960590705,91.02449209782874,0.03330157148149605,58.69184488368033,1.678792536413386,1.0357135999702045,0.34594609105503865,0.2516
2024-01-20,28173.96,28297.89,27665.26,27798.37,1492643.91,-0.013420761204323568,66.42717927550453,336.5492667405658,89.22541558127904,0.033394018631810164,62.80341870697347,1.3423471869081463,0.9031190255995384,0.35675394661867577,0.3157
2024-01-21,27798.37,27868.88,26836.38,27319.48,3310288.12,-0.017377385037595894,67.67473838957764,269.35862168786025,83.99782851514932,0.03293630981052819,63.66684153546926,0.7734170273140679,0.7791685100183795,0.8368336466345273,0.3764
2024-01-22,27319.48,28697.57,27176.03,28078.07,8318627.69,0.027388843755229594,69.10554467549713,257.9289780884159,81.36739163368992,0.03418778936218913,64.14098445473931,1.7259032223570714,0.8851936545728034,1.9134737388623326,0.4
2024-01-23,28078.07,29106.58,27164.77,27602.61,11209354.2,-0.01707851113222538,63.669983982153624,202.70635038491628,76.04384262953323,0.037581901545839194,62.13910841513347,0.16691770186822566,0.7648128915331659,2.3412871580515544,0.3542
2024-01-24,27602.61,27878.77,27285.56,27424.83,8040051.42,-0.006461526051197697,65.42914208448894,141.46522344080404,73.33896772950153,0.037307458762199874,59.22692042775751,-0.8615132490068522,0.7072579260945372,1.6213141731403202,0.3059
2024-01-25,27424.83,27840.71,27382.76,27736.89,4719414.02,0.011314488710359647,63.754776323427876,110.60019542570365,68.55648968759095,0.036217779694414545,55.07081377071493,-0.2999715710002708,0.74446370512401,1.024330111096657,0.2499
2024-01-26,27736.89,27815.87,27311.23,27668.7,4569927.82,-0.0024614857248072657,67.29418162224832,75.87356662291506,69.0126729063426,0.03525817465737476,50.5439191289404,-0.9703240959580495,0.7085251344961905,0.9672206051749085,0.2849
2024-01-27,27668.7,27806.07,26439.31,26754.63,3369103.55,-0.033594267927003554,64.80012049370964,-13.608028153149576,63.261017912772154,0.037080124075706884,49.7211181545725,-1.482384255027572,0.5024992266773864,0.709683541869864,0.2101
2024-01-28,26754.63,28375.68,26722.1,27996.22,2172107.96,0.04536195858504541,65.75487291868417,4.8819988721638765,62.357801146953626,0.0358259334397771,48.45637918583776,-1.0967278489261862,0.749072244251979,0.49025397941362664,0.2334
2024-01-29,27996.22,28119.94,27729.31,27876.82,2890314.33,-0.004273981933176156,56.8438477997104,3.2109395725110517,56.91417957013491,0.03268711629025586,45.543994574118265,-1.3664135780831963,0.7009733024147163,0.6386058846312295,0.1677
2024-01-30,27876.82,28227.43,26388.38,26557.75,12899848.24,-0.048473911964317405,44.511325009088516,-87.57655349362324,43.01769132928849,0.03771247833224556,41.34360265224242,-2.4332785518131947,0.36923532310443546,2.5350585429936383,0.2005
2024-01-31,26557.75,27129.94,26274.74,26794.55,4383908.49,0.00887690146338129,45.84399979014209,-129.96967708230784,26.160434329610656,0.03846605799632125,37.64941754249329,-1.694358581227877,0.4114490721936987,0.8499085768196806,0.1913
2024-02-01,26794.55,27464.13,26689.78,27409.76,1747892.13,0.022700645720096273,50.134929982760056,-115.36236049795218,21.555841959415357,0.038310337006116066,34.04747417765024,-1.3690266284549695,0.5515384852123476,0.3426081161587481,0.2484
2024-02-02,27409.76,29289.82,27288.22,28909.53,3934467.0,0.053272144197836914,54.28031753295627,-9.08052510643114,48.60787729511127,0.038458524131747295,30.46484048433001,-0.9638374745285895,1.036925966026386,0.7951220497119713,0.2931
2024-02-03,28909.53,29976.39,27992.23,28496.77,6006813.08,-0.014380551027140672,54.046518741504116,27.057152981551894,62.49860584194017,0.04240325181714594,27.493102359180625,-1.399658206770214,0.8904158468691102,1.1717045140623892,0.3502
2024-02-04,28496.77,29090.61,27505.61,28045.17,6926824.34,-0.015974322890060684,54.21797531981487,14.795088602345231,65.0810979833508,0.044493222897188885,26.827348387614453,-1.7397530819888973,0.6767032673015333,1.385374326227597,0.4057
2024-02-05,28045.17,28162.58,27631.44,28114.45,1622252.34,0.002467254413198234,50.22987372652834,6.047424710069549,52.518651592166016,0.04186733664918659,24.88925780707984,-1.4258896693037109,0.6883413869112357,0.329342342730221,0.3926
2024-02-06,28114.45,28881.26,27608.47,28864.54,1910337.02,0.026330173089231787,57.70628273879152,43.39500635333923,55.83041796661172,0.03912378302233842,23.16034740328087,-1.1623343381222289,0.9396989761016317,0.4049573645563383,0.315
2024-02-07,28864.54,28867.26,27657.01,28191.01,2213074.46,-0.02361071933882018,54.411740995181866,16.725364379801476,57.143706184925236,0.041621931449560313,21.454209964084814,-1.2154522969835027,0.6576899944322594,0.4748668178492529,0.2467
2024-02-08,28191.01,28974.67,27557.59,28707.53,9502909.72,0.018156324898625523,55.46046976244453,27.237123902309577,62.48438759275143,0.043259506179324315,19.869668837629632,-0.37170264674239545,0.8360496258746342,1.8773004181380955,0.13
2024-02-09,28707.53,29000.13,27614.96,28751.74,1138048.15,0.0015388294603845374,56.10927469760993,30.298622042462284,61.4686243520372,0.04538050815109337,18.760231946601994,-0.19282548893138926,0.8192701296377024,0.22561169387872992,0.0693
2024-02-10,28751.74,29410.38,28615.09,28896.83,2193684.01,0.005033613369716004,63.23175522317051,34.898821129819794,67.82452870098156,0.043740067187779695,18.999099104331126,0.09588238302940086,0.8316785387313045,0.4397528070172576,0.0693
2024-02-11,28896.83,29281.87,28625.95,28644.08,2081590.99,-0.0087851104740273,54.55849075613584,14.753537277789746,67.25316187807984,0.0416381973916579,18.92014991783262,0.027520526624052716,0.728594222341276,0.4451081336135975,0.0378
2024-02-12,28644.08,29815.14,28156.73,29617.38,2857314.32,0.033414561133109456,60.93319329840896,58.36433361490231,75.04824425123469,0.043327383159082196,20.188987407498846,0.5295531675839016,0.9736617945815017,0.6708894650436766,0.0269
2024-02-13,29617.38,29746.73,27874.2,28263.95,12849597.52,-0.046774210159456577,60.67129994364838,-8.969441210042874,69.3491641113125,0.045486741945111875,24.674317699527567,-1.1788586565299195,0.5464853848603975,2.8558015297625303,0.0502
2024-02-14,28263.95,28539.06,27938.78,27977.14,5337311.36,-0.010199392876005025,57.35043850553132,-74.22173639369976,61.06988792628564,0.045302215614997664,28.816511918118362,-1.7945676516920248,0.4530353129832333,1.1781191536560838,0.0325
2024-02-15,27977.14,27998.06,27614.64,27829.89,2484135.47,-0.005277125183641749,52.77262654016119,-125.67320781217279,37.6861503311308,0.044538546761859706,32.74279676812942,-1.9034379625359983,0.4038482904736815,0.5612499793620827,-0.0252
2024-02-16,27829.89,28664.91,27546.22,28552.48,14931564.98,0.025633174517504215,47.37432731057985,-109.97982775289688,33.89666793867268,0.04120265059786208,35.46859002031804,0.27950355459842346,0.612534435117247,2.9838067203925585,-0.0266
2024-02-17,28552.48,28869.04,27652.16,27795.34,4482376.75,-0.026875416731802756,45.090493714461125,-147.20627392092996,25.021712266839938,0.04035324420772473,37.16360595094918,-0.3057021542402132,0.3568218403820024,0.8755132454210574,-0.0702
2024-02-18,27795.34,28218.79,27597.4,28124.48,712150.42,0.01177199071825408,50.56479512456271,-145.99100539203317,26.800377286225682,0.03743368258337516,39.79048303540212,-0.11487529496005906,0.46474501853808503,0.14212295517110363,-0.0802
2024-02-19,28124.48,29647.27,27909.08,29361.6,2284438.75,0.043047326709499276,57.61481602593901,-62.46701578990121,39.34728835682494,0.03879286940375614,43.94543017988137,0.23726509780525945,0.8785395702776667,0.5099154296368681,-0.0091
2024-02-20,29361.6,29448.23,27663.07,27711.23,3134549.26,-0.05784995197704756,43.65563715310814,-115.86247108786733,37.5898371617145,0.04242390436758481,46.789684952650454,-0.28078301588260834,0.19040881525740472,0.7095646860234132,-0.0222
2024-02-21,27711.23,28106.69,27644.83,27749.56,2065192.37,0.0013822380136568548,47.38912118965061,-144.24434098318073,32.08178340341619,0.040438916611893604,49.586196748086586,0.09653429148537251,0.18467957731285964,0.46582253863570283,0.0675
2024-02-22,27749.56,28650.67,27533.16,28157.07,3538264.92,0.014578493370105413,46.70187320773319,-131.57138846412812,14.525108871225413,0.039093708461636616,52.577491252794154,0.7533219438627653,0.3890314034485463,0.8016693118747936,0.1357
2024-02-23,28157.07,28164.12,26985.66,27479.77,793937.29,-0.024348379985300594,42.91628657571138,-162.76056780951183,17.921876521816262,0.039519955433174665,54.252158812644005,0.5850530632254504,0.12032523263188251,0.1911730192517508,0.1
2024-02-24,27479.77,27547.21,27226.13,27232.04,1496859.73,-0.009055876345637605,40.8334315255516,-192.02157523459056,17.83708783986575,0.03863563445326739,54.10241396906599,0.25927704075627095,0.06677784767960661,0.385641540365716,0.0394
2024-02-25,27232.04,27682.94,26013.98,26440.76,2795081.39,-0.029487462352896617,38.547399498363,-252.79056665034176,12.466052784201885,0.04252854845536653,52.35831269853802,-0.28649552068818535,-0.0969913350216836,0.7093897445600831,0.0348
2024-02-26,26440.76,26916.45,26276.49,26810.02,6469188.52,0.013868939340738913,34.429955430589885,-255.48342867172227,13.753688154623058,0.03922938939565585,49.63247078025167,0.8311289192533471,0.08730946616913438,1.5520849167749895,0.0907
2024-02-27,26810.02,27456.42,26367.57,27143.5,3561763.59,0.012361908797340757,42.99307969221718,-223.33523123187695,21.213844869864328,0.03668515745678354,45.98301030189627,1.331499598605033,0.21960039675080215,0.8409314821073725,0.0617
2024-02-28,27143.5,27571.96,27078.88,27546.41,892064.73,0.014734611542851144,47.344912905816834,-166.09470777048145,31.530461623147726,0.03587060631752264,42.19759346700825,1.3790767686598646,0.35906772099626477,0.23444812351017558,0.104
2024-02-29,27546.41,27775.9,27172.55,27446.61,4182450.69,-0.0036295555167192082,47.623500115741244,-127.83065764450663,37.5654021560691,0.03657339519471977,39.95337239803108,0.6623414832212755,0.34638089687569196,1.0569281844852068,0.1592
2024-03-01,27446.61,27874.47,27436.92,27754.98,5713710.66,0.011172620489615922,44.78740453841957,-77.12675033902929,43.17537732089507,0.03441410720319425,37.939349811629135,1.5529650374088568,0.4587628695716756,1.3824015771800953,0.1126
2024-03-02,27754.98,27910.12,26598.8,27298.9,2927133.38,-0.016568875212145714,46.62225052573699,-69.8933897989651,40.90461629347624,0.03523616597841738,34.967794870334636,1.0290966590305863,0.3299229342305176,0.7010335082567724,0.0731
2024-03-03,27298.9,27943.39,26657.65,27236.09,3526078.26,-0.002303476273581506,43.72814108225067,-65.0288366961923,38.973217111656446,0.03705973004409853,30.789353285912323,0.5012471735819897,0.31980186979695835,0.8377686667750375,0.1051
2024-03-04,27236.09,27336.55,25507.0,25551.19,2602883.56,-0.06385904115767162,24.69890958011908,-165.27379454480402,23.374290740244746,0.0397589254020051,28.82286730429868,0.01471506066655799,-0.14190897663526422,0.7041373088554852,0.1074
2024-03-05,25551.19,27574.39,25392.39,27487.93,1944485.83,0.07306310832524675,48.57161133412652,-94.64305481294699,33.023993529491015,0.03798880350132552,27.27696151998303,0.26089913988358826,0.48468163387074503,0.551327587757202,0.0678
2024-03-06,27487.93,27623.66,26740.49,27338.63,8383264.63,-0.005446278921893452,47.40818949719934,-53.523807102491645,41.72255099383289,0.03929703656901422,25.677920020721007,-1.7756314862716343,0.4443618729883326,2.193496972636887,0.0468
2024-03-07,27338.63,27455.38,25029.75,25856.5,2718173.39,-0.05573870028793702,37.222022885217655,-117.99343505272205,50.141113624219564,0.045163277540031854,25.758308182514863,-2.0280065812190524,0.03490223670758957,0.8464659172281375,0.0409
2024-03-08,25856.5,26823.21,25596.97,26753.36,465911.11,0.034098052907694784,46.061388145673654,-93.17400529076994,48.42187590399923,0.043776824400998775,26.808881540997806,-1.7510597049694097,0.32641755176966536,0.15476825037934938,-0.0394
2024-03-09,26753.36,26809.4,25853.04,26243.03,2644017.15,-0.01925964296027159,44.78604001304583,-103.28221543396364,42.39162746373048,0.04635723411945274,28.197891381589397,-1.963358139043515,0.20382436691046787,0.8509947170804643,0.0009
2024-03-10,26243.03,26758.76,25876.7,26415.32,2027844.92,0.0065437149014602285,49.856518589755986,-90.9538897941128,49.45085871950737,0.04392705228847135,30.857320455898996,-1.4415990349312382,0.255850926124015,0.655381820230414,-0.0231
2024-03-11,26415.32,26426.15,26304.02,26354.52,9720094.74,-0.0023043475934013827,47.33837415778943,-79.87700634135098,44.887952297773374,0.04262491920603596,34.1271283496747,-2.4225882860621475,0.25900847083391937,2.8392936355779734,-0.1611
2024-03-12,26354.52,26696.54,26034.49,26288.25,3788373.2,-0.002517725986182506,44.84142158945402,-70.33219790743362,45.40528914560914,0.041572701546438245,36.9985623419929,-2.336991670419514,0.2598841599739569,1.0794380490615754,-0.1543
2024-03-13,26288.25,26730.8,24769.47,25129.02,2036977.38,-0.04509871771169206,36.63821550235086,-131.83787158464406,33.32984168101881,0.047663958699069614,40.63627130184958,-2.111301193248172,-0.06835119423277078,0.5930903063398787,-0.1836
2024-03-14,25129.02,25561.71,23844.68,24443.23,5819922.84,-0.02767006761682713,34.4092027528507,-204.1380619898345,23.041677293546318,0.05225566109129684,44.27554396020669,-2.186508423573267,-0.12354837534023021,1.5790061201365768,-0.09
2024-03-15,24443.23,26388.21,24185.07,26090.84,2079598.96,0.0652310089103428,42.415829165798804,-130.03654221584213,26.91109025302789,0.053789403265099,47.20059143227854,-1.7308899592816895,0.3600866071334382,0.5597917684375524,-0.1148
2024-03-16,26090.84,26271.47,25535.59,25821.27,1082438.18,-0.01038572398825458,43.14937090970753,-90.11136002204665,39.20989774822025,0.05275913450974056,51.19665068777071,-1.5909825958638861,0.2957784361390403,0.2982483060389937,-0.1639
2024-03-17,25821.27,25976.7,24409.11,24494.77,1972575.05,-0.05273894551077267,38.623642133890264,-140.9456095433224,40.076369402415445,0.05643817027061021,55.600091474481154,-1.5289330668628267,0.01540707143292037,0.5794042995061257,-0.1303
2024-03-18,24494.77,25308.86,23978.03,25209.6,2077417.13,0.028765248979301477,48.458285378396035,-115.4071419662817,33.848738844799136,0.053424772422275967,56.66367941154334,-1.2481012809027499,0.2239479728422511,0.6237982618560255,-0.1568
2024-03-19,25209.6,25415.47,24639.46,24829.37,2399489.84,-0.015197647689433831,36.03952638855444,-112.95963828729168,26.459520823009182,0.050198184074496596,58.569276405834664,-1.281685592250539,0.1678821839138963,0.7045631362000621,-0.188
2024-03-20,24829.37,25062.33,24565.7,24957.45,9037130.51,0.005145148155685592,37.46815963702561,-92.4167910602498,30.998150038933517,0.048834287385682316,60.689950359764396,-0.5793653346462775,0.2268896597019153,2.4770282506043673,-0.1531
2024-03-21,24957.45,25068.85,23788.23,24018.36,4227127.22,-0.03835383693605413,39.73963659359959,-129.50268279491115,21.486098705366743,0.04733848843727813,60.43734154121354,-0.8073240337273395,0.051608702964442074,1.182728537383831,-0.1975
2024-03-22,24018.36,25046.09,23578.38,24842.19,1001468.82,0.033724879545654014,39.24429762050614,-87.9644492230783,25.838719121456034,0.046462921114654124,60.52791328071671,-0.6574137801057979,0.27166979584936196,0.28796345146441604,-0.2605
2024-03-23,24842.19,25100.52,23703.86,24392.93,2469132.51,-0.018250081216280526,39.515922468993494,-80.36878081054749,24.103066299986136,0.04860796609038882,60.51596694885429,-0.7895972250039864,0.1905917905601349,0.7209322093607895,-0.1611
2024-03-24,24392.93,25255.83,23937.35,24829.07,4689188.55,0.017721807912759808,41.272092815326765,-37.7584958999779,34.800192209422,0.04900963150968126,60.93978581442341,-0.28687932894096957,0.3120831889045953,1.3286712474911904,-0.1241
2024-03-25,24829.07,25160.48,23862.58,23873.64,7829774.53,-0.03924022273319045,37.57305752582581,-64.15611644828607,24.883940626154864,0.05448884807078426,61.402138356178185,-1.0249545194700131,0.10724703432454441,2.0478050617608634,-0.1311
2024-03-26,23873.64,23917.59,22133.7,22421.69,1599182.6,-0.06274612746460448,32.992978251704486,-163.96327001569853,18.434901373633075,0.061591190112250935,62.357744317998424,-1.1274467589514283,-0.13490262992234833,0.45896917693447736,-0.1247
2024-03-27,22421.69,23201.16,21886.17,22333.72,1589451.36,-0.003931149923114302,36.4256799538183,-217.13031823425,8.523929434708112,0.059766641140429407,62.11299590557245,-1.2306135614111275,-0.036497088222414244,0.46368675896150374,-0.0932
2024-03-28,22333.72,22668.0,22186.58,22294.32,2708919.98,-0.0017657065036471588,38.865624374429004,-234.68263961930427,8.423846891036815,0.055913504938837004,60.80114808519206,-1.505700615147572,0.025578810791100495,0.7652302766462858,-0.0399
2024-03-29,22294.32,23233.47,22122.51,22725.48,1356969.14,0.019154824450515782,30.04752509009292,-198.4272894130478,12.715369524839213,0.051419847426113795,61.3030326488776,-1.2655178933556765,0.14946156896093746,0.39042125297382746,-0.0757
2024-03-30,22725.48,22998.18,22703.0,22820.78,804598.22,0.004184762440486046,31.835402346185262,-151.32844308763708,17.017733036977248,0.04982573526657043,62.16395854937447,-1.223635407245932,0.19730867933693236,0.23564217718673336,-0.0536
2024-03-31,22820.78,23245.24,22495.06,23198.52,4513663.33,0.016416959140778467,41.13421818943687,-81.53253371863934,26.39057882930325,0.04649760908390922,61.32699819592727,-0.23453703158546935,0.29014195248274394,1.4310146176356888,-0.0762
2024-04-01,23198.52,23227.49,22118.33,22757.31,12468967.41,-0.019202071067463158,32.575222508478944,-53.24700849729902,28.2385495402353,0.04670332929756092,60.7243947324617,-2.486893722863005,0.2253917533977308,3.4749926227488963,-0.0819
2024-04-02,22757.31,23881.03,22416.77,23435.64,19485850.19,0.029371528114971842,40.49931219068453,19.105626211906383,35.95016221618728,0.04744922080823834,58.755964812174895,1.3743937296011883,0.3826640293534668,4.368394601107122,-0.0697
2024-04-03,23435.64,23883.36,22994.81,23883.04,4849116.97,0.018910643023160256,42.98157484495233,100.50486806559275,43.308780198116146,0.047732497322646755,56.60179623528852,1.9651314029718838,0.4833120982883412,1.099048898569178,-0.0666
2024-04-04,23883.04,24222.37,23062.17,23540.3,988748.3,-0.014454737588614522,46.61327937837731,132.65330543843163,51.44406260557014,0.048062077130930095,53.374464332498995,1.5965778617343793,0.43109043410933867,0.22690409044584242,-0.0265
2024-04-05,23540.3,23764.01,23311.93,23561.69,4998835.04,0.0009082419435099175,39.76487589872988,155.18260070929023,52.69097376772127,0.044939506219004874,49.75144623351729,2.015945254367357,0.45842757148011515,1.0978294524566634,-0.0008
2024-04-06,23561.69,23732.08,23373.44,23499.12,16903900.5,-0.0026591143190603183,42.38497937272051,164.78995758702285,48.893162316923444,0.04190397038574252,46.32767781457917,-0.39727985585436937,0.4542985777235805,3.189447319352069,-0.0762
2024-04-07,23499.12,24704.33,23111.08,24693.98,9766448.82,0.04959651559143138,48.98082972985729,245.66511566387896,61.11442719062071,0.040671161843593075,42.9122526171128,0.9225680188106505,0.7901899443918964,1.7181148276601914,-0.1403
2024-04-08,24693.98,25561.48,24595.49,25197.51,2035408.97,0.020185690879700884,60.7186404436041,322.2909554007398,74.57215345346117,0.03891753589936509,40.50656559752196,1.0922470780851208,0.9113838930780275,0.35921977197672017,-0.1517
2024-04-09,25197.51,25410.53,24553.93,25205.52,4674278.48,0.00031783803741292305,79.4173653341847,359.87905653281894,88.72148128189941,0.03627737098856271,40.40118240422458,1.5783828109959115,0.9017705614130139,0.8579725135996389,-0.0527
2024-04-10,25205.52,26390.52,25134.1,26197.68,4823681.52,0.038607839078983165,84.28049256329192,433.01454570162963,91.9659587278437,0.034743779929027344,41.637628963691604,1.874987488122541,1.0457082403809554,0.8805746328623609,-0.0927
2024-04-11,26197.68,27859.35,26075.43,27215.67,11667559.48,0.038122053131554604,87.20184325202955,525.2580483485391,91.529680493914,0.03686266562082705,43.527630145474156,2.481352555297359,1.1228125161994291,1.9409753349589571,-0.0984
2024-04-12,27215.67,27228.83,26574.22,26711.43,2385240.83,-0.018701346670025532,79.80162901498292,526.3001950917469,88.09305258408756,0.03633821604778743,44.790515545808844,1.909392758540336,0.958348604408583,0.39707759515068586,-0.1203
2024-04-13,26711.43,27226.8,26548.8,26911.52,6522854.17,0.0074628840323337255,80.11324654662576,513.8736183165375,84.09440598810416,0.03708411862279161,45.99679945142394,2.0440270025539977,0.9364511173811014,1.0695531164456549,-0.142
2024-04-14,26911.52,28024.92,26766.05,27636.26,1281799.41,0.02657423087897548,81.07983180170618,525.9672436608752,85.63835163297843,0.037426373901520156,48.47549507534758,1.8256785397776603,0.9676275972675569,0.2220999156571626,-0.126
2024-04-15,27636.26,27939.7,27064.14,27238.1,2754316.16,-0.014511950119285454,81.57171222223975,479.9360483927717,87.62672315708151,0.03736087633549741,51.811881242578636,1.4545796923639716,0.8662379904891916,0.4725170336021505,-0.0497
2024-04-16,27238.1,27742.26,26682.17,27042.05,1673332.81,-0.007223666571010102,77.26374485202945,411.6906896474171,86.61674057047031,0.03656416580842185,55.35390271471683,1.2133754581475338,0.806998736779572,0.2868624058396243,-0.0244
2024-04-17,27042.05,27389.36,26703.04,27326.86,4795567.03,0.010477039368846799,76.69073401638472,362.8484935351091,84.12144601826022,0.035654480609907,58.96703021497259,1.3661327023854322,0.8140860325998153,0.8076667154579457,-0.0633
2024-04-18,27326.86,28766.78,27280.61,28702.71,7068369.14,0.04912144211554434,84.48757089541274,397.52883130573406,88.42047906332715,0.03475659864271435,64.22843676133225,1.608944658040837,0.9405707676078743,1.1358227660896931,0.0775
2024-04-19,28702.71,29789.17,28613.23,28971.02,2535220.78,0.009304476603254728,84.98299783713658,411.15481059835474,90.84997048505811,0.036219396387924714,69.90196207198042,1.5782029800540314,0.9206248328460499,0.40180003310154,0.0775
2024-04-20,28971.02,30169.31,28336.67,29671.34,2043772.22,0.023885576749501057,86.8749641524841,437.50279350173514,93.18691162361843,0.03891292309104281,75.51579710362023,1.5181980739330259,0.9445975498475399,0.3303779877849088,0.0448
2024-04-21,29671.34,29841.42,29094.0,29392.66,1043967.31,-0.009436613437192681,81.52232541635745,406.9688267588033,88.95426983826269,0.03722637362037904,81.3015646642476,1.3910558856268924,0.8731074691907527,0.185927588623445,0.1132
2024-04-22,29392.66,30538.3,29122.64,29969.37,6286059.51,0.019430876776127644,81.70199252583826,396.04442413117545,89.86904491999324,0.03758175192107984,86.01951755204514,1.5900134569012299,0.8958228454001296,1.268649059350404,0.0841
2024-04-23,29969.37,31564.73,29849.18,30800.88,3568504.88,0.027367400913338828,83.50667455384907,413.34166701469303,88.26133185630688,0.03855912558341237,87.51676352675317,1.5949427016211626,0.9345532642456165,0.7296223173275742,0.163
2024-04-24,30800.88,31338.66,30338.47,30811.48,1641564.42,0.0003440868067570272,81.30946273355765,394.09029283206496,88.29753666535679,0.037951856163432496,87.89271285917127,1.507987521848048,0.8938546337229629,0.33341181259792707,0.1113
2024-04-25,30811.48,31664.27,30512.64,31534.28,4295045.36,0.023187860274044632,80.52940319682477,397.4928710600973,90.61947558067301,0.0356497527679062,87.84702756190565,1.550496027025886,0.9302084877737998,0.8786298267078573,0.1773
2024-04-26,31534.28,31973.25,30569.93,31598.13,5274947.71,0.002022733545889732,86.83916121689663,371.95752277560473,92.27379289375756,0.037270198313260894,87.93580628310055,1.7193398299038896,0.9056720227297986,1.224767569464973,0.1784
2024-04-27,31598.13,32259.46,30741.1,32126.17,3775550.77,0.016573021159010055,87.45925179733949,358.39880285993695,96.05121956576369,0.038526045454963985,88.1724034550143,1.7557381596369568,0.9210342311046832,0.9421559984689397,0.2341
2024-04-28,32126.17,32521.42,31227.11,31533.74,2195930.65,-0.018612879073161566,78.53992021068827,280.7349309365809,91.26009105678071,0.03933011797158601,88.24609323085322,1.5105992830732262,0.8223038448599393,0.5468801636637479,0.3175
2024-04-29,31533.74,31598.84,30327.24,30481.28,12811629.2,-0.03394535902513788,71.6719991647042,136.964568577185,81.91907919457778,0.041616175098744844,85.77391227625692,0.6707341983492454,0.6784869407560122,2.8970867206014232,0.245
2024-04-30,30481.28,30786.14,29177.77,29619.96,9524003.81,-0.02866426628749856,65.81988268954578,-28.817443022607677,66.0933209275579,0.044148511438121485,83.08240677270244,-0.05190721924332836,0.5487369518716121,2.044979272109443,0.2965
2024-05-01,29619.96,30261.23,29574.69,29845.31,3029507.68,0.007579250166318017,65.56861018922811,-130.29094141735823,54.71051852475835,0.04381569020869337,80.39133563028203,0.10080000326708326,0.5637797525400281,0.716982282921026,0.2112
2024-05-02,29845.31,30366.49,29556.84,29645.23,3165219.21,-0.006726472961641001,56.81754397017061,-212.99069044258158,43.44655866977405,0.04248137052738585,76.79078484969425,-0.2275209343602304,0.5155667979550692,0.7422498597066973,0.1483
2024-05-03,29645.23,29771.21,29353.89,29716.67,3463265.85,0.0024069322070073293,55.55163433030049,-261.7749386253133,37.72790049967505,0.04055578424979823,71.89897027385805,-0.009967977644952344,0.5055020347895764,0.8423611898827557,0.1007
2024-05-04,29716.67,29745.98,28883.23,28959.33,1840500.63,-0.025815735920759402,44.74345931535051,-339.03842241257144,22.11276971921232,0.039224146414976006,65.88756314769991,-0.2317728668325845,0.3643164643649893,0.44463907262643265,0.1209
2024-05-05,28959.33,29488.51,28845.56,29117.98,1597126.29,0.005463420899763854,47.93553779034434,-370.8727808248468,14.159878203720888,0.03875416004621437,59.9295814990651,-0.17892894429709133,0.364784545734583,0.3913130436076619,0.1165
2024-05-06,29117.98,30966.94,28941.87,30668.08,1827768.67,0.0518665214849444,54.58112213821439,-282.91985148229514,19.69451088248399,0.03821472171902383,54.80597732776024,-0.11550647114251045,0.6366049511311841,0.44697725042142217,0.1023
2024-05-07,30668.08,30836.2,29495.32,29792.0,2770150.83,-0.02898247318082471,43.423670301428665,-278.6855167626975,27.579759112985116,0.038440185284627254,48.384083025426506,-0.5386946270475135,0.41060476878025515,0.6946380766640695,0.1045
2024-05-08,29792.0,30655.83,29603.08,30363.86,2482363.22,0.019013184326011002,47.281153574355635,-234.1070172638439,38.87761412738187,0.03783986244548312,42.05959632314471,-0.30406106979588093,0.5355088183744335,0.6604480260688194,0.1288
2024-05-09,30363.86,30736.48,30291.73,30474.3,11120131.27,0.0036306200356095203,43.04423947087632,-195.49162467533404,37.120383619877266,0.03604587659577074,36.204558225847606,0.9886109865210693,0.5473269452884207,2.6553314970796893,0.1558
2024-05-10,30474.3,31820.26,30193.24,31290.53,1020656.2,0.026431790400013724,48.16288453326243,-117.15064075965745,50.70931246914359,0.03561625285896634,30.61088399880332,1.0101484551968516,0.7506064964384827,0.24673230212962138,0.2027
2024-05-11,31290.53,31943.35,30905.42,30917.43,1720697.82,-0.011995393314695447,42.64477514507086,-93.65044174273248,55.72918083553489,0.034936118558355274,24.745786492991716,0.7141818924117385,0.6294703776251647,0.41258480943928216,0.2836
2024-05-12,30917.43,31891.58,30902.14,31687.32,7022586.79,0.024596498320299896,50.91478305535299,-32.59890365528213,71.53784376799679,0.03340006574958807,18.638213782328414,1.430321262663108,0.8128413637206839,1.669120507312581,0.2683
2024-05-13,31687.32,31693.2,31421.75,31664.21,5244001.81,-0.0007295798862346424,58.03076446700888,-1.7444441500733774,79.69612018772636,0.031168290183585,15.642700565585045,0.738963410814461,0.784464435746194,1.2220554645180512,0.2289
2024-05-14,31664.21,31848.51,31147.32,31718.24,4017139.68,0.0017048887535011075,65.99859706768537,13.49250029054565,91.81911405628375,0.02907225351360679,15.767410287473771,1.1201940137505944,0.777245190366906,0.9109343755154721,0.2481
2024-05-15,31718.24,31997.61,30780.55,31088.99,5836684.22,-0.020038172516201044,58.93242932540644,-25.49414242595242,84.96531571292142,0.030879581485268294,14.970139476846716,0.45097460870821526,0.6236128530693296,1.3008007968270718,0.1785
2024-05-16,31088.99,31411.52,30954.57,30986.92,935000.46,-0.003288557251508593,59.77396668385372,-62.72183253459241,77.28078592096101,0.030168282064072228,14.800807888968459,0.39382305531812206,0.6075915466470838,0.21896988055388297,0.1356
2024-05-17,30986.92,32036.24,30458.96,31596.71,11565652.97,0.019487821287132976,62.69964360576039,-51.323310284953436,75.11123924556263,0.03220830360411279,16.877204005308606,1.7440036402925219,0.790066322180563,2.4821656460759787,0.1788
2024-05-18,31596.71,32456.77,31540.02,32401.49,4642344.88,0.025151408146619942,73.10366768640682,2.5164329266656296,84.20974942230852,0.031527364063450664,21.492082549169517,2.068037894910046,0.9671631693156684,0.9708318906661434,0.1637
2024-05-19,32401.49,32644.65,31925.6,32506.71,4282235.14,0.0032421201686980367,72.90936255515416,35.485122549111225,93.65615620267317,0.031592532302222226,26.34196783562669,2.0889915428480035,0.9285688188229059,0.9832122102513777,0.0951
2024-05-20,32506.71,32938.62,31838.2,32404.38,6592026.36,-0.0031529307171277747,64.59522072145708,40.3177330356325,93.07618446995606,0.029654104079218955,29.69809999213974,1.3193469414589114,0.8599366432121727,1.5662659133397114,0.0158
2024-05-21,32404.38,33023.48,31500.69,32195.39,3113076.41,-0.006470324247749589,72.75467753623101,20.3631764871551,85.51633866048591,0.03025018266811264,33.1384347402621,0.930426524446484,0.7812027213658373,0.7389335567552443,0.0175
2024-05-22,32195.39,32920.93,32187.18,32501.67,9091587.87,0.009468198031906709,71.31199020438922,18.75547051304443,80.61245757675094,0.029264056717252452,36.57876948841344,1.5972204745150949,0.8167401772359361,2.016208490354581,0.0737
2024-05-23,32501.67,32745.99,31391.86,31730.83,373215.0,-0.02400270916805197,61.068973960378244,-40.05053591726312,70.55997208175727,0.03202205642181781,37.770111397361084,1.4034076781509286,0.6241482491052082,0.08570302064868851,0.1264
2024-05-24,31730.83,31896.84,30642.66,30743.51,2454428.49,-0.03160984839656657,45.32221652020778,-145.34858551940067,48.99529538409857,0.0321841910699097,38.637054889245626,1.0819462080924187,0.35251896658926096,0.5596762032006355,0.1257
2024-05-25,30743.51,31513.24,29403.45,30015.79,1290251.02,-0.023955338535630175,42.73060909794824,-257.368704969712,27.44605597559102,0.03551518812501935,41.206651428269836,0.8776047646016809,0.10534697015131422,0.2952451964802655,0.2198
2024-05-26,30015.79,30059.14,29735.63,29756.68,1928399.78,-0.008669931928761017,33.0373020494997,-337.2376170261073,12.589542334055352,0.03422592843017631,44.08917419388051,0.6108088782236566,0.07268392325303144,0.44076384336141516,0.2036
2024-05-27,29756.68,30009.96,29319.88,29849.91,1599375.8,0.003128180156766374,34.25349247264424,-369.51376639839907,13.661398028951174,0.0351207806943737,45.8889844216593,0.7225315936994511,0.09557249907400736,0.37051811211054697,0.1865
2024-05-28,29849.91,30278.98,29758.59,29867.27,9782263.75,0.0005814072429080657,33.832318068313015,-374.2673745967014,12.949602831438744,0.03466797792843174,45.04736078309848,1.813615421603453,0.12158199901786797,2.089518385034504,0.0488
2024-05-29,29867.27,29897.56,29200.03,29853.77,4958455.68,-0.00045210198047278895,37.910244413216404,-362.63757724285034,15.396441684222781,0.033440619775265835,45.274258674062075,1.064898298855782,0.14090601107141482,1.1337489739647248,0.024
2024-05-30,29853.77,29989.16,28606.58,28882.37,1972236.59,-0.033079755651629586,32.39715818434735,-401.6530476612063,12.70736211845518,0.036854489434199215,46.016705231810036,0.7261717812895723,-0.00888586610174168,0.4460980665600364,0.0654
2024-05-31,28882.37,28942.81,27841.67,28652.22,2737552.63,-0.008000447299706838,23.701598540374675,-422.1464434814379,12.99478673254748,0.03596353092359479,47.11558521063222,0.2803690466835994,0.021490344688248123,0.6121641487225689,0.1403
2024-06-01,28652.22,28669.43,28002.93,28247.09,4361616.66,-0.014240483632671243,10.042934801156022,-440.16092178182805,9.90336559586248,0.03584652436763016,47.55556334067693,-0.37965797556334635,0.02543370014221376,1.0052408488734226,0.0918
2024-06-02,28247.09,28671.33,27367.95,27657.52,2014888.85,-0.02109278137929118,7.335476593759367,-466.44462802376245,9.528748712985108,0.03811975394549029,48.32918967094866,-0.7687536118023083,0.010401438684047182,0.48232834440556716,0.1103
2024-06-03,27657.52,28199.92,27132.95,27998.6,7313885.57,0.01225684686733688,12.799577146723195,-436.0784603336956,9.213216691552317,0.03757004176738109,50.40790280415933,0.30882898762643696,0.11857317937490378,1.6843504101175786,0.1571
2024-06-04,27998.6,28821.5,27690.3,27783.75,2399910.54,-0.0077031915083228914,12.78692341143369,-406.2813366669649,10.353244947754497,0.03685383928168403,52.25282626790494,-0.21721564936437338,0.1331639586497098,0.5754601243903772,0.1498
2024-06-05,27783.75,29133.28,27460.9,28686.4,2507804.33,0.03197182544218639,20.759329910604805,-306.16065656510443,17.871782374692348,0.03803136180010307,53.55840958626546,0.13619280308894188,0.2860547867647111,0.5902020881032335,0.0282
2024-06-06,28686.4,29271.62,28582.27,29217.32,2022189.61,0.01833854125580552,30.000684277950754,-190.2361632806008,27.557751553771652,0.035715068029107865,56.25425499988946,0.5821395956933018,0.3784528061125072,0.5361214365758779,0.0391
2024-06-07,29217.32,29604.15,28890.09,29275.71,4853360.48,0.001996477850261433,36.29520490805306,-100.2052735448977,40.11582837057131,0.034326018785820325,57.989522403271884,1.6344414890761731,0.4051070583945595,1.2831302044005328,0.0753
2024-06-08,29275.71,29813.52,28912.82,29782.14,2367558.39,0.01715072301787401,47.724381885693845,-2.302306695344896,58.95971645261043,0.030842478075775996,56.82255827646461,1.9524664981036113,0.5045022940583248,0.6421883253071355,0.0241
2024-06-09,29782.14,30463.99,29376.87,30401.2,3420828.55,0.020573196334354327,55.8659705977332,102.59552118090926,77.08020777536025,0.032008557932853024,54.63783274620912,2.203210280767846,0.6355697934834794,0.9695829476135629,0.0102
2024-06-10,30401.2,30846.05,30058.52,30535.32,2032203.65,0.00440196508016923,56.19203520973169,175.19710112556396,91.31797394937136,0.0320959232034891,51.47940167915446,2.172900127714219,0.6911452926769827,0.5849581942827408,-0.0481
2024-06-11,30535.32,30770.6,29367.29,29844.04,2540660.03,-0.022898891486212106,49.81291867688909,170.67571441256536,87.5869056484795,0.034952539937610674,49.808572821372685,1.5410302287928743,0.5956160019350376,0.8074419863732374,-0.1742
2024-06-12,29844.04,30974.77,29702.42,30805.36,1260812.35,0.031703545901513336,56.64857084855677,223.12823162921666,86.74536168454615,0.03519464052451325,47.10657669408956,1.5468575461663185,0.8640994725115565,0.3951232760284436,-0.1141
2024-06-13,30805.36,31184.88,30078.94,30192.69,2045935.75,-0.02008885871165076,59.6380792088482,207.58432138841047,81.3725715817932,0.0352543470432154,44.89400548526063,1.118650479666584,0.7208175906775772,0.6453018827659538,-0.1086
2024-06-14,30192.69,30502.83,28915.93,29269.54,688400.47,-0.03105245727075448,54.120620187971504,129.9491702663476,74.61123406186745,0.03755169074352856,40.69208725413433,0.9223225915238598,0.4842026789182368,0.2192067091467722,-0.0233
2024-06-15,29269.54,29540.25,28745.0,28766.25,3345144.51,-0.017344559870907484,53.420576165407496,43.96449906040539,56.18417231609907,0.03852838457764768,35.47621862645782,0.3726103155281381,0.36181917621182835,1.0416940832973907,0.0207
2024-06-16,28766.25,29905.34,28580.34,29516.33,7889664.2,0.025740844550886512,61.9934213316731,37.14091028319581,50.620074877772744,0.03760160658764326,31.00644420158635,1.381066296577977,0.5692729078655131,2.2377146741812255,0.002
2024-06-17,29516.33,31158.87,29215.84,30984.58,3003015.45,0.04854599186589503,66.81965558236564,126.03893814301047,64.5837967266538,0.03783937503289587,27.274010218798587,1.6213698441588558,0.9214494848152142,0.942327599443054,-0.0023
2024-06-18,30984.58,31118.45,30547.86,30988.74,2206130.09,0.0001342513199631174,68.49224015758682,176.55116770371097,82.72508620240983,0.036542097917766456,24.36773625179762,1.6654154142128832,0.8837243745449505,0.7235135026116348,0.0262
2024-06-19,30988.74,31199.75,30176.43,30645.68,3572954.85,-0.01113220641424195,62.08510050249415,177.79482295135153,89.40064237729409,0.035438343768413316,21.183119837054164,1.1037709124205133,0.7734108644021956,1.1418015264969104,0.0732
2024-06-20,30645.68,30797.49,29628.74,29724.6,2982738.68,-0.030516720481968834,52.98528542791155,110.79957944174984,72.42148805483036,0.03768848024867024,17.695438010749555,0.6658476740385194,0.5488861532789973,0.9494676998633137,0.0857
2024-06-21,29724.6,30331.76,29679.24,30184.38,3153115.87,0.015349586234115496,55.106190004898465,92.41624217269026,61.25603348313323,0.03696876615368333,14.84111958896871,0.9747659888889444,0.6383966702613918,1.0233866774434996,0.1367
2024-06-22,30184.38,30232.24,30062.85,30117.72,3353139.29,-0.002210869178768886,51.98381169841455,71.65878463277744,54.53747217864122,0.03531618120968334,13.130963930187644,0.46317116791651824,0.6028099637549569,1.0651742187493118,0.115
2024-06-23,30117.72,30533.12,29466.31,29844.56,1836227.79,-0.009111124181418765,46.569058906551525,37.15974228216141,56.064024595655546,0.035590812625710906,13.647415178059763,0.09758153506304514,0.5048739036857054,0.6388902064847958,0.0594
2024-06-24,29844.56,30307.34,28898.65,29143.83,620514.42,-0.02375935208927418,41.98327623865437,-31.51497548990887,42.822493105790436,0.03796895309522922,15.900811981688241,-0.14229332237551828,0.2323615133718411,0.2227963009900358,0.0532
2024-06-25,29143.83,31098.83,28491.36,30565.41,985254.28,0.04762575084171707,53.833416409284254,17.50239276274337,48.78478064263655,0.039017050412762426,15.60890450644778,-0.08207339448944273,0.7189424210300032,0.3636976859324997,0.0608
2024-06-26,30565.41,31536.52,30328.61,31354.27,9941259.31,0.025481484524334568,52.9714145269787,97.29870527573719,64.03529815596897,0.03788859653609881,15.919555525298557,2.168170955261724,0.9509444361715382,3.2017495842243506,-0.0023
2024-06-27,31354.27,32194.87,30885.54,31183.73,2323433.59,-0.00545397750929648,55.63450749139919,130.7551791072991,81.09719677563581,0.038561684021018554,15.037551079038082,1.4522483064011564,0.8494694575096834,0.7800815594535996,-0.0691
2024-06-28,31183.73,31584.76,30603.49,31058.43,2849519.89,-0.004026215326192091,61.18541417232649,136.0019897716126,78.67580001532734,0.037324419075351944,15.768895941840551,0.6385500528070238,0.7756723390918192,0.9490340275035959,-0.0432
2024-06-29,31058.43,31348.73,30732.01,31325.31,3463539.63,0.008556127866937793,66.4885336812693,148.01051894067254,72.84431975772667,0.03659934137237102,16.958478408093704,1.3924065830168058,0.8340457132039476,1.1527137450751612,-0.0614
2024-06-30,31325.31,31518.62,30209.36,30255.21,4646208.89,-0.03475799593048339,54.572198005524626,77.96736924699894,64.48720268052607,0.03785666761430674,15.794269729996184,0.19262663329113394,0.4890890153076039,1.4818630444733365,-0.0666
2024-07-01,30255.21,30776.71,29937.55,30246.39,5980214.61,-0.0002915625392545492,44.42514473429291,27.71830134582143,57.17846043332626,0.0352608549789981,14.767284073350153,-1.262411739651931,0.47942371557108165,1.8081528613302333,-0.0813
2024-07-02,30246.39,30851.99,29995.91,30252.6,1587629.94,0.00020529268411945592,44.442347298373775,-6.594076519309766,47.52356548234636,0.03592767941549998,14.049854634790032,-0.83194182983511,0.49049622160691037,0.47766914841823205,-0.0012
2024-07-03,30252.6,30835.6,29921.04,30349.71,1038154.67,0.003204831073851388,47.67932555514824,-23.302879393372734,48.37410996582056,0.03555675302521133,13.81374771349384,-0.5982471108321535,0.5203568576562893,0.31715716253872395,0.062
2024-07-04,30349.71,30486.25,29566.33,29750.91,4961206.52,-0.019927242511277483,50.217275328220296,-72.46043789583422,43.914556731198424,0.035674995199414535,14.181596031013664,-1.6828190496138447,0.30483766926885975,1.4227912045317603,-0.003
2024-07-05,29750.91,29864.49,29536.9,29698.86,3781350.98,-0.0017510585255305852,45.70092795806507,-104.32186765608964,38.930636072161434,0.034956031501341654,14.930917131518436,-2.3112779154433696,0.24202868198657707,1.0776875731411002,-0.0295
2024-07-06,29698.86,30359.96,29514.47,29635.7,4376015.57,-0.0021289455540103096,45.72927187879394,-124.14343381235928,32.50420997009366,0.036660080337457025,15.121284956705285,-2.492050171689442,0.21153931992242067,1.3129039727545564,0.0145
2024-07-07,29635.7,30173.61,28534.85,28708.36,2721612.72,-0.03179134613186159,40.97893125413068,-190.24656818173045,23.12076921616757,0.039267332382808384,14.576066212853506,-2.351352152539593,-0.039851504817504185,0.8200071210397996,0.0439
2024-07-08,28708.36,29171.81,28084.18,28132.18,2104377.69,-0.020274252714910318,41.80575512668168,-259.0490361121834,12.641929875087106,0.03925639097796418,12.830367279034617,-2.194899631142153,-0.09184079057274032,0.6350109517367969,0.0396
2024-07-09,28132.18,28651.44,27118.28,27577.09,2250675.03,-0.019928761274385236,21.8425158857807,-324.000315280895,5.354917738922136,0.03726395455688238,15.04159772430172,-2.0640414553328674,-0.09619784797070392,0.6929824707480351,-0.0193
2024-07-10,27577.09,28077.23,25394.42,25817.74,3642396.03,-0.06592350301806864,5.897787612602713,-459.2474881347517,5.476776317320328,0.043883834470832425,19.237663700575755,-2.0569280844524065,-0.22408703299673766,1.1102184036557652,-0.0524
2024-07-11,25817.74,25905.53,24832.64,24985.34,4986632.95,-0.03277259967187869,5.3352241528066315,-571.262383608878,5.8413845717695905,0.04466990872016992,25.087656703495753,-2.116199645047428,-0.15471507784027977,1.4786300919861266,-0.0756
2024-07-12,24985.34,25414.69,24634.16,24913.22,6121496.39,-0.0028906665931550677,5.376429974867506,-613.0224158147635,4.1799570260020165,0.04422368066889158,29.86791309040256,-2.1719167257468937,-0.041647948645416405,1.7435759268569435,-0.058
2024-07-13,24913.22,25056.21,23760.49,24445.75,4277051.97,-0.018942209594485396,1.4580452146137475,-632.3920421965672,5.049262508843648,0.04705334406650705,34.547057073208975,-2.0705929629467574,-0.0007529770228578514,1.1773018480595172,0.0301
2024-07-14,24445.75,25372.96,24259.95,25035.38,979482.64,0.02383364773562586,10.49013507947366,-567.8094063547821,10.28799846398536,0.045385227968218346,39.67037114277348,-1.7280799686286448,0.11521928050161914,0.26828704395223424,-0.0058
2024-07-15,25035.38,25342.87,24103.7,24313.06,3610441.23,-0.029276369884039314,9.467525955418068,-536.4240790178785,11.534174314413145,0.04790876061787746,43.26556712152613,-1.6942882588004704,0.09844925874479367,0.9546040048986724,-0.0568
2024-07-16,24313.06,24362.98,23395.04,23567.29,1243937.72,-0.031153920859959192,8.521626695671088,-527.7653574669014,9.361579413829645,0.04976382823091128,47.26874368056739,-1.5760839968367668,0.08384926117268861,0.37162765971275374,-0.0594
2024-07-17,23567.29,23706.14,22936.36,23085.81,1922719.36,-0.020641590609772935,6.9835227567667175,-515.7358822505944,4.0288391583899,0.0503537516273693,51.67649792150736,-1.5098351475313625,0.09363609318242505,0.5778733355917817,-0.0048
2024-07-18,23085.81,23121.54,22265.99,22918.88,756346.25,-0.007257118029661626,7.359988216500668,-480.9749763556715,4.120296100468099,0.05051988952836176,56.37779429828587,-1.3971050260675224,0.12432681895137573,0.2347024842185183,-0.0769
2024-07-19,22918.88,23746.79,22852.26,23492.02,4138216.28,0.02469976398053358,13.62773341061839,-385.462896495181,8.397774550557068,0.05101115187197565,60.15608555112507,-1.073851445854681,0.20273410281923782,1.2708305870485865,-0.0004
2024-07-20,23492.02,23739.32,22278.83,22367.21,5737373.92,-0.04906474189774361,12.119724453467754,-364.36071315837626,8.16461859081044,0.055540390215320354,65.51186735520237,-1.288738024005816,0.14464293835975123,1.732891889778049,-0.009
2024-07-21,22367.21,22757.21,22136.62,22247.52,9405419.58,-0.005365505389930017,13.233777733053586,-326.0285606992943,6.001280518497778,0.05257022548385692,70.2525675668444,-1.6440878877244114,0.1692455012503374,2.701055971173693,-0.0452
2024-07-22,22247.52,22507.06,21587.11,21762.95,1438534.33,-0.022021559073968286,13.37321171211289,-301.44913630227916,1.7818390744426171,0.053190399279484976,75.14848281704238,-1.5652731591783897,0.1612032997428719,0.41400578014801603,-0.123
2024-07-23,21762.95,22609.88,21745.53,22292.45,2454752.36,0.024039073465653853,19.52053135328454,-221.37550755631833,4.977796630899923,0.049784023610790144,77.453510830343,-1.3251377403821498,0.2300383045935407,0.6923567880138147,-0.0815
2024-07-24,22292.45,22411.49,21281.22,21642.22,7665965.45,-0.029602019600693,22.384346155568366,-185.499831534318,7.054532944071997,0.046155715211132715,77.67250061067479,-1.640163322121,0.19581680518203168,2.0827240205532287,-0.086
2024-07-25,21642.22,22439.79,21324.3,22308.14,10218416.46,0.03030559776623929,31.89510358926725,-94.79082836944099,14.506163714880863,0.04491432275391631,76.26144129148724,-0.9300414496447853,0.27670564973339773,2.5529490403709523,-0.0732
2024-07-26,22308.14,23008.84,22224.62,22796.43,3672347.91,0.02165231047014226,36.447773615659564,14.41164196322552,23.227177528530387,0.04396383869878449,73.71757740350505,-0.6124372652732774,0.34276626880070143,0.9256285795089796,-0.1145
2024-07-27,22796.43,23786.48,22044.53,23744.67,4288658.98,0.04075413948858223,45.77179718444583,158.8009727210267,40.69346693246724,0.04355049545252503,69.16637839196827,-0.21823131523865388,0.48235028139388403,1.0600373541264327,-0.1248
2024-07-28,23744.67,23850.24,23478.1,23708.88,8006387.53,-0.0015084227328069537,41.427201331087765,254.51518333469903,52.33555798075617,0.041384192637629595,65.63090539906386,-0.7909615035189488,0.5096053549651124,1.8444231558672586,-0.1429
2024-07-29,23708.88,23720.55,23518.96,23524.45,1720380.37,-0.00780935569453197,44.5226211618573,304.63732541939976,64.25542564334457,0.03855818095639281,61.97961478408623,-0.8905849211423457,0.516009302885325,0.3987579156011006,-0.1408
2024-07-30,23524.45,24221.67,23174.78,23787.79,1888814.73,0.01113211801037924,51.64151415242337,351.4370619455026,72.60175801074159,0.038368393436880956,56.55365805698925,-0.6446252333651733,0.604717822901976,0.4468802289024753,-0.1672
2024-07-31,23787.79,23983.96,23116.43,23258.81,1441792.11,-0.022488438834183208,51.278855563660535,342.33605196297754,75.09655184562716,0.039541207334813505,51.10545929680167,-0.7550284544083571,0.4995311188662577,0.3560484455861847,-0.2355
2024-08-01,23258.81,23735.17,21765.26,21810.54,3491889.02,-0.0642906457989394,43.111793366723546,239.22743374743368,56.83347786884039,0.04581631502145815,45.89284718414389,-1.13019813412996,0.1588248645132345,0.8912549214781096,-0.0873
2024-08-02,21810.54,22017.0,20924.52,21019.69,5206536.52,-0.036933721710890995,35.03959258845785,124.01155290198813,29.38081015101058,0.048212787968917495,43.28303903013029,-1.6599428561474252,0.02231892671810916,1.313315865312233,-0.1511
2024-08-03,21019.69,21675.14,20841.42,21577.84,2611925.79,0.026207244661103777,44.871723241022316,93.05426233191588,14.224573708656072,0.044890896003868926,39.46084437154497,-1.2103842262768245,0.17659432123627788,0.6455507077749516,-0.1345
2024-08-04,21577.84,21854.78,21360.17,21530.45,10035179.83,-0.002198649915851979,45.29725404726663,77.67521847753073,15.018796688329523,0.044571757673413925,35.357704391823255,-2.229938568751077,0.18888078214491227,2.297810184347644,-0.2164
2024-08-05,21530.45,22246.68,21169.22,22197.76,3212354.14,0.030523170660370136,52.78485504005027,118.29995955075037,27.43179745079775,0.0437386796814308,30.03554672567399,-1.613386818488377,0.3956397133100851,0.7193393526749907,-0.3054
2024-08-06,22197.76,23000.56,22142.57,22950.02,9166725.94,0.03332742507937494,54.09473874205914,197.0488529905915,40.96314375157374,0.042285210582431135,25.391725712222726,-0.3650170067250713,0.6187211288516703,1.898698042345366,-0.2853
2024-08-07,22950.02,23500.73,22160.83,22278.02,3711715.92,-0.029718265796618498,53.9484699203906,204.22301936197846,48.335083696822245,0.04423283577263859,22.2575221179513,-0.7797468708456009,0.43001169017590496,0.745973185227676,-0.2623
2024-08-08,22278.02,22532.19,21914.66,21977.78,778822.84,-0.013568599204629179,47.85076910578838,189.41884091347356,46.165816137723084,0.043218715838041724,19.035918699147953,-0.8291512978782632,0.3595804935149606,0.16199490209151987,-0.1861
2024-08-09,21977.78,22171.51,21598.53,22104.8,11702843.04,0.005762836545895141,45.2785055703382,188.4501324089656,37.830929664853706,0.042287777186060686,15.973988398830569,1.05722809864728,0.40262093146062883,2.2919907162437596,-0.1568
2024-08-10,22104.8,22871.79,21891.06,22806.63,4054527.58,0.03125650365249798,43.37342077886931,232.4575250960163,43.043660478634116,0.03860237132796971,14.691032059697452,1.5251980266007825,0.606482631746115,0.8379843877791426,-0.1565
2024-08-11,22806.63,23169.74,22081.66,22231.52,749968.81,-0.025540181456070263,40.3024478867977,220.32698107829015,45.54584226991435,0.041901254229497226,13.29633027721265,1.2728685202894818,0.4244510207528865,0.15611339891668977,-0.1961
2024-08-12,22231.52,22380.36,21563.6,21991.22,13160798.91,-0.010867818915690951,40.008992512025706,194.5107913341044,44.425806769584874,0.0443572155484708,11.646013168422153,-0.5805168405863523,0.3563804691353477,2.464890999957433,-0.1114
2024-08-13,21991.22,22251.32,21887.53,22026.56,3116672.71,0.0016057151266218408,38.17180542704965,178.61740272497627,37.617406109970354,0.04207086483640695,12.07522232568023,-0.18008868488768184,0.3585564998451256,0.6096970866872088,-0.0593
2024-08-14,22026.56,22074.0,21428.89,21624.1,3846551.41,-0.018440564463115927,38.83170527340375,141.4301129133994,32.92509938118322,0.042119176553653784,12.848464561649505,-0.676775926889859,0.25090425024224444,0.8024942699855836,-0.1187
2024-08-15,21624.1,22417.11,21080.55,22106.92,6040416.2,0.02208224822837712,52.33256939825617,149.01979112935317,37.44919822938788,0.03915289873033461,12.285079641926458,0.25320924049115956,0.4073103066363494,1.2298145253186015,-0.1109
2024-08-16,22106.92,23254.74,21750.23,22653.79,2729939.17,0.024436485166306986,63.37431045344283,188.0248170774421,47.59555938231557,0.03950688667482658,12.132359645032011,0.7820002629584776,0.5963308651260003,0.5647707388083845,-0.0981
2024-08-17,22653.79,22860.09,22643.41,22762.75,1936461.98,0.004798261120357166,60.46756927080721,216.30072670064044,61.748882620838685,0.03738153028834632,12.548203395881671,1.0599079340865631,0.660008886132167,0.4274546828872494,-0.1105
2024-08-18,22762.75,23379.18,22600.17,22975.08,4648466.52,0.009284722311589952,62.40057683738875,242.47340296229015,71.97988562498523,0.0379202472542135,13.669490998041507,1.6125370840035405,0.7597419267289632,0.993979917644404,-0.0664
2024-08-19,22975.08,23353.24,22759.39,23240.67,1779261.75,0.011493610890885747,59.61538815991019,268.80208120364523,79.01409536999033,0.036000560347734537,15.664790011226378,1.6822305017255557,0.9038946744028898,0.3809050454747202,-0.0215
2024-08-20,23240.67,23839.41,23128.2,23464.24,3162339.24,0.009573798885613126,55.25310351996645,290.5540730943733,84.64544218827159,0.03521072308936942,17.100128654251222,1.8337834439762388,0.9763830893264313,0.6647522222407002,-0.0299
2024-08-21,23464.24,24762.59,23271.49,24505.93,1494576.79,0.04343756902196583,71.16123651772226,359.8454869041811,89.56173101970244,0.03415470692777284,17.795078616783673,1.7422267792784927,1.163448754768193,0.3209102751996287,-0.0425
2024-08-22,24505.93,25146.29,24165.29,24853.79,3838372.3,0.014095126924081915,77.07215136051391,410.20254863015396,90.74547083372045,0.03472126383942463,19.579045308553553,1.8641516226868617,1.1294088768650867,0.836447865372087,0.0346
2024-08-23,24853.79,25084.59,24545.91,24649.07,2113657.07,-0.008271084421690366,73.60417111016807,409.85282564642864,91.20187909191658,0.034910242049685916,22.942352364986892,1.4531635045161742,0.988033166287031,0.46311681085870465,0.0795
2024-08-24,24649.07,25129.52,23828.8,23862.5,4152697.11,-0.03243098253038064,59.6440751949877,339.6729602303603,83.00014265525338,0.03701881314074633,24.538358995974512,0.9630757546002028,0.7600189276541595,0.9725608325704408,0.0792
2024-08-25,23862.5,24124.1,22681.44,23488.12,1837668.81,-0.01581342764098625,61.91437879330304,254.93467834807228,71.80357491279533,0.03868715637642286,24.09021207041219,0.6922175424478041,0.6463882564409195,0.43742310875095763,-0.0063
2024-08-26,23488.12,23552.29,22635.34,22746.85,5735170.28,-0.03206808713906575,56.54289687329897,141.51847344979174,56.208053966257324,0.04026249788430477,24.522290169088418,-0.026009979638353685,0.4554602728383145,1.4232793668011468,0.0113
2024-08-27,22746.85,22851.99,22339.48,22374.32,6912520.8,-0.016512801634165148,52.84507217277932,39.28254298983313,44.00707702236077,0.04140764309898329,24.00480732761605,-0.9206248632980816,0.3565115359804589,1.6499290624771108,0.0456
2024-08-28,22374.32,22649.48,22191.57,22398.09,2105721.06,0.001061814730692099,56.7503876712353,-25.38502432909436,35.070368493718036,0.04076670950831171,23.484949442307595,-0.7582324736567144,0.3545800227067738,0.4947732410407582,-0.0944
2024-08-29,22398.09,22752.39,22383.95,22553.14,3311460.31,0.006898615006239273,54.12772239719493,-54.6796482031262,29.289857907570603,0.037420288261396255,24.61333437304029,-0.3148318498173083,0.38805649174650186,0.8631771271247257,-0.0771
2024-08-30,22553.14,22806.7,21802.08,22277.19,1874552.48,-0.012311017352140895,46.33246595280185,-87.64831094974821,23.418416333141092,0.03628099286436974,23.164291001043477,-0.5201291063487474,0.32274653487999894,0.5029164412617645,-0.0941
2024-08-31,22277.19,22341.02,21783.45,21906.55,4958191.41,-0.016777606159521688,42.066227815481085,-127.03464466124616,13.836645504239458,0.03800634317783847,21.598522758492063,-1.0730203485294527,0.23235927540782475,1.259135334626904,-0.1004
2024-09-01,21906.55,22749.99,21606.3,22443.06,1691168.9,0.024195756131266035,45.34955682481967,-110.19702212274461,13.834964684714555,0.038258438402385686,19.91721183213886,-0.9166038571048719,0.36509601305161105,0.5026817645357402,-0.1408
2024-09-02,22443.06,23053.12,21985.66,22369.07,2677795.13,-0.003302233892334594,42.11721081561069,-97.71149149881298,16.28172910581542,0.03989730973551048,18.125072210565037,-1.2494779200665451,0.3380726509188827,0.8011715056354725,-0.1411
2024-09-03,22369.07,22378.02,21747.42,22147.36,2591213.53,-0.009960899072998575,38.08607037814439,-97.8127209645817,20.156271627829017,0.04003672930509356,17.578410108498385,-1.5873931439435167,0.2617965441397267,0.790104684610189,-0.0645
2024-09-04,22147.36,23349.12,22069.01,22940.31,679674.09,0.03517732309458102,35.16815399971135,-40.82161544685289,24.838488244246907,0.03799587463538039,16.569101491973132,-1.4038677647430478,0.47371674168218003,0.22568946885619995,-0.0836
2024-09-05,22940.31,23563.02,22447.48,23539.52,6503602.74,0.0257850856766744,38.115295925245526,36.69529818256041,35.94635237114778,0.03743692067029272,15.117110113784912,-0.5702016988664266,0.6348907601495543,2.0322306692454783,-0.0311
2024-09-06,23539.52,24271.15,22821.38,24172.53,2192797.84,0.02653615365442891,46.00053041919314,125.08722701209531,55.13082154379342,0.03914877755864235,12.019841872198816,-0.28560458116301435,0.7880708735181733,0.6824671181242121,-0.0699
2024-09-07,24172.53,24239.26,23391.63,23697.49,13621201.58,-0.019847729095005644,48.53870255157264,144.66349222896605,68.72718155437639,0.038567857970234105,10.510950353102919,-1.7184439259275979,0.6435317909936696,3.7199300706864284,-0.0284
2024-09-08,23697.49,23741.51,22977.47,23176.35,5346516.1,-0.022236773177032598,47.30897308081914,116.80950084024747,70.07590949589871,0.03734360981898349,12.015406599737585,-1.96428060398897,0.49946475134690954,1.3923056290134932,-0.0269
2024-09-09,23176.35,23752.24,22325.2,23654.02,1436415.01,0.020400717169027055,58.20349166183198,124.1627840602236,71.41064850402553,0.03812982196802869,11.996574253118292,-1.6035088162198166,0.6291114939023911,0.38266147721285265,-0.008
2024-09-10,23654.02,24127.79,22977.01,23423.57,1467320.16,-0.009790298981555973,59.738560148732724,107.72427746657372,67.98431431387132,0.040451318296650815,13.271637962511642,-1.5676092905661476,0.5852146256176117,0.3910365896060573,-0.0072
2024-09-11,23423.57,23578.88,22710.34,22858.39,2831701.54,-0.024424553179933094,53.88209496372716,55.628059591875314,64.00710483993213,0.042734637041347744,13.965275896106439,-1.7008821804744874,0.44144002298594764,0.7649004693726892,0.0252
2024-09-12,22858.39,22935.83,22311.54,22416.55,691588.05,-0.019518701850705526,48.90117757870571,-8.342268028151626,48.528184825730506,0.04439220129768213,13.348584344401349,-1.6426826839392077,0.30740226270306037,0.19047033688360673,-0.1044
2024-09-13,22416.55,22776.85,21802.66,22629.14,3709753.17,0.009438930932650195,52.86048443213748,-34.618419868522814,38.59104014595467,0.04387910581537743,13.282852393236954,-1.1671596725026927,0.4067345005711884,1.0279736960644477,-0.1702
2024-09-14,22629.14,22718.24,22021.37,22518.74,597677.0,-0.004890604832193877,55.19536839044022,-56.42471814398926,34.34252084219494,0.04453608099613849,13.22127517931426,-1.1513753243031855,0.37906885416509134,0.16851151827979652,-0.1408
2024-09-15,22518.74,23874.01,22031.58,23786.09,1976089.17,0.05475310459644332,60.139855914821126,13.767113059357776,51.13416998636847,0.04426143298755642,13.775589915149327,-0.8344215269426528,0.8579468119906547,0.5883234870827326,-0.236
2024-09-16,23786.09,24492.53,23428.92,23813.73,1359326.53,0.0011613490599997425,60.984036323741485,58.79524369504266,63.43075174530107,0.044198511890870804,15.04315029570905,-0.5999562400987503,0.8292687157826173,0.4411695755211363,-0.2507
2024-09-17,23813.73,24455.73,23561.67,24354.37,2866723.99,0.02244899444934941,66.00416817001604,118.29526058844564,83.63870721723153,0.0439900518880004,15.652147520364139,-0.1849767042439828,0.9557719936606324,0.919046122430016,-0.2409
2024-09-18,24354.37,24385.47,24270.62,24367.22,5652228.12,0.0005274869025396006,61.66727445930041,149.79494260261998,88.49249876795174,0.04055108226776536,15.406650019876993,0.6333380775920718,0.9019385808764959,1.7465218280599155,-0.2702
2024-09-19,24367.22,25346.8,24024.07,24984.32,5665702.23,0.02500964164788203,61.77909308668834,200.31370217641464,93.32583863384554,0.04014183410118936,15.62619701638737,1.4312288564790254,1.007226912808595,1.6538167669170807,-0.2913
2024-09-20,24984.32,25264.18,24517.57,24706.39,2785224.38,-0.01118651346685337,54.61990854549868,202.5296951553832,89.01475927294115,0.03856049848987767,16.200869981537505,1.0302490190535116,0.8861478107737463,0.8396346816447661,-0.2632
2024-09-21,24706.39,26198.73,24617.5,25683.7,8749983.07,0.03879463481082918,65.81354725661352,253.99916198677707,86.66239191738718,0.03913340812598353,17.93178945912444,1.9901380236953599,1.054792738999418,2.3841092837331996,-0.1995
2024-09-22,25683.7,26455.37,24559.29,25095.93,1637720.87,-0.023150867844618,65.1226145144079,233.1829727732934,80.332174048774,0.043271985309382116,19.267841209742468,1.6147052205216081,0.8597166035394708,0.4526437848532824,-0.2375
2024-09-23,25095.93,25315.13,24413.58,24529.36,1151005.52,-0.022834914166749196,56.80074336148621,168.97221710236516,72.55687437552636,0.042741258405652946,22.549275678676533,1.3459047937277437,0.6943985193213201,0.3245823422619054,-0.2544
2024-09-24,24529.36,24785.01,23040.84,23661.29,1046365.73,-0.03603038796398309,51.68041802522815,61.30247428050586,56.44452372906019,0.04610064431335964,22.44772900262558,1.1379764066185545,0.44621887158642076,0.2935562483891954,-0.2782
2024-09-25,23661.29,24090.63,22528.83,22529.48,2116161.69,-0.049015705624154936,47.847411015279235,-84.93328530690098,38.057748423238515,0.050614540846649785,22.237115534083337,0.9070828678956367,0.16103855448668422,0.6326200861402917,-0.3854
2024-09-26,22529.48,23835.61,22371.28,23577.7,5953120.21,0.045476676223011686,57.04047294127808,-108.35755510446768,31.239786418314115,0.05090921263976697,23.03571940330128,1.4805451603425244,0.4478035291516742,1.684960807094427,-0.359
2024-09-27,23577.7,23581.33,22651.92,22701.08,2306838.2,-0.03788884961536748,50.40369101677429,-176.16984666236158,23.033867344431133,0.05273421226778833,24.436938368831317,1.1225531144319894,0.2355920695916967,0.777400809145383,-0.2943
2024-09-28,22701.08,23025.69,22254.64,22284.81,4451608.61,-0.018507220000232857,48.73086917999139,-238.4688696882844,19.734815216716367,0.053957029153786966,25.25196269236909,0.6007164641496895,0.15584141167388124,1.5231528350731147,-0.2288
2024-09-29,22284.81,23314.77,22123.55,22809.27,2659352.34,0.02326175182905859,44.23586671408726,-233.46775540234842,12.294537476131127,0.050677077471424394,24.415837957366985,0.7891921671109717,0.2994241213558741,0.8912712117330334,-0.2609
2024-09-30,22809.27,23340.95,22256.54,22494.99,23045414.67,-0.013874414527134756,42.47285927853673,-239.5406926546807,10.042933319058582,0.05145113899327551,22.86911458007719,-1.52678164663542,0.24212326226129308,5.672467164242376,-0.3104
2024-10-01,22494.99,22685.38,21792.72,22552.84,1476412.32,0.0025683826191429224,39.117397255143835,-227.94184853622173,13.568946720634345,0.05131472830660547,21.57319388357215,-1.3822007785703314,0.26229829113709857,0.36957291865203745,-0.2938
2024-10-02,22552.84,22561.85,21661.59,22136.41,3327964.43,-0.01863723619101526,37.15073340884179,-235.62262080344925,11.593974220218799,0.05481437918018428,21.35681722253484,-1.6714253793952152,0.17403000762676105,0.8064403333230641,-0.2377
2024-10-03,22136.41,22310.66,21962.78,22228.11,6707986.33,0.004133939940831842,33.101704537222574,-222.0201432088271,12.675016575224978,0.05145563111622688,22.047235105899095,-1.0163276232161544,0.20539341965698257,1.568515952508665,-0.218
2024-10-04,22228.11,23846.54,22155.72,23275.81,3239041.24,0.046056919727752166,41.98560009614749,-134.27508585229089,18.46531686195069,0.052037071964390474,21.04389528676902,-0.7337599813267819,0.4305407753105172,0.7346908010368743,-0.1927
2024-10-05,23275.81,24177.7,23119.69,23931.99,1134975.99,0.027801433830604797,39.82029142431716,-29.33848843608756,30.95080152468905,0.049048664271406285,19.93539176494277,-0.6473039497055524,0.5792295617516054,0.2599186920238879,-0.1259
2024-10-06,23931.99,24755.62,23794.66,24341.4,1112585.19,0.01696254671622036,45.52238008747503,65.19106684740548,51.46096829812941,0.04547962964917394,17.555141707001326,-0.5574872234585928,0.6650953362294252,0.25551291515195873,-0.1566
2024-10-07,24341.4,24915.92,24248.96,24687.33,889265.05,0.014111552168340431,50.962652940715564,144.04256532208882,71.22850219662355,0.04416360248641659,13.903106980328305,-0.47401740958666944,0.7366165501435677,0.20897096846418226,-0.1598
2024-10-08,24687.33,24910.97,24609.63,24667.57,3776226.94,-0.000800731074555775,56.83928216926284,185.26805205281175,86.23092100582527,0.04002105366911872,14.533649871677822,-0.8112991209458827,0.726334649485261,0.9073874499700985,-0.0701
2024-10-09,24667.57,25220.89,23583.17,23770.17,3025515.1,-0.0370579922684908,58.710007145504065,144.31797758365553,81.52862421843098,0.04176011362138272,14.548028119417205,-1.0157377019495053,0.5429988883094958,0.7508155333503089,-0.0764
2024-10-10,23770.17,26272.5,23636.75,25870.76,1856044.51,0.08468194020530542,64.02555238202285,245.00431201532876,80.96574633605421,0.04160364276667719,15.550795874157213,-0.7589866598723278,0.973369904366431,0.465970603726011,-0.1359
2024-10-11,25870.76,26231.58,25403.81,25416.81,1004899.25,-0.017702607276168507,67.5165217334241,265.6042702505024,77.32355607021894,0.04206105554325805,15.848752262704213,-0.7756337577456184,0.8874042608808148,0.2794549918182878,-0.1626
2024-10-12,25416.81,25592.82,25269.57,25459.18,2436898.92,0.001665619078687035,71.51237257607244,265.9963726139995,85.03006998600051,0.04073470327232596,17.141366279466673,-0.4532063109295718,0.8837191131122791,0.6702355864305923,-0.2014
2024-10-13,25459.18,25570.96,24479.09,24739.91,1603252.52,-0.028658656102202744,62.74716684025441,204.48968274573417,76.85489415304819,0.04163215283666343,17.844267403358764,-0.5507354158765005,0.7274771654387968,0.43822716152731805,-0.1735
2024-10-14,24739.91,25807.99,24375.77,25585.75,7686943.95,0.03361782675435186,69.06845434077997,206.8259018700424,78.07620043170492,0.04122682687487658,19.173016769953954,0.3832468207029624,0.8618885397058967,1.9262987279845525,-0.2096
2024-10-15,25585.75,26423.3,24324.43,24881.39,3187620.24,-0.02791542140099524,63.304646726348665,149.6536105242103,73.16206709054877,0.04585664799501492,21.05024826924218,0.0727971298635982,0.701242873193618,0.788215320979187,-0.1856
2024-10-16,24881.39,25017.0,24271.68,24493.12,643139.54,-0.015727872689750344,63.5090160982982,78.01063817813554,69.81733642097221,0.04613173005315529,22.896725313840676,0.11455644929909276,0.6143275854725795,0.17020580764326876,-0.2131
2024-10-17,24493.12,24867.17,24472.11,24513.64,1383699.36,0.0008374355374328711,63.20878917548308,26.963587087248982,59.86598499566682,0.04623058835813603,23.093248128777926,0.47557980786495496,0.6026344122397959,0.370722234803721,-0.3086
2024-10-18,24513.64,25132.4,24510.63,25053.47,6603901.56,0.02178264356625132,60.9143532151892,24.581326727255487,56.83824973033298,0.042186542850705465,24.617116944307433,1.6567234073552752,0.691575065481626,1.7197405161675587,-0.2778
2024-10-19,25053.47,26126.44,24917.64,25975.7,1154424.59,0.036149144720039335,62.150865722359555,77.17394525626611,66.00914681966998,0.04110341588483039,25.96994727341106,2.0601933973263424,0.8459292104562908,0.30663550368231796,-0.2565
2024-10-20,25975.7,27042.06,25663.99,26609.8,778128.15,0.024118083378326802,63.13579835022629,142.90308235633205,76.75948168774637,0.04124358587543532,28.02227314484131,1.9301679074137377,0.9254619088864161,0.2934730988262497,-0.2178
2024-10-21,26609.8,26910.23,25270.4,25387.77,5734589.06,-0.04701200698486723,53.682448487830776,94.64071944815112,74.63863071434395,0.04596600196527011,29.739870981937997,0.8136913379837045,0.6589976951205166,2.00205242290252,-0.2406
2024-10-22,25387.77,26639.06,25171.92,26151.76,1471104.88,0.029648930256368364,57.23659767346711,103.98813688224789,71.31208759629634,0.04780732594231655,29.49736132852687,1.0445830288829299,0.8120636589650388,0.5307950379073887,-0.2675
2024-10-23,26151.76,26839.13,25245.7,26223.84,3533235.67,0.002752428440177247,63.01070160032777,104.56115170952239,67.46852238408393,0.047555283393151696,31.945131337501643,1.5880768034506476,0.8320175597770589,1.352292574188462,-0.2341
2024-10-24,26223.84,26562.79,26106.6,26390.76,3821148.31,0.006345028186383062,53.46862759646979,105.41865380834076,75.57445000252841,0.041355356409359646,32.289209082192656,1.9852098080604823,0.8582879982844159,1.446374702192697,-0.1464
2024-10-25,26390.76,26417.28,25983.09,26002.79,6331974.38,-0.014810108931243836,53.943454583103126,70.75746142873788,71.64973168377638,0.04089124392309515,32.38177461273517,0.7522574314449038,0.7199693748469882,2.182137789791771,-0.1385
2024-10-26,26002.79,26650.45,25581.78,25975.67,9619888.57,-0.0010435092713767524,53.48295846028167,38.51816986221024,66.8281366934012,0.042983711845942164,31.53725479452826,-0.9443108262667856,0.6905591856345946,2.891377760625135,-0.1104
2024-10-27,25975.67,26531.85,25457.98,26196.48,686058.15,0.008464719910734927,60.53033008508094,25.22143843189633,64.49055123581901,0.0425723226937197,33.51980551489951,-0.7785267852098987,0.7377192814757731,0.2068349894315406,-0.1209
2024-10-28,26196.48,27187.08,25969.26,27090.22,1198607.72,0.033547726545827085,60.80181275787917,67.38190910282901,75.88764095297607,0.04060250209430962,35.64448312187488,-0.5871435316591216,0.9564407303710856,0.3759684825624719,-0.1921
2024-10-29,27090.22,27816.51,26116.69,26124.2,3120923.68,-0.03631068933537413,58.60001134735602,23.252642664500968,72.80508202971912,0.04101282117181513,36.64437540424337,-1.1694066771082434,0.6471628630684535,0.9774806042829669,-0.1341
2024-10-30,26124.2,27095.32,25766.85,26772.67,1973508.65,0.024519503265424986,65.22576654704534,30.33195236376423,72.57527838696336,0.04157525993056721,36.905233617253764,-0.8396566102990234,0.8414635609566696,0.6169726077313001,-0.082
2024-10-31,26772.67,27479.58,26770.95,27298.53,4497404.5,0.019451263515344215,67.42479511642983,61.242879983004514,68.45991566110142,0.04159486138734049,37.45315445553637,-0.088868585524794,0.9439486411153604,1.3332269120467306,-0.0423
2024-11-01,27298.53,27543.59,26011.16,26087.74,5757225.13,-0.045367382417973084,55.970067407458004,-5.497928664947267,64.49466034208596,0.046018770283867236,37.5816772602433,-1.1620014329898811,0.5644756173506199,1.626638545516935,-0.0493
2024-11-02,26087.74,27608.53,25647.17,27147.72,10375276.3,0.03982759278371211,56.659295353126154,14.981477055395544,66.46885746473879,0.04620203832953701,35.51184823519929,0.7140337451284283,0.852588167903858,2.6082032379371456,-0.017
2024-11-03,27147.72,27471.11,26901.71,27177.49,2552916.55,0.001095992191469555,53.463403919506966,23.275517858724015,63.63724195246035,0.04402606190426039,34.14194131311558,1.1152265525149054,0.8235773151235382,0.6860394405876303,0.0285
2024-11-04,27177.49,27461.83,26732.82,27162.27,3416610.02,-0.0005601791541959548,62.69542149103024,20.57301436913758,75.26963851961207,0.041655549617681815,33.16081739571,0.42504915193669757,0.791062096004957,0.9153215596095358,0.1081
2024-11-05,27162.27,27353.15,26045.16,26055.89,8120521.04,-0.041585031701692636,49.34614445427806,-58.56241245870376,60.87095724781884,0.042988031825855866,33.07644275704985,-1.0637949324551774,0.42701795766875483,1.977452259902565,0.1521
2024-11-06,26055.89,26635.55,25679.41,26265.77,4231231.86,0.008022724268571892,50.28069616303282,-97.32199128317507,47.00862898021564,0.04091144917073842,31.972917328719948,-0.2899663629256012,0.4621396811466539,0.9958337600075139,0.1477
2024-11-07,26265.77,26432.18,25598.2,25920.25,11807963.92,-0.013242054057914655,46.923778003280894,-143.96544360013036,28.45487120787024,0.042497881551500846,31.76287269156583,-2.0598781887663993,0.2752020592121307,2.6186748754905524,0.0749
2024-11-08,25920.25,26228.69,24162.3,24888.35,1747902.25,-0.04062469400058617,43.2795912895848,-236.58026996504725,24.57283573947259,0.048944242128182054,32.762914041174234,-1.9862852073834347,-0.08114842514484924,0.3851013565664285,0.079
2024-11-09,24888.35,25034.43,24155.75,24633.4,6189594.93,-0.010296576856372718,42.12217215215153,-303.0316925392651,17.50554031168612,0.04889989665597221,34.02072856605059,-2.3546583284553027,-0.05226642771559884,1.2869828176696374,0.0878
2024-11-10,24633.4,24677.33,24237.2,24648.37,1299555.1,0.0006075268993152856,40.68912424977638,-331.6845727677514,15.45782306187931,0.047033680986941606,33.82849465695513,-1.8571934304364903,0.007229323647951453,0.2832735789530818,0.1189
2024-11-11,24648.37,25237.07,24546.85,24905.3,3665196.5,0.010369859684992398,35.76903436855085,-318.9467294336249,15.659954035002762,0.045035308032523494,33.47169690810076,-1.274422753912331,0.13213414310788857,0.7802711140346555,0.1807
2024-11-12,24905.3,24914.13,24112.64,24738.36,5663571.77,-0.006725556869398652,39.92491523075196,-307.25717028760147,17.276919185147502,0.04274541354281374,34.57565359598361,-1.691630799245596,0.12946379405255318,1.178964183652394,0.1669
2024-11-13,24738.36,25369.76,24700.25,25134.62,3949023.6,0.015891103312164225,37.63801157595155,-260.1950318636317,22.535915456865045,0.04019885151008672,35.20450893718673,-1.1683045120519138,0.2621690047169725,0.8209605452438996,0.2636
2024-11-14,25134.62,25202.74,24361.35,24887.66,618719.67,-0.009874080369568489,31.006153045507176,-233.88488170280021,23.100650573416885,0.0409787707757702,36.48836693364888,-1.125800380475756,0.22050774728465888,0.13674617022674043,0.1624
2024-11-15,24887.66,25340.78,23896.29,24276.39,5870899.73,-0.024867825205641847,34.240716346850604,-244.67723944934193,20.54744004295561,0.04175185378525673,39.11607715026678,-1.5871149431947917,0.11164638524520008,1.3536352870645842,0.1753
2024-11-16,24276.39,25487.47,24094.9,24803.85,2884372.99,0.021494609963444742,27.52506994964844,-204.93021988968835,19.26537824515969,0.039226024531314165,42.807770768078,-1.1501366153636177,0.2625827137940481,0.6486034898942381,0.1266
2024-11-17,24803.85,25890.44,24590.16,25626.5,2553133.51,0.032628089273101,37.09076804928797,-116.2842885825207,28.050854122738315,0.04000398582938533,44.73417247318571,-0.8007132143884851,0.4748198357098443,0.5655059328908213,0.0249
2024-11-18,25626.5,26389.48,25608.03,25730.31,6532052.73,0.004042702083106027,38.25469005207523,-47.246086964053006,42.32265585345785,0.039988164042425355,45.98846915305815,-0.09496663726598223,0.505553426163275,1.394148779514845,0.0136
2024-11-19,25730.31,27427.74,25317.92,26899.18,5610271.35,0.04442612845794854,56.8466980697882,73.96059735606222,62.20439083440317,0.04037972267448394,44.38220842088617,0.4996231403292149,0.7936856557996834,1.1526757532224916,-0.06
2024-11-20,26899.18,28930.41,26575.82,28905.17,1060583.99,0.07192466898075983,66.59065080189745,274.7660928584732,79.19530147469253,0.04103316860912094,43.782024540773016,0.6485116480380092,1.1539067978421726,0.22588055172160526,-0.065
2024-11-21,28905.17,28945.2,28698.69,28814.46,5425280.97,-0.003143127378982974,68.79437690061638,380.50328200354664,93.98064283506676,0.03970605631437046,43.21622417296303,0.08890885270990441,1.027138141087818,1.1595617619495477,-0.0601
2024-11-22,28814.46,28871.87,26472.56,27335.77,4338401.43,-0.05268124350926265,65.02137124479802,331.6656953523677,88.34412342518573,0.042723821989581585,40.80887671725812,-0.30146686378353066,0.753342015490747,0.9912063671280624,-0.0011
2024-11-23,27335.77,27945.67,26989.14,27463.34,7640739.94,0.004655923442957986,67.64504157466065,290.25560831065576,78.72788384011848,0.04272784321622421,38.652465345119126,0.7760401689857341,0.7709734734600449,1.6498112159074108,-0.0765
2024-11-24,27463.34,28884.23,27158.0,28745.39,5664848.79,0.04562538215291956,72.05981805072406,328.6863845994333,78.27187782429947,0.04401796501728212,37.216240956219465,1.679518867089186,0.95054405381742,1.1941852956261612,-0.0272
2024-11-25,28745.39,28925.24,28104.15,28120.58,9566176.03,-0.02197571394138491,66.65251024344926,292.7047692680261,83.4532602084738,0.045328418850926096,35.27669147289372,0.3583138261753442,0.8147675724615617,1.9863421089980196,-0.0209
2024-11-26,28120.58,28382.33,28047.61,28146.42,9322040.83,0.0009184780356711214,67.91275883065512,252.82495379485908,87.96301247842676,0.04410225933831988,32.25959852154732,1.7871681129517432,0.792265931009801,1.8384795369943598,0.0315
2024-11-27,28146.42,28365.93,27981.44,28018.08,2392078.02,-0.004570154577323219,65.59466610032396,202.17674120055847,83.16124998580585,0.04357765210380966,29.94370553908314,1.2964035015936428,0.7497284888044335,0.5200483665338921,0.0084
2024-11-28,28018.08,28241.69,27359.08,27549.02,9649873.15,-0.016883052798752553,64.0558057773676,125.22941280035093,79.38776224291435,0.04442649606305357,26.38659749502535,-0.1032015913975991,0.661811732237122,1.9319758666218434,-0.0586
2024-11-29,27549.02,27870.41,26911.7,27857.27,4188199.24,0.011127010322186373,69.53754323831745,85.15269931474063,77.18465610245632,0.04268931798207183,22.988399930405272,0.4362937566884527,0.6873550345322916,0.855651138992868,-0.1166
2024-11-30,27857.27,29336.84,27338.44,28313.42,1811762.41,0.016241923595972596,69.29864210988029,79.53121275190983,76.11866319874828,0.043529938402743065,20.975546146839232,0.6315847811928076,0.7331048350374232,0.36821734981797627,-0.1754
2024-12-01,28313.42,29234.68,28059.77,28891.12,2401503.14,0.020198384269842152,68.44868351941462,103.37605184596305,81.6395150866023,0.04234956722242009,19.52915807615501,0.9044554007867422,0.7922715005546652,0.4944236757028081,-0.1427
2024-12-02,28891.12,30160.42,28547.62,29838.64,2367978.76,0.03226991642302056,71.19542281575525,167.8052606371806,86.9012631340956,0.042994874144000585,19.31908754751476,1.1485208569667906,0.894005584478279,0.5046416049057681,-0.0617
2024-12-03,29838.64,30062.97,29253.14,29800.71,1805035.66,-0.001271979158525674,66.94698158082515,191.0229015740117,90.83688274403039,0.039933684226206134,20.554545958023624,0.7882954523445321,0.8497612017305795,0.3936658375001498,-0.0869
2024-12-04,29800.71,31382.3,29364.82,31334.23,3371418.5,0.05017889148282,65.01618418955384,287.0437110508358,94.20737190712039,0.037210834832784624,19.89916636585363,1.1846287437760397,1.0062232650238099,0.7138551829308925,-0.0511
2024-12-05,31334.23,31404.7,30886.17,31137.16,9817617.31,-0.006309148994543181,64.17231069510234,312.56612513046434,94.61420343556959,0.03807035892619868,19.139224254442002,-0.5018153459108589,0.9439919812771688,1.9953823603218828,-0.1247
2024-12-06,31137.16,32530.79,30966.82,32121.89,1831339.04,0.031135767971367422,81.07652190478194,367.2708973110782,95.43984216903816,0.035045749620752825,22.84524094836217,-0.3198802091699123,1.0282994065993711,0.376236824200423,-0.1094
2024-12-07,32121.89,32427.21,31445.17,31831.16,3383511.99,-0.009092044953926223,77.7720411497275,355.1649294809961,91.61588409743528,0.03542308408309667,26.54464840297303,-1.2221299242124188,0.937808327461687,0.6892416803594836,-0.0705
2024-12-08,31831.16,32707.1,30024.67,30135.34,646913.63,-0.0547471148034447,58.395983312754346,211.33884501882585,78.63206273391113,0.03968290575591517,27.061925664623164,-1.3214579321247741,0.6716643194841059,0.14018302302087665,-0.1394
2024-12-09,30135.34,30201.62,29754.25,30170.1,5944375.15,0.0011527982831898093,63.33035010330302,102.45263297553834,66.46568964319023,0.03875239297941287,27.562069337263047,0.06757790007711474,0.6580055001449423,1.2834709738024692,-0.1426
2024-12-10,30170.1,30561.31,29495.56,30521.2,1001133.27,0.011570156406635607,64.81888706287104,41.12862072532812,58.043390735080614,0.0400174305073064,27.969543239362913,0.3195283944273933,0.6998896532146754,0.21629703191462119,-0.0997
2024-12-11,30521.2,30887.45,30202.28,30579.5,810220.67,0.0019083256883350493,66.1244875747538,-5.949172484139126,60.59806053066122,0.040643474970380046,29.043219541593423,0.4553571441837688,0.6922978622984151,0.1842349228598402,-0.2414
2024-12-12,30579.5,31357.08,30106.27,30798.2,8233773.83,0.0071263969019873955,71.11974602979133,-31.37990323774875,64.21069583911803,0.041208809049124016,31.41751323906606,2.076000057892448,0.7063988121548502,1.7928634687115856,-0.1626
2024-12-13,30798.2,31301.1,30356.05,30513.12,3305849.3,-0.009299491659501821,67.31524257581071,-73.98809522000852,63.16116558666801,0.04156184056468213,34.38561017633493,1.2147220335629028,0.6397538397221425,0.755487583843849,-0.1368
2024-12-14,30513.12,31109.37,29647.73,30068.81,813121.54,-0.014668333163028893,61.46224437578868,-135.12224806168047,56.4751184544518,0.040900901251862645,34.691448759319556,1.0430977922981495,0.5502844962255914,0.19672948622334407,-0.0941
2024-12-15,30068.81,30146.43,27230.44,28348.05,3237672.15,-0.05893017715146784,46.91449070585217,-285.8154469954686,40.92344283267844,0.0477706327494769,33.22800352889177,0.2906280247746404,0.23838097224121915,0.8482752180356524,-0.11
2024-12-16,28348.05,28366.38,28257.23,28315.14,5552786.24,-0.0011616008099967555,40.340133810781055,-376.37685938307027,27.814210507529868,0.044033005462281824,32.32043502364138,-0.8391064731558793,0.22894779235285215,1.5304064623066773,-0.1907
2024-12-17,28315.14,29638.13,28052.01,29545.54,1977769.95,0.04253615790555913,48.59459870229604,-343.0221221535804,27.494920870212585,0.04407602636470885,31.11376320124639,-0.35644466432942346,0.43562977085189947,0.5482242838853636,-0.1544
2024-12-18,29545.54,29651.45,29004.38,29358.21,1472474.24,-0.0063605672495955935,37.221805483030124,-323.44205316209207,33.64319372263332,0.04102305867517679,31.025122293635473,-0.7677360243356309,0.3717989051157852,0.4603319298376413,-0.1508
2024-12-19,29358.21,29680.67,28791.73,29031.94,5718187.58,-0.01117563136168462,36.61005953224375,-321.6517352796534,38.005950098469995,0.04239542478287724,31.103088723388442,-1.8586957119906926,0.2761374688309847,1.7458930110372082,-0.1417
2024-12-20,29031.94,29037.52,28242.9,28953.24,1007617.18,-0.0027144883683976914,27.220901860945048,-314.57309176986655,34.400954839809195,0.04061265188774905,29.177569668645816,-1.7960068619215748,0.24130845940375942,0.31147218592465165,-0.0802
2024-12-21,28953.24,29339.99,28075.08,28422.43,5811416.68,-0.01850349267464751,26.31263680849399,-332.6865306793094,28.705390998597636,0.042082005554853565,26.890813627297547,-2.3200121386635573,0.13398195992590153,1.7064743897238468,-0.0381
2024-12-22,28422.43,28660.97,28155.44,28369.87,23251865.66,-0.0018509556755420356,34.100565742234025,-334.3612847789319,26.944534851085105,0.03667905422194862,26.179951825391754,-3.4445087306882076,0.15766500188455948,5.225484784350395,0.0599
2024-12-23,28369.87,28532.96,27858.13,28387.33,2906000.79,0.0006152523574373024,33.89458126747027,-320.4142065098437,25.803715949640928,0.03722883211829964,25.842850718279333,-2.4508421923456005,0.19041461789776876,0.6450965543287952,0.0646
2024-12-24,28387.33,29081.01,28318.75,29050.92,1677110.49,0.02310723346928861,37.427443655704124,-255.4419993342815,33.2538497824705,0.03563223766111124,24.97653826482025,-1.955946788604625,0.34542439428464744,0.37943351455264474,0.0268
2024-12-25,29050.92,29600.25,28962.67,29244.22,10315349.8,0.006631794981720084,38.83952004028007,-191.32478547250486,40.316496390832135,0.03528047593677135,23.61740668317588,-1.0971324832934257,0.40303823823083623,2.3207030614690534,0.016
2024-12-26,29244.22,29270.55,28395.22,28426.67,6052457.74,-0.02835415830324936,31.982075753418926,-195.1786127381142,40.76715066261925,0.03535166095781344,22.24326644960771,-1.358143891299745,0.2369173047854376,1.2999319644471827,0.036
2024-12-27,28426.67,30248.84,28411.8,29474.33,8884052.17,0.03619192602679835,42.92725239956784,-121.95515150271055,45.34477071663375,0.036256755333478614,19.18796525796794,-0.7035239880413291,0.5256260264506496,1.8016708238148191,0.085
2024-12-28,29474.33,30759.09,29133.07,30333.11,3228568.89,0.0287201401472693,51.70338537276768,-16.035553786707155,58.38758855944508,0.03561735014970915,17.065085029747095,-0.4508152377518553,0.7679628462135925,0.638045723314092,0.0074
2024-12-29,30333.11,30599.43,29387.22,29796.09,3604863.28,-0.017862678335135603,61.01281649434896,15.784721623852988,70.86007434180897,0.03217490712946251,19.977304056930116,-0.6213916659769687,0.6216987633606685,0.7292696188057034,0.0074
2024-12-30,29796.09,30233.75,28834.24,29123.32,8017998.37,-0.022837949030400442,55.6013140739397,-9.206318498500622,66.1149525310981,0.0360829397197723,21.186392651974586,-1.04030827330505,0.4439355689430948,1.514556524864947,0.0876
2024-12-31,29123.32,29306.78,28584.06,28718.34,4709063.39,-0.014003284752063019,43.526150531698754,-51.384803704020115,46.689831411969266,0.03444431577271619,21.724525014119642,-1.2125650516280504,0.3393425969495361,0.8579247975576612,0.0712
2025-01-01,28718.34,30186.78,28283.11,29573.76,1501779.66,0.02935153861533645,51.52723516130893,-21.572080782903797,44.13515985497623,0.03648304153023995,22.197259571841357,-1.0261433247378366,0.6542706094746664,0.2914775121156049,0.1142
2025-01-02,29573.76,29668.32,28139.8,28944.2,1336624.43,-0.02151764315797496,49.40395317399127,-42.918282788457816,42.07699060526371,0.03885493466738106,22.596213377481952,-1.02569336802904,0.44609625722514096,0.2644770494189687,0.1331
2025-01-03,28944.2,29464.4,28031.53,28176.24,768799.76,-0.026890768918898512,45.173565299571365,-103.94544986733231,35.84801812720897,0.0415319533661649,22.09756691706614,-0.9997428272095693,0.15800132321060917,0.15218866724508542,0.1742
2025-01-04,28176.24,28360.47,27990.73,28089.51,4778832.31,-0.0030828725713563897,47.81127470873181,-142.93331233648,18.793318993188,0.03938386861957284,21.617118550184248,-1.2600322105049744,0.13722562826436327,0.9317858480102597,0.125
2025-01-05,28089.51,29212.48,27537.7,29043.2,2237978.66,0.033388179689495416,53.957752157175186,-99.34060975308424,21.892048291238883,0.040966265031780885,22.813768285660565,-0.9955937367593494,0.5171321807610024,0.45093803497678175,0.0785
2025-01-06,29043.2,30724.16,28440.24,29678.02,3966686.45,0.02162232776028982,57.07318088916712,-26.396331466479772,40.38378292053792,0.04396271815205288,25.28688144426193,-0.6004859584139007,0.7822160579602373,0.7835605888190728,0.0756
2025-01-07,29678.02,30434.65,29647.21,29655.07,8610902.08,-0.0007735987168221224,53.56086566403694,19.203904083385698,59.634609076435005,0.04405739052376404,27.73608380607653,-1.334687996552126,0.7606290194801718,1.5889302560100547,-0.0048
2025-01-08,29655.07,30391.78,29262.36,30019.64,2278340.1,0.012218728361337508,54.479886670268584,69.96183519033481,69.73832206986299,0.044692622182377316,29.52824375351673,-1.0448923708934672,0.8668630444617066,0.4341915682042,-0.018
2025-01-09,30019.64,30582.87,28924.81,29309.37,10176223.67,-0.023944574006809733,55.163691415446635,52.538460377159396,65.9237161595897,0.04768323966994982,30.683906042752316,-2.0310080126052834,0.5842276441284436,1.7835045883859484,-0.0045
2025-01-10,29309.37,29641.42,28806.48,29426.05,9331719.35,0.0039730763306378885,49.68304403679581,45.94799731849591,63.553931687676545,0.0450616764008996,32.01260069756999,-0.8882378915857833,0.6127542625749953,1.586551984008939,0.085
2025-01-11,29426.05,29796.18,28916.71,29696.53,15476342.18,0.009149867514166944,45.471051095438746,56.203308357885334,60.45542567757513,0.04285558423346814,33.88326066188855,0.9730820405779844,0.6988098419693475,2.817474121232427,0.1009
2025-01-12,29696.53,30739.26,29458.08,30275.4,7499973.33,0.01930529760710334,53.38986526999193,96.03225453049743,70.62688290759884,0.04219889981397929,33.50371458486793,1.6599280377318506,0.8883933459324727,1.310569348262179,0.1271
2025-01-13,30275.4,32006.04,29714.8,31791.17,2181685.27,0.04885307669870311,66.85791917988561,211.88137539287735,82.81760746450739,0.042190443806508195,35.601168349519824,1.662567330274961,1.2052410472324282,0.3795613525588972,0.1789
2025-01-14,31791.17,32030.82,30930.82,31853.17,4762991.03,0.0019483278359887675,70.70624338521527,276.04634100615823,92.24963150925208,0.042954347804526616,39.75578163756938,1.906232574563243,1.0761138393168734,0.8707010880412783,0.1218
2025-01-15,31853.17,32575.95,31589.09,32291.08,4491230.77,0.013654124990558578,68.99623335705644,327.8135784288678,95.1944368563997,0.04034382604376536,42.865850225706936,1.9713872645731365,1.0622924142425532,0.832907437786914,0.1074
2025-01-16,32291.08,32818.16,31919.07,32670.32,2678643.52,0.011675989385464188,76.99328014865685,364.60510008734406,95.86409179979603,0.03849936053797587,46.22909495243697,1.9211677887912186,1.0304214199894632,0.5270884254341642,0.2233
2025-01-17,32670.32,32816.94,32182.18,32385.24,6366392.53,-0.00876425703812332,82.78517415141935,346.85510166969834,94.44918999143998,0.03707795808918509,49.114781871568866,1.3490528028024455,0.9196645649568604,1.215226293595231,0.2082
2025-01-18,32385.24,33078.05,32224.56,32467.6,3386305.47,0.00253990555467375,84.12549943773159,318.50862881559294,92.66115292992271,0.0380481508598345,52.49629866509755,1.4611315938623002,0.8831892226417271,0.6477340571396774,0.2536
2025-01-19,32467.6,33867.93,32286.33,33797.49,9746523.06,0.04014387037606178,85.00491098929585,363.8949645695876,93.16180840139975,0.03635407329275237,55.15306396695981,1.8359415905540946,1.0041073324602516,1.8340003321695721,0.2891
2025-01-20,33797.49,34426.56,33707.04,34371.67,1762504.01,0.016846139190490095,84.8698042402761,404.059332643389,95.56909229137925,0.0324957609399906,56.202183032918434,1.687677273509728,0.9973196405608818,0.34110622483087577,0.2008
2025-01-21,34371.67,34726.17,33061.3,34001.36,8402088.16,-0.01083215475081413,80.70450335476264,377.64911174763165,95.1604935077052,0.034692940013481686,56.25274621537779,1.0774289245302267,0.8920458206366425,1.5243157191077674,0.2062
2025-01-22,34001.36,34223.7,33800.53,34109.4,20399736.23,0.003172482310146954,79.97883033021212,340.56213644099114,92.12010414703234,0.03310409195955903,57.89477130046965,1.9067938768361579,0.8607563435948307,3.1553165148147224,0.2033
2025-01-23,34109.4,35397.35,34099.21,34919.85,2680987.9,0.02348242930319993,90.53077040702503,342.7772940861894,90.03070612464647,0.031599567090260315,60.23632824575502,1.7639583225110809,0.9108295214782192,0.4086370779822601,0.2096
2025-01-24,34919.85,35507.12,34386.58,34919.49,778158.25,-1.0309375776003676e-05,90.36361819315812,316.98488624268407,91.1399103290939,0.03218409383575822,63.723822138233,1.5309066595593213,0.8748026098928341,0.12233710328708626,0.1614
2025-01-25,34919.49,35520.28,34492.0,34594.88,940756.04,-0.00933943181834626,85.70710023195582,253.57460941858562,89.52453448473307,0.03279333324963406,67.50566092057424,1.334355788462032,0.8049037673806767,0.14942337472968753,0.0975
2025-01-26,34594.88,34824.85,32744.36,33186.45,2278903.09,-0.04156403415183411,68.93087585048957,100.16544436170989,78.53933608106455,0.0359054674422736,67.27792172059048,1.1109987247370308,0.6144095001992611,0.36688330379701567,0.0688
2025-01-27,33186.45,33213.79,31769.18,32467.69,5415092.3,-0.02189621909273576,54.90827990984889,-57.82648744631001,59.340465042320226,0.03483775496720216,63.31401976368244,0.7839209079362304,0.5053612751159903,0.8948007375292236,0.0605
2025-01-28,32467.69,35144.91,32097.73,35098.65,786619.13,0.07791722720285742,67.15264814531443,3.4944925689540014,60.85374309227848,0.03618901907296583,60.355442782312466,0.7450548080256123,0.8238648276602393,0.13160451897977743,0.1167
2025-01-29,35098.65,36159.74,34463.86,35905.73,2666878.22,0.022734224592068506,68.38627635396894,82.65828447819626,72.32544275220884,0.03678605058300254,57.787032263678164,0.8492306840859029,0.8974035660031504,0.47608572608730276,0.2017
2025-01-30,35905.73,36970.2,35375.18,36410.21,1404522.79,0.013952337031197153,68.78399676849202,149.35608840443115,90.90748519745232,0.03764161991139048,55.15507103931286,0.9125718293678318,0.9317469272502047,0.26982465826021396,0.2615
2025-01-31,36410.21,36810.89,35144.4,35461.3,1111925.07,-0.026407268816388614,64.48400104634719,111.65167632145767,84.8120299243323,0.04072705416084231,52.105383301065054,0.7694603644724943,0.7833930499666502,0.24780506533728439,0.2914
2025-02-01,35461.3,36063.57,34852.29,35439.26,17699325.11,-0.0006217158428629935,64.07235876223234,69.38270674346495,76.92869219228108,0.04147351593360861,48.51257240871156,-0.7632263185810203,0.7671476292415011,3.54194527907227,0.2266
2025-02-02,35439.26,35626.04,34908.9,35121.28,5373969.5,-0.00901303058570093,56.933313360270986,7.424233535650956,68.66794077558767,0.0400908956458355,44.48791260523377,-1.3169862324987738,0.69160608109759,1.0421379631374952,0.1949
2025-02-03,35121.28,35744.42,34186.62,34823.44,3028951.65,-0.008516491315081805,52.436665677048516,-62.35890713189383,64.57989650735584,0.04215323685096278,39.804024283166925,-1.5700361209464413,0.6182758884726449,0.5974292314351225,0.1956
2025-02-04,34823.44,34922.66,31642.69,32553.4,2464226.92,-0.0674089053722585,43.51852017585594,-259.1073182471571,46.75651567932806,0.0486365479488936,36.94752878818328,-1.6646408821624001,0.1639652344314476,0.49595747275333235,0.1542
2025-02-05,32553.4,33102.86,32407.54,32839.4,2494871.85,0.008747196130705473,44.4042707305276,-361.4101649162169,32.76052229604881,0.048804919874108454,33.37855938064844,-1.3605780650541766,0.21702148799410523,0.5030554715012086,0.1754
2025-02-06,32839.4,34223.57,32722.04,34000.04,6242284.66,0.03473268707068482,46.06855967522591,-342.51226888211556,27.93531437132687,0.047566183535568386,28.797088402955147,-0.8810405778771191,0.4302966829232195,1.2602448920825147,0.2026
2025-02-07,34000.04,34287.97,33269.6,33270.43,1400907.27,-0.02169268658253598,43.36521454996378,-368.4894385951004,32.42165038945825,0.04838994523707092,23.997940802862477,-0.9921905429032095,0.2532572401089759,0.28861111744273715,0.2193
2025-02-08,33270.43,34254.48,31535.62,32802.31,2831463.36,-0.014170074764008132,42.87015477774431,-403.7041211022787,32.703358992283434,0.05276183293187195,20.04812439457488,-1.1309398167958555,0.1730911341738365,0.6280684029101203,0.2596
2025-02-09,32802.31,33276.63,32755.94,32925.35,1916734.08,0.003743938053528225,48.84320588305011,-404.2161123265788,26.47781194382441,0.049180820075875355,18.511177048382734,-0.9031576347804477,0.2250038535490501,0.4244393271956298,0.2014
2025-02-10,32925.35,33505.98,32541.93,33132.08,2193063.97,0.006259119524148797,53.08345407678013,-376.6880989622173,26.08530312671925,0.04783792626359473,18.393907576110074,-0.7162501691724749,0.2817481250790326,0.5214790640599212,0.238
2025-02-11,33132.08,35611.68,32904.44,35497.7,1274696.75,0.06896590833290453,51.89876790568197,-194.39435328226136,42.617644785719214,0.043965906845461304,16.718741522749045,-0.5455632060373893,0.7447225887955932,0.3923089135001687,0.1913
2025-02-12,35497.7,37495.05,34262.42,37359.88,5587484.46,0.05112949571395364,56.28781923321766,43.66211510864525,66.6709263636668,0.0447125747880074,15.08170584772465,-0.025059219982634683,1.019508211447222,1.6460202628586085,0.1347
2025-02-13,37359.88,37456.35,35402.18,35637.45,3083309.71,-0.04720035014272808,46.97696143810064,75.32931365889499,79.82201787450094,0.04779390380463192,12.814275450376169,-0.21033522575623265,0.7085537005810473,0.8784860470724615,0.1545
2025-02-14,35637.45,36919.34,34866.0,36703.54,634390.78,0.029476156953120308,54.815495922917776,153.76081058750606,84.4264747913512,0.04715853021260425,10.952320023962146,-0.0700745657747596,0.8528695740549385,0.1815407706948135,0.2076
2025-02-15,36703.54,37426.48,36466.61,37378.27,2141037.9,0.018216311348035072,57.15446404463109,232.0656221921338,84.52933697783529,0.04582681710139836,9.444015167004538,0.22951771865438592,0.9047776846061961,0.6139022266224958,0.2216
2025-02-16,37378.27,38542.5,36516.42,36915.62,2549097.64,-0.012454751811740012,56.55073263706349,233.0723033051554,87.18015156740819,0.048933834976694644,8.998408873573156,0.02624799799223258,0.8039676984722791,0.7622243086566695,0.2116
2025-02-17,36915.62,37343.49,36158.16,36883.71,7621898.74,-0.0008647775525505572,57.670522025431964,212.5348434401741,83.71612065012384,0.048254849014439584,9.75959890361943,-0.7347500111360072,0.7754018715174678,2.067767545206356,0.2165
2025-02-18,36883.71,37429.75,36489.89,36907.41,12532024.75,0.0006423537361928888,69.46630959053554,182.6350313575407,76.59081740602107,0.04369494209582049,12.146797732806194,0.8570293184490236,0.7648002694497661,2.998587495323156,0.2125
2025-02-19,36907.41,39780.41,36300.64,38934.35,6479547.31,0.05346455050439837,73.57925596408796,275.86031052661883,80.90967386704789,0.046528487789598755,15.283316494152762,1.8735926961037743,0.990391129676395,1.4616419518385733,0.1456
2025-02-20,38934.35,40390.98,38459.92,40382.21,2755543.91,0.0365124470526676,74.15364213669783,403.7867141693332,88.76790588013678,0.045620017895421965,18.246068432857875,2.3441194563429466,1.0542534670494452,0.6102760838452553,0.0762
2025-02-21,40382.21,40940.53,38613.22,39098.39,4370567.53,-0.03230805177848665,71.1682268103198,371.5072493956234,90.01740259889321,0.04950927281513031,21.307190939034722,1.5250353797408154,0.8649221285696149,1.135565215118817,0.0684
2025-02-22,39098.39,39790.46,38047.15,38705.15,2049327.59,-0.010108623555504764,71.55746793061559,296.49398775783357,84.56595276426914,0.04821194890822623,24.745937387904295,1.1268341239151785,0.7928304491842564,0.5564936259636803,0.069
2025-02-23,38705.15,39109.53,37873.22,38750.18,1816008.07,0.0011627348324047024,71.39447569259556,225.92192701415388,75.90565082059602,0.04947503285329085,28.808141207963132,1.2345852317750696,0.7695808201245963,0.5013931513319931,0.0661
2025-02-24,38750.18,38767.61,36024.7,36323.04,1042233.24,-0.06468315027892288,60.07671154611658,3.5499932584343696,63.28151472994318,0.056279096054248065,31.795506457717995,1.0134693916890736,0.5105693663571829,0.29351864267212285,0.0966
2025-02-25,36323.04,37060.9,35595.51,37045.55,5553999.33,0.0196959858954091,55.453928512239536,-101.31484213873136,52.712020341747994,0.052787022617122925,33.748160351452896,1.6081656016921355,0.5681066717276273,1.499548502266654,0.081
2025-02-26,37045.55,37489.0,35721.48,35929.89,3744498.35,-0.030578696954091645,44.681564835431935,-244.1081149037061,33.909983500503536,0.05151347725885206,34.624813724404554,0.9874952567789727,0.43129076291498886,1.0462731552586189,0.1051
2025-02-27,35929.89,36981.63,35876.41,36578.29,10402485.41,0.017885355401593504,53.80300864634071,-290.054178295803,29.125795385296552,0.04874726042608719,35.8437845896344,2.0366287738168958,0.48576430636860013,2.5819213712791633,0.0926
2025-02-28,36578.29,37136.61,34416.98,34920.5,4007927.81,-0.04638084570279867,43.12172006329286,-419.40428450531954,17.806822945014897,0.05242432300305113,36.12739590739825,1.4021580778659795,0.24959749854143068,0.9804623082502955,0.1792
2025-03-01,34920.5,35162.02,34007.76,34424.29,4174613.99,-0.014311629455132141,38.445543485152605,-519.164453501086,13.971551215153719,0.05358334395358726,35.964990823561024,0.7922184010637747,0.14760532783991304,0.9937929518077557,0.1742
2025-03-02,34424.29,34735.58,33379.28,33557.97,3143778.98,-0.025488028763419712,37.26863701025079,-617.5849049488494,5.363287604848348,0.05354099615848654,36.45119558678635,0.3010140860973503,0.006873047061231655,0.7400220107881603,0.2826
2025-03-03,33557.97,33936.65,29944.67,30109.39,10897561.76,-0.10843730785421955,29.59935434108222,-873.3924843420301,3.2897947763094897,0.06633153786431671,38.076394718873196,-1.2560111029976844,-0.22082432716202147,2.304232696612434,0.286
2025-03-04,30109.39,30889.83,29555.3,30255.83,4480208.67,0.004851809941787129,30.115975544321202,-983.0209945035444,3.338074604708901,0.06694223417907184,37.693060092528675,-0.6190560272886448,-0.06503321672133652,0.958537809998723,0.261
2025-03-05,30255.83,30595.45,29532.91,29838.12,28847379.6,-0.013902122510220157,19.913327701412044,-1029.0426197261945,3.4421608560473564,0.0620928386717377,38.72616717606199,-3.1515641362337967,-0.0076538574879592295,4.838373053833441,0.203
2025-03-06,29838.12,30975.42,29169.51,30764.27,4483732.37,0.030567180978455205,17.050565261912524,-944.6767501157153,7.458884303392433,0.05993297697990836,40.158806525302325,-2.2322326764929876,0.11975660011440835,0.7285085492422924,0.1207
2025-03-07,30764.27,31179.84,29742.68,30038.74,14384071.92,-0.02386606970660838,17.728727030587535,-886.2623726347284,8.135929619361216,0.05926387534419052,41.87618503286044,-2.602601933796012,0.11663155671016934,2.1256750661059236,0.0651
2025-03-08,30038.74,30189.07,28556.39,29135.21,757118.68,-0.03054047354698897,17.10682614955698,-856.5156387891548,9.072369854213084,0.06083052087146072,42.47485631288128,-2.176129589934343,0.10680840210715471,0.11338819961882747,0.0179
2025-03-09,29135.21,29401.22,29132.01,29217.82,6963894.41,0.0028313887107050554,17.320416494515143,-781.4112781387928,6.715467829258851,0.058294267969713195,43.246702260239985,-1.5971694963154752,0.155298404753975,1.0480964084468838,0.0367
2025-03-10,29217.82,30057.97,27298.89,27687.22,1401102.95,-0.05380786221800376,18.454870090781213,-782.9850295009708,5.257715852594017,0.06155859738069812,45.82823743714335,-1.4800383197906295,0.11083613743757717,0.23015005935922322,0.0086
2025-03-11,27687.22,27711.99,27208.34,27395.02,7778440.94,-0.010609689837059335,13.604138868275015,-751.7202611882033,4.034723744439651,0.059707593361315925,49.51968217555965,-1.6323555362876478,0.13632642281796786,1.2642270252317394,0.0175
2025-03-12,27395.02,29413.42,27105.03,28563.48,1670073.1,0.04176773373758212,22.328637552139128,-606.5826643840273,6.721758587617739,0.05861765743227714,52.583766897076146,-1.3834661066039806,0.22867135647033715,0.27385200531163995,0.0807
2025-03-13,28563.48,28957.68,28297.18,28686.18,6679479.86,0.004286494902309787,19.134865304999863,-463.0355729404814,10.70538278077361,0.05725957835543106,55.647851618596285,-0.9761238992712447,0.2583731295990694,1.074926092213391,0.0723
2025-03-14,28686.18,28880.24,27867.53,27869.12,3162875.94,-0.028896207865318147,20.481744124474247,-386.92829119365,13.261292686474249,0.05456346358568802,59.18773383153327,-1.0118343372716028,0.22792515939985522,0.504480177488108,0.1726
2025-03-15,27869.12,27998.83,26207.73,26313.96,1671445.71,-0.05741966898579242,18.813739853139566,-403.3025749296214,8.830324726314666,0.05951686046926012,63.529138916555404,-0.9824906547485958,0.14673138470378622,0.26690407551698386,0.1052
2025-03-16,26313.96,27627.9,25910.86,26165.29,1622288.14,-0.005665873567870817,19.91274195363704,-386.10603110300167,4.6331349723266255,0.06083981597646429,66.53029733967647,-0.9540018867431284,0.16862707896963328,0.2578601452275899,0.0924
2025-03-17,26165.29,26242.68,25050.9,25593.59,7242530.47,-0.022091793763702766,26.00153903019391,-374.8861867571745,4.423462515722696,0.054383818091037636,67.35547321240851,-1.1586475752785474,0.15274114695136923,1.13594503498271,0.0608
2025-03-18,25593.59,25784.61,25168.42,25249.59,2794392.9,-0.013532011541775668,23.942336519854933,-352.6148611359374,5.08884576483136,0.0530926301320779,67.824585360759,-1.1655270212591466,0.15426017161155597,0.44157294494325927,0.1046
2025-03-19,25249.59,25761.99,24793.3,24847.38,5361146.73,-0.016057603577117337,23.98103138669849,-327.49532646037596,4.314387656137608,0.053682262332207076,66.27536205899511,-1.3193287905349382,0.13612995005064193,0.8823185322327898,-0.0126
2025-03-20,24847.38,26055.57,24695.31,25560.14,6456355.26,0.028281792413970327,22.25112213753637,-230.00618832302325,5.808477481965618,0.050939917722317644,64.5665408415986,-0.9483086655026851,0.21296410128343543,1.04157868185952,-0.0841
2025-03-21,25560.14,25791.05,24446.36,24785.29,1777274.74,-0.030783774773164126,22.134703087028086,-186.67929072548304,6.695172274894403,0.05226593792410364,62.785459636903795,-0.9940025022932703,0.14994774749381226,0.2923746660799286,-0.0853
2025-03-22,24785.29,25869.11,24540.95,25852.35,1619950.44,0.04215117388390256,32.88401299633746,-61.59963074040479,14.764585266399754,0.04926728131096431,60.33665652551125,-0.8690085584027967,0.27146309334156427,0.2698763125742197,-0.0034
2025-03-23,25852.35,25937.99,24825.63,24936.92,9242471.22,-0.03605206967912227,29.46388994919579,-18.213287888868308,13.232937821772547,0.05349096841147447,57.817683354213095,-1.4780645080946953,0.19097064147549256,1.5612779062038054,0.008
2025-03-24,24936.92,25328.5,24372.18,24469.84,1216438.13,-0.018908097419757228,32.81192904578808,0.349044001022321,11.91137262417545,0.04924966524386496,54.489229240553826,-1.7701846378214416,0.1672722986618204,0.21131105735340097,-0.06
2025-03-25,24469.84,25454.97,24465.82,25399.95,12112751.71,0.03730586670412983,40.02190602359617,91.54370479821955,10.355448002317722,0.048811513408471764,50.955453667539295,-0.4434035452840898,0.3036728485932514,2.4619955578652952,-0.1168
2025-03-26,25399.95,25944.9,24419.0,24540.42,3734761.44,-0.034425651467884164,29.237576793077295,109.06303692618394,8.664474760970853,0.04824358577165246,50.93100045625189,-0.7911473608777029,0.210088744439037,0.7649369917113763,-0.0273
2025-03-27,24540.42,24843.37,24539.83,24708.81,3591806.85,0.0068383061498954265,29.569725117999695,144.83658430222022,10.507831468468664,0.04688290185910393,50.90654724497675,-0.3026712686200915,0.25053371244449585,0.8270659606096127,-0.057
2025-03-28,24708.81,26741.33,24637.68,26552.12,5347454.37,0.07194973364039767,43.88025939836553,296.73558129482444,23.74838811731898,0.04656294864589098,47.792377241894485,0.3775921569929357,0.5550655781887145,1.1695207394042058,-0.1013
2025-03-29,26552.12,26780.83,26241.81,26458.23,4450685.43,-0.003542330815716663,50.77572940640773,389.1530651989524,43.88319751585836,0.04334797582019965,44.41807803499537,-0.09716695935529109,0.570404195762986,1.00089934688785,-0.0224
2025-03-30,26458.23,27598.38,26195.32,27488.58,9954514.35,0.0382033826703466,56.49903198827682,510.30342364592934,73.59297194769744,0.04090729937407325,42.41212633081055,1.2901185307194825,0.7673145755761365,2.0422210728085926,0.0293
2025-03-31,27488.58,28029.32,27222.58,27729.46,3413474.79,0.008724740248010199,60.84214480337082,591.5668734464284,84.1568988735307,0.03956011816621453,43.125608066356975,1.5923502523912476,0.8051080233260693,0.7331175233746611,0.0915
2025-04-01,27729.46,28572.68,26542.77,27042.09,1157203.5,-0.0251008448564359,58.79260920413462,582.9829703201174,83.98634359151049,0.04429985678937062,42.71042759231164,1.3516216667421421,0.7082927400811242,0.24991085674091534,0.0394
2025-04-02,27042.09,27936.18,26824.45,27561.44,10577930.45,0.01902315333041885,63.161810062030554,594.2157845652225,77.09604622996835,0.04383580310544074,42.82147582915595,2.322805050773407,0.8555562106927717,2.1921410805473855,-0.0388
2025-04-03,27561.44,30091.0,27312.91,29431.53,8312098.56,0.06564885424399997,66.8795546435801,702.1272239155985,75.98528909174264,0.04449144942756913,43.702097702985824,2.5556437306446846,1.149370369008366,1.6353228186190696,-0.0302
2025-04-04,29431.53,29542.69,29114.8,29283.93,6278261.0,-0.005027647263936342,70.74934227670603,734.6135044625057,83.4272072407262,0.04247946618794982,44.640566365695705,1.7543101930652638,1.0181166006506077,1.1816369379711944,-0.0119
2025-04-05,29283.93,30476.12,29197.72,30080.01,1541069.56,0.026821930130680273,69.99941340335269,776.6708924099872,89.28882785347957,0.04123706835772382,46.404530835185824,1.6602593771692564,1.0344327160064595,0.29026789094001915,0.0069
2025-04-06,30080.01,30912.32,29077.72,30869.71,3816044.96,0.025914612707665433,78.4035971811818,820.3452005169148,92.9155143835798,0.04185332482875872,48.346671711694334,1.690547262966991,1.0314862551285249,0.7427384778973757,0.0805
2025-04-07,30869.71,31208.92,30847.31,30961.21,8058438.99,0.002959686409098798,82.23715379573078,816.3162579272512,96.40362260671041,0.040357618913644214,51.844212861988936,1.91044013205974,0.962758668396567,1.492025385451552,-0.0102
2025-04-08,30961.21,31314.29,30196.28,30364.8,3468007.39,-0.019451087847854247,75.50144075827907,736.8376868021419,93.9767195364991,0.04145342633574353,54.606349255600314,1.5003505028128155,0.8512564320588067,0.6535580227784439,0.0333
2025-04-09,30364.8,30485.6,29308.57,29361.27,753915.36,-0.033607583855716744,74.40084223634113,586.5742988151014,84.58417080788031,0.042021537702057625,53.97704006338505,1.2999142760186222,0.7172358515891495,0.15014562388906047,-0.0232
2025-04-10,29361.27,29652.02,28804.47,28873.4,2874968.61,-0.01675570289029954,70.41880067721013,431.39270909098127,73.61396398271428,0.0440773712631048,52.78556912437106,1.0202689514886476,0.644909139119183,0.5663721384899898,0.0207
2025-04-11,28873.4,29809.0,28288.47,29187.48,702065.92,0.010819094152755792,65.20043374333777,331.4587054109981,64.35480005602227,0.04217603379451465,53.406438126743986,0.96102073699658,0.6626087789425679,0.1395696770847159,-0.0041
2025-04-12,29187.48,29243.11,28926.35,29068.57,3591465.53,-0.004082328449671248,65.01279084107819,243.00365225264989,59.341005729832894,0.041802415067924224,53.942260876037714,0.6715274695333208,0.6306464779782628,0.7564694176704756,-0.0446
2025-04-13,29068.57,29383.43,28515.12,28670.57,3942822.56,-0.013786360647586345,57.331198045986426,148.01561667570212,53.05853199767398,0.04105045696683354,52.15778703036441,0.33827970093949034,0.5632013053500359,0.8072958642835898,-0.0728
2025-04-14,28670.57,29441.31,28572.73,29267.43,7060328.04,0.020604132530603118,59.135713733148926,117.0645475636627,52.6085901770609,0.04036422544981705,48.12547380032879,0.7630729135726413,0.6217939993383562,1.5244591376198091,-0.1415
2025-04-15,29267.43,29345.87,29166.65,29234.43,1303070.58,-0.0011281693778661163,64.12047950542488,87.41010710088574,51.79087168995756,0.0358879923432624,46.114450983903794,0.5951878921821001,0.5975633947018428,0.2889431841056837,-0.1324
2025-04-16,29234.43,29991.56,29140.04,29763.3,3890991.47,0.01792896665462427,64.16442585924955,95.78090858019232,57.33916048589516,0.0346258167416995,43.96349128345072,0.8571947898689016,0.6695571189690145,0.8599369199061183,-0.1644
2025-04-17,29763.3,30301.03,29665.11,30272.86,2447605.92,0.016975510642700614,56.56062021376919,126.09576063834788,60.16560493151456,0.028988553726708947,39.82590491567528,1.0111053733428657,0.7457403579235355,0.5588462708382588,-0.1169
2025-04-18,30272.86,30506.67,29824.74,29963.73,11691484.06,-0.010263951324783053,55.17076138925626,116.04128289868152,60.72866740931179,0.02989321232225905,35.02386129861173,-0.35041742666694803,0.6681646922080787,2.4656277047286297,-0.079
2025-04-19,29963.73,29988.67,29106.91,29334.8,2517260.96,-0.021213125671924887,44.18381761749114,60.53779321762022,51.84247575846596,0.029568318661978878,32.080847319927244,-0.8544171539667382,0.5045768068083967,0.5760420884877239,0.0093
2025-04-20,29334.8,29464.8,28927.7,29121.62,1468124.81,-0.007293670910916306,35.007367280881084,5.851543845539311,39.16007341247713,0.026602302442545304,29.972685026005895,-1.2382753808828815,0.43070040844768953,0.3436092569097306,0.0272
2025-04-21,29121.62,29439.29,27273.68,28265.52,5053875.44,-0.02983816638003415,29.560856661737475,-86.49872085034474,28.887173754163737,0.031966837536120535,28.559185047172974,-2.2314363619180417,0.14202503880224424,1.1312557461797776,0.0519
2025-04-22,28265.52,28889.72,28035.1,28379.98,2264576.95,0.004041279740825315,33.764200454688265,-135.47888732444,28.766857010564802,0.031174994284189142,27.853532553335068,-1.698528879237091,0.127134525402451,0.5589031120446897,0.1193
2025-04-23,28379.98,29309.52,27962.41,29010.2,5838969.22,0.021963525273957157,46.941456690327726,-121.48451310971893,37.49279794523188,0.030916515077937287,27.124668679040905,-0.6860283531127271,0.347899879606549,1.4864359573361334,0.0819
2025-04-24,29010.2,31575.61,28671.68,30447.01,31307753.52,0.048340303290349704,61.764235335745504,-17.000947793920858,53.898956202050535,0.0342818086711381,24.391808402259297,2.9659678078391503,0.7955618862962941,6.044385609146893,0.0034
2025-04-25,30447.01,30574.32,29771.69,29994.9,4498413.39,-0.014960428363802859,55.91417697149078,18.214575352821896,63.577855202184814,0.033088958456259865,23.77152691045982,2.0304742483546163,0.6525922443673398,0.8443745913212096,0.0133
2025-04-26,29994.9,30493.3,29796.78,29818.78,3661108.87,-0.005888970850353272,55.44945411641671,25.739698034110006,65.39429201916643,0.034194078841769254,23.177596008392822,1.4725751354699532,0.6227985363762025,0.6882090982312067,-0.0585
2025-04-27,29818.78,31373.36,29595.52,30721.99,2637886.77,0.029840288467094793,63.88240739617145,84.33618790011604,67.5249636014513,0.035303446907468866,24.80817786274532,1.5709499180782946,0.9591824141077557,0.5224847196288194,0.0671
2025-04-28,30721.99,32026.87,30329.91,31552.01,694992.29,0.026658610530035383,64.98729945352252,167.00846242932545,76.4429176615829,0.0362500564260971,27.138815299041624,1.4695074413017615,1.1271637220243576,0.14154386932874397,0.1365
2025-04-29,31552.01,32661.45,31022.8,32612.23,2216537.84,0.033050076037168356,69.52724842469323,274.7473352623074,89.75112813760013,0.03826807129891946,29.079306871187992,1.4806072465065314,1.1886403301386945,0.44480075189208007,0.2379
2025-04-30,32612.23,32773.42,31216.25,31689.11,7961336.49,-0.028714282655277014,60.64784661071031,265.35128643856876,89.79348229408275,0.040973404247872665,30.203377905666734,0.7815448930060462,0.9112593640373093,1.5200545146142295,0.2291
2025-05-01,31689.11,31876.66,31383.49,31766.31,6116667.07,0.002433205487836306,58.67192825683308,246.2631906197539,87.01961121479769,0.04055284626114522,32.25952436637205,1.144437742482619,0.8770691593302922,1.110452862534569,0.2452
2025-05-02,31766.31,32302.51,31553.95,32218.26,2494746.75,0.014127078339157937,62.87765674789341,245.4553229253164,83.95936292730697,0.0401317008251895,34.71028838553603,1.1984748479989078,0.9102173124915018,0.45746398597586513,0.2099
2025-05-03,32218.26,32396.26,31747.5,32014.08,4752360.9,-0.006357566538067996,66.08423681287427,213.71537173970307,85.92897118757269,0.0398677929924994,36.07549098639388,0.7686126045883125,0.8327464564449824,0.8650242904738086,0.2436
2025-05-04,32014.08,33447.58,31509.1,32941.13,2534414.49,0.028546222929586026,71.11913716593959,235.95700584288124,89.29859647240109,0.04178451940518945,37.212532022641945,0.8700070742273158,0.9394633786269528,0.4811318651716682,0.1706
2025-05-05,32941.13,32998.05,32101.33,32224.37,996810.71,-0.021999030362341226,72.23216221050626,185.42540089010834,85.2299244055145,0.0399013009630254,39.79564850192329,0.7235852823558508,0.7818968363423535,0.18978571080870385,0.035
2025-05-06,32224.37,33354.89,31693.59,33284.49,2808736.24,0.03236852412270869,74.89829009477165,204.90359826813244,88.84110597455441,0.040361570380495,41.81620709431091,0.8457468863667431,0.9065530648367667,0.540330374541558,-0.0063
2025-05-07,33284.49,34260.45,30933.0,31504.13,2603323.87,-0.05497287436967751,61.3368390324971,85.50168967010529,75.13583220734226,0.04713245986658483,45.196564391152094,0.6072637922527147,0.607132168849018,0.5000651855587133,-0.0788
2025-05-08,31504.13,32311.5,31329.34,31739.92,4543701.63,0.007456546267807632,56.597684678331696,13.782773812065557,64.55878120766168,0.04245750641912242,50.79909946714209,0.8393783176771088,0.6311425778056131,0.9371200875044318,-0.001
2025-05-09,31739.92,32968.05,31352.61,32639.26,3292264.43,0.02794066365407931,62.905058249444956,18.025055206261868,53.96563824349111,0.043066408805998775,55.96112236407672,0.9853178813472115,0.7508201185324451,0.6736325096555507,0.0899
2025-05-10,32639.26,33573.12,32064.11,33458.42,9641926.52,0.02478761561161223,66.71326025218032,64.49797299269494,64.67435381295896,0.04374655809465232,61.21736968463847,1.5717511401409592,0.8459851560834314,1.8205985270842124,0.0152
2025-05-11,33458.42,34401.56,33392.56,33432.42,2411200.41,-0.00077738600111404,63.53689391966303,80.9209077039867,74.75079397044236,0.042137947878979454,65.27157286476498,1.376365303940686,0.8226090272810764,0.4669352140657397,0.0791
2025-05-12,33432.42,35216.8,33113.26,34863.67,2089988.1,0.041919224925615686,65.60263839725002,170.4620332945384,83.58723951919521,0.04124106842451147,68.97529799641158,1.6464384282274906,1.0244292081520516,0.40541696594938076,0.1227
2025-05-13,34863.67,35973.07,34682.15,35798.08,8090845.2,0.02644894787714092,65.18996937936316,269.0426450843345,88.16083275795636,0.03947075214248216,72.35491138688698,2.577910714590635,1.0947428311577638,1.5359202715447269,0.0381
2025-05-14,35798.08,36724.69,35558.93,36412.74,3484838.33,0.01702445272345318,73.20457486122358,347.10237251753074,94.29949233903658,0.03803666754311556,76.09391589469556,2.374862927381963,1.06957142968004,0.8989407784687581,0.0166
2025-05-15,36412.74,36752.86,35455.07,35494.28,828550.73,-0.025547156668487194,66.9153472611375,309.576734021281,89.83875098231086,0.04064012970136982,79.82547240570268,1.9293041551606618,0.8914729978986845,0.22435029223953462,-0.0132
2025-05-16,35494.28,35527.74,34185.28,35041.89,3955181.48,-0.012827353768761379,62.81146976352905,230.60949397698005,81.19647046032206,0.04237538475887425,81.32722348558342,1.3928072550540231,0.8021950355897125,1.0667147452903347,0.0249
2025-05-17,35041.89,35412.88,34894.71,35252.37,5201482.03,0.0059885580709898665,64.68448417917497,171.58426328043925,74.39778047340018,0.041857773371983105,81.7835754746715,1.6254930261217824,0.8051604098130429,1.3559667456373503,-0.0378
2025-05-18,35252.37,36005.57,34823.46,35240.62,1856211.91,-0.0003333664839246711,61.37130807862465,113.5792231556884,72.9449391106666,0.04033865708701727,81.36025610354113,1.3125343630626696,0.7743963934824757,0.47667824698258693,-0.0409
2025-05-19,35240.62,35960.01,34457.82,35560.91,17231024.52,0.009047606312653127,67.173059541199,80.1854858388167,75.91763375738266,0.04119149771073719,77.55409226178838,2.213282409132368,0.792124748401484,3.7097607054341144,-0.0731
2025-05-20,35560.91,35641.7,34768.84,35099.47,9086363.44,-0.013060970226733916,59.955154686884335,13.897249934175306,75.0418967694383,0.04012852615722115,75.14518049998466,1.4135234822397427,0.700836726431462,1.9328444392287345,-0.0458
2025-05-21,35099.47,35893.62,34955.77,35203.46,7457534.87,0.00295834258519657,74.86306037569096,-33.4809345420108,74.18055271216787,0.03516143827095221,72.3780521051136,1.6958468300001457,0.6958458554980546,1.5640555899371866,-0.0544
2025-05-22,35203.46,35658.07,35178.07,35605.86,2417128.41,0.011365857825439397,75.41368547406424,-47.40288353028882,73.92754464379001,0.033756682587792505,69.9549040803769,1.6285825149867073,0.7353319500468014,0.5073530174207651,-0.0784
2025-05-23,35605.86,35950.0,33967.55,34935.05,7147534.66,-0.019019607820538707,65.55942468113435,-108.00701492441021,70.474157367399,0.03515525852361349,65.37489325684875,1.070090467979783,0.6093959873182689,1.4634732388121126,-0.0851
2025-05-24,34935.05,35790.36,33969.86,34411.89,265451.72,-0.015088479038163075,56.73212840688295,-185.02481725783218,58.557067923270324,0.036336277955079974,60.21452003280892,0.9585498638944212,0.5089326505609064,0.05564436515588011,0.0209
2025-05-25,34411.89,34439.27,32657.82,33378.31,3493202.46,-0.030495856361894176,49.66553633397248,-300.4450930667663,38.1683909075017,0.03911447284178286,55.037345194379796,0.6494526246316743,0.3115965512727436,0.7135793399902672,-0.001
2025-05-26,33378.31,35349.63,33033.83,34705.94,2517329.0,0.039004566026359946,49.01239128579335,-282.5130925659439,34.42981089951714,0.03805505422331301,49.73396925454676,0.7516557824261462,0.5400572739859035,0.5157663967631733,-0.053
2025-05-27,34705.94,35362.28,33226.3,33263.86,19840393.38,-0.042439331506527275,35.08074771051024,-358.05101100248635,27.46941014814475,0.041519470594887115,45.301586760785206,-0.9083202528967731,0.2260833789796358,3.4549449569775326,-0.0212
2025-05-28,33263.86,33900.11,32696.63,33112.12,7007846.47,-0.004572143848943616,29.448706133829504,-405.0516862999607,25.302642546368418,0.04179110678678153,42.24994420160396,-1.5926555434441356,0.1378559100041693,1.1946927383983021,-0.0273
2025-05-29,33112.12,33421.87,32012.98,32570.48,3495888.08,-0.016493021835615275,30.89863563493182,-455.6612297880082,13.285547635094138,0.04272973125180929,39.700234773656874,-1.875511827514067,0.013940669799390919,0.5949439088853733,-0.0967
2025-05-30,32570.48,32753.97,31355.2,31560.47,2125711.6,-0.03150096853255338,28.800267932769245,-534.7314411333609,9.823777747413002,0.0442246265660669,38.91782868942486,-1.8487907345173085,-0.09937959295280774,0.38647999450869347,0.0197
2025-05-31,31560.47,31755.71,31484.4,31635.65,1478854.51,0.0023792611149366055,27.60739007097034,-557.0222048631782,8.13604248231993,0.0435621567079136,38.17091988904979,-1.6112051330131292,-0.008545747767687658,0.2711719186039783,0.0011
2025-06-01,31635.65,32386.22,31228.1,31768.43,1615012.15,0.0041883801202703035,28.819663450664507,-537.6107284450334,7.287872180959198,0.04332614395574909,37.550122515318314,-1.3924217740367895,0.07957931721575848,0.2974338695977,-0.0178
2025-06-02,31768.43,33102.87,31754.57,32718.03,2446088.55,0.029453272727335285,33.89492909563684,-439.7258097214273,16.334390353419312,0.041732690769310105,36.14645992711776,-1.1160141580478733,0.26211631157052284,0.47519181394044935,-0.0089
2025-06-03,32718.03,33552.36,32386.78,33290.17,622884.17,0.0173358561145033,39.87718116387151,-320.87293814749444,28.88093756385045,0.04164352419947341,33.63040906753189,-0.9814817340702814,0.37596265625139746,0.1244652208835733,0.078
2025-06-04,33290.17,33764.04,33081.69,33231.17,9505521.09,-0.0017738673174896977,38.90943852386231,-234.6547698766192,39.2149346660471,0.041168276651095584,31.464557644234677,-1.4546666883118098,0.38250728489300406,1.7478742924720791,-0.0099
2025-06-05,33231.17,34411.48,32908.51,34185.7,1017636.45,0.028319137078392214,42.48105651427724,-108.1951577509086,49.575665162929646,0.04215620232184404,28.602834728693857,-1.2583830283787225,0.5644675607579226,0.19231694403456082,0.0044
2025-06-06,34185.7,34298.1,32349.58,32525.86,2154835.96,-0.04977196272534323,38.453892537615715,-129.7385971603847,44.500734010857684,0.04423297998224402,27.19998985407438,-1.2501649796504957,0.2811270022350091,0.419300355015654,0.1086
2025-06-07,32525.86,33259.38,32328.78,33216.84,3380441.02,0.021021510992918362,44.363359881233556,-92.59859832164751,46.395392727234146,0.04139922486819981,26.303068368953507,-0.9557362166518837,0.4261991845919326,0.6481734321625859,0.1096
2025-06-08,33216.84,34730.85,33029.92,34216.9,3734737.97,0.0296626978214246,53.96788745491427,-0.6880829170132667,49.615081143059136,0.040021159134801795,27.726465406669405,-0.6602596108442693,0.6403876121006423,0.8225353343123979,0.0423
2025-06-09,34216.9,34436.92,32762.37,33605.43,1295059.72,-0.01803201300743917,44.41425025695554,17.890918605534452,59.30132053581131,0.03938638572906327,28.258666900695015,-0.6625754223150354,0.5318774734168968,0.3119908168246665,0.0093
2025-06-10,33605.43,33982.58,33070.77,33580.21,4555416.71,-0.0007507557026940145,51.87540237921335,26.905534324785627,65.64983992028512,0.036812030487163326,27.893122455054236,-0.8695602507891504,0.5468791663433809,1.1371914035223605,0.0192
2025-06-11,33580.21,34389.75,31255.83,31809.73,1605446.13,-0.054164687524151586,43.522336273495064,-81.9869218460662,47.086534793417286,0.04319572299777,24.70868855238356,-0.921254330661516,0.1586885421523575,0.40487742836853063,0.0847
2025-06-12,31809.73,31955.25,30851.52,30948.53,3296713.33,-0.027446715786734126,42.181481977239265,-200.85793381405523,28.752008215223707,0.04369342074911817,21.469577079325457,-1.0991168922339856,0.009008552448009148,0.8738284980240462,0.0635
2025-06-13,30948.53,31124.35,29960.98,29966.66,2503526.7,-0.03224007170137874,42.29622934201554,-326.9949779988819,6.408241205516004,0.044563953978935644,18.345929009595892,-1.2677749414611532,-0.09152565200125129,0.6444702475634988,0.1017
2025-06-14,29966.66,31084.07,29892.63,30690.12,4093739.22,0.023855348352397037,45.69925486381348,-341.4984537857177,6.367632819369065,0.04565496741527802,15.161136367291675,-0.8692633822663325,0.11487306720864987,1.045747364759416,0.0248
2025-06-15,30690.12,31296.76,29938.03,31179.52,961045.17,0.015820690335064225,47.405511376819014,-299.4306937746453,14.40020911086944,0.04539793153599735,12.238962762898643,-0.9030737944110332,0.23426063046397316,0.2504783077451081,-0.0486
2025-06-16,31179.52,31427.06,29797.32,30444.34,4312594.13,-0.02386137063845904,39.790189881159336,-301.5778122639846,18.732097990564704,0.047154530905518056,11.476662590841995,-1.621322397972882,0.13003689368270163,1.4091372808892344,-0.0703
2025-06-17,30444.34,31019.83,29687.77,29869.31,7784151.96,-0.01906856652826003,34.64290716548361,-320.4176488162183,14.437650045994694,0.048460443177278455,11.912208378133855,-2.5011699338140447,0.08035146878496732,2.5116120692543515,0.0051
2025-06-18,29869.31,31006.35,29768.35,30358.76,2090597.24,0.016253576617794155,37.58485568544879,-280.06961887905993,10.006564809807573,0.048986496342861036,12.587914792979547,-1.8390576336193798,0.20233196175790863,0.690193715568347,0.0083
2025-06-19,30358.76,30553.22,29370.22,29948.22,6858545.79,-0.013615218070594116,30.78097418544425,-261.5358152327062,9.229087247345332,0.048894868733894585,15.216548507601216,-2.3074873120716526,0.16141390027820293,2.1002133586795355,0.0224
2025-06-20,29948.22,30485.77,29784.24,30094.19,1777017.6,0.004862239459658044,37.215611267644235,-221.53505750910256,12.530931029917697,0.04569797596905298,18.05122169384283,-1.785263946279632,0.21001684504181192,0.541682736263566,0.0352
2025-06-21,30094.19,31056.19,30086.0,30755.8,794521.38,0.021746464484958816,37.02111815862322,-136.7642712929395,16.711655159903373,0.04480687963151603,19.941731963838976,-1.5003511251462054,0.3277987234068081,0.24525852746474297,0.0889
2025-06-22,30755.8,32463.53,30454.6,32161.33,2985047.66,0.04468620482444575,39.604062545904476,19.41062665831828,31.479995222041044,0.04353275901745958,19.630073864555037,-1.0534834006710367,0.5576294603609547,0.9138440065389505,0.0539
2025-06-23,32161.33,33332.63,31835.87,33220.09,2243159.5,0.03239001421576275,48.13551777129787,189.9790002736611,52.54416279369001,0.0417630458814749,18.945157789724156,-0.7092842654010552,0.7294323466034154,0.6701023802242071,0.0856
2025-06-24,33220.09,35297.09,32893.58,34610.33,2670830.7,0.040997379025526505,54.40270388490226,381.3487282233533,73.3993080877968,0.04316405370468038,18.441555157802046,-0.30950967069799573,0.9173469498875269,0.8885728491927591,0.0398
2025-06-25,34610.33,34903.31,34543.97,34902.43,3413053.41,0.008404261873338545,65.13012287173244,504.7745244827403,86.15058754864037,0.03712457433887798,21.391327408752737,0.1868717961097815,0.9402916515146863,1.0919939629388165,0.137
2025-06-26,34902.43,35760.38,34573.3,35450.64,6970946.73,0.015584852120124764,72.72106062567885,594.3380550936229,92.30226811552454,0.03671841830136382,25.101379100185472,1.0905699009408316,0.9532627904573877,2.0707855590706954,0.0901
2025-06-27,35450.64,35485.11,35018.42,35062.27,3563164.31,-0.011015682865182317,77.3550143054881,596.8573411176529,92.52308925969567,0.035705861925888246,30.54198539597302,0.6608617933529075,0.868912397847544,1.0556067087924292,0.0415
2025-06-28,35062.27,36712.94,33998.53,35693.42,3484097.72,0.01784073452563597,77.12833214291778,608.3899418287313,90.1144404998761,0.03812221252143284,36.40156993366025,1.2209627674611458,0.9169770599279721,1.0360292450904895,0.0669
2025-06-29,35693.42,37287.89,35275.01,36995.5,2376748.13,0.035829925553852705,78.9807279478567,666.3978970258659,90.49919404427222,0.03804346860717551,42.111821831052474,1.5769024890857537,0.9952027150972169,0.6955620390589321,0.0675
2025-06-30,36995.5,38511.69,36418.67,37662.0,4301725.78,0.017855344937356,86.21309030799438,708.4147447975913,91.04248437504792,0.03824886016218439,47.29585245817625,1.9536871665301987,0.9876359135983177,1.2636028803768533,0.0805
2025-07-01,37662.0,38801.23,37132.75,38367.46,2179687.62,0.018558075954087445,92.0868425705611,739.0777993259421,94.1376082445604,0.03817189283388031,52.01784118926268,1.945105619477933,0.9708328625070577,0.6349136620757304,0.0878
2025-07-02,38367.46,41150.42,38247.63,39991.85,1125634.29,0.041465978836548054,92.88650696933693,817.9765662294307,92.09027054387774,0.039594871026390296,56.5742355310714,1.796138789782032,1.0087973045014198,0.3385883840207514,0.0289
2025-07-03,39991.85,41436.23,39733.7,41114.63,6829900.56,0.027688335879551877,96.74817782464886,889.0966270318431,94.26855421768751,0.039416174451066065,60.35837238126834,2.08638521702655,1.0021135726658064,1.928908837705369,0.1082
2025-07-04,41114.63,42392.42,40478.7,40621.12,5886108.79,-0.012075890837193065,92.82481292645122,846.438631530488,91.0039211941063,0.04202657210266503,64.50723642933849,1.3814762850928797,0.9089467039537448,1.621325995917128,0.1474
2025-07-05,40621.12,41778.61,38229.68,38540.66,7609294.37,-0.05257434049198801,78.39212694146013,631.4983107447106,83.52715619423412,0.04907446169465318,67.32650148718388,0.666759770109919,0.7456803326390979,1.9201612261552132,0.208
2025-07-06,38540.66,40073.32,37675.37,39531.18,1510702.54,0.0253759397048822,77.71760265230284,514.3857497631739,75.41252713704814,0.048547735881241096,69.31739356438115,0.733148945758848,0.7811337280140191,0.39518770597603936,0.1712
2025-07-07,39531.18,39625.88,38807.28,39531.84,1859673.67,1.669554236644527e-05,75.79081480377769,400.38602547447476,70.17194539731535,0.04732158396153108,72.46908898930964,0.8073517601523313,0.7566636958222577,0.5273391746689227,0.1835
2025-07-08,39531.84,39784.03,37687.82,39565.54,5616425.46,0.0008521142429530373,72.7723350134801,295.5093957127149,69.70106456428495,0.04672650204480512,73.85052652134992,1.1721850864004846,0.736352571012055,1.5167991166182935,0.1841
2025-07-09,39565.54,40581.62,37897.79,38435.99,3583868.7,-0.028964277152424722,65.07833689138397,126.93932796512172,63.0241608147247,0.05241947158675404,73.44637842236737,0.7860458248170258,0.6387218598732947,1.0126553365156228,0.2313
2025-07-10,38435.99,39764.01,38264.42,39638.57,4053332.28,0.03080837389679938,66.92542906280784,75.82593664858314,62.12657857870969,0.05139227849468122,71.69310530209435,1.0831371789120103,0.7149509459750124,1.1096215387101391,0.2778
2025-07-11,39638.57,41623.28,39591.71,41515.73,555343.47,0.046269757426146,73.28004040184273,143.88886004924666,69.8710609740301,0.05176094871577725,69.0898891193725,1.0753249831625493,0.8575439890525589,0.15252761215200725,0.2736
2025-07-12,41515.73,43075.29,41095.7,42464.24,6163582.95,0.02258991841491685,73.8781452200584,223.48899245039502,82.97137725206392,0.04936874953068597,66.19677624924734,1.6353735728632972,0.9153775108337361,1.6220535446845887,0.184
2025-07-13,42464.24,44020.78,42239.0,43703.31,1330276.37,0.0287615329601333,73.7615348366914,324.18113724461296,92.51528221989132,0.04759134458497106,63.35793777837076,1.6780503016750854,0.9820268038608682,0.3543416230513185,0.2638
2025-07-14,43703.31,47108.61,43193.73,46617.11,8109092.07,0.06454379818389776,77.3653217938455,538.9533799091141,94.3544452993633,0.04740817572896882,60.63161783055927,2.3177304044932896,1.1159373691959897,2.0141143247255964,0.2784
2025-07-15,46617.11,48856.79,44790.12,48337.56,1464078.06,0.03624125708082288,78.68740195388791,736.5849090764755,95.41778112062718,0.04926461800245889,58.01792164455406,2.16200212855501,1.1125626473404553,0.3726637184078859,0.234
2025-07-16,48337.56,49210.21,47929.21,48547.54,711414.63,0.0043346258356703185,76.79895606761804,815.0393070948021,94.89482588230157,0.046665377601291844,54.8657944857009,1.9199504558974854,1.0288758559984232,0.19675668249907705,0.2427
2025-07-17,48547.54,51913.9,47155.24,51372.49,6622064.07,0.056559291134575404,79.03458270292701,979.7067158766531,95.2696473750021,0.04834852828262369,51.722160969461505,2.2013908646520703,1.0881526703726987,1.7571436834726712,0.155
2025-07-18,51372.49,54320.87,51246.11,54052.93,7467912.1,0.050860936506444,83.83015570797572,1178.323391535123,96.28098117056352,0.04748522816959672,48.81511322134462,2.359061487526239,1.1016728737089891,1.882108627744818,0.2
2025-07-19,54052.93,54572.16,53279.71,53378.38,6357838.97,-0.012557956610894783,90.21951737768399,1171.0137343374895,95.84091923972694,0.045065784526021994,49.685312050449674,1.6202314006133,0.9837458491563161,1.5257967000732793,0.1164
2025-07-20,53378.38,54734.06,50936.77,51374.4,2644382.15,-0.03826580115466029,80.43062009112005,947.5065314892222,90.53869654131661,0.04876925917521065,50.07964821217155,1.26562297842624,0.8474617465188642,0.6474932175435643,0.0996
2025-07-21,51374.4,55251.95,50793.34,55074.76,6524917.32,0.06955154106877473,83.55685977112657,962.0856057465849,90.73898550690909,0.05021342159015567,50.74981461476029,1.557554420249854,0.9476190971464378,1.5169667872136248,0.1068
2025-07-22,55074.76,55688.46,54217.47,54817.17,2203737.59,-0.004688068937832115,82.61268778039889,870.3483766202044,91.46154359411145,0.0496346960528622,53.77416293293894,1.2514971261613999,0.8842065193897196,0.5060017802095864,0.1534
2025-07-23,54817.17,56164.18,51680.96,52860.46,3445676.86,-0.0363478546764357,79.79015395575445,606.3655964117897,91.87898138078886,0.053903455031811875,54.88590185476564,0.9147394505196276,0.7745357354726703,0.8231457917917907,0.1511
2025-07-24,52860.46,53038.29,52601.3,52642.42,2958114.78,-0.004133352765861742,77.99466019976589,357.83688298586367,85.1316990130025,0.05268491510403402,56.3284972759678,0.63279620034099,0.7404709345878374,0.7322815932314803,0.1753
2025-07-25,52642.42,54407.44,52131.99,54296.5,7460286.83,0.03093750953582175,77.7812508282405,250.6815072032423,82.6326457542025,0.05140076116454864,57.02455796019293,1.0713945467477108,0.778333738438952,1.8502071233499993,0.1651
2025-07-26,54296.5,55284.73,52789.41,52895.29,2850471.44,-0.0261454691570537,72.23610447273279,42.20063851510713,80.96001713781796,0.053458810523843464,57.5511354138372,0.783152110190754,0.7005670575796653,0.6953854287658072,0.1552
2025-07-27,52895.29,54700.61,51959.31,52888.72,665333.03,-0.00012421537070580075,70.66671886507571,-129.95369161509188,79.62582239610934,0.0547613258284731,57.33972696730535,0.6575970060716456,0.6803790218722767,0.16471055152640762,0.1517
2025-07-28,52888.72,53106.8,51986.1,52385.13,9131894.7,-0.009567311184522491,64.55651734970155,-301.7371012027397,72.68230613984322,0.05147781713735615,55.87275172966203,-0.2163757165294417,0.6397825964555389,2.166430071819936,0.1347
2025-07-29,52385.13,52682.45,51102.21,51628.76,18901647.4,-0.01454389086947886,58.73070527883918,-479.7269639620881,63.72601347173515,0.048791991130515494,53.0195059885849,-1.9987984642166736,0.584170123379727,3.7946963114196284,0.0436
2025-07-30,51628.76,52238.31,51180.67,51566.5,2034656.86,-0.0012066447151578897,58.07178340874245,-606.8865151881837,55.13221674021445,0.048541508814544915,50.44169336676579,-2.073629568583989,0.5577128156305771,0.41692625484281165,0.003
2025-07-31,51566.5,52838.29,51270.0,51931.58,6596422.69,0.007054846122633884,51.72124823625142,-666.8656405110846,39.93825798272968,0.0438121109131805,46.515996867759,-1.5008796790188217,0.5564908116611166,1.2729025054327856,0.0151
2025-08-01,51931.58,52979.94,50830.84,52716.86,3948453.14,0.015008245514920289,45.34329870920298,-653.2570674948015,35.32415288691013,0.041905257092857084,44.20078028012169,-1.1331141844775932,0.5932809514289812,0.7785674600161703,0.0019
2025-08-02,52716.86,52886.44,49868.84,51488.38,2820906.37,-0.02357917733797596,43.65754785322344,-721.2630883670599,27.577703598616353,0.04529834831525327,40.98129425747175,-1.328006515069805,0.4354362048914738,0.5481782991035782,-0.006
2025-08-03,51488.38,52094.96,49209.65,49720.57,3931648.65,-0.03493742036689608,44.360698690128395,-869.6334437143664,22.96224290262136,0.04559877617768035,38.20552106590531,-1.4965246632863025,0.16056530501539182,0.7963489332627856,-0.0218
2025-08-04,49720.57,50173.18,48950.09,50115.31,3608285.71,0.007907819454106147,28.16722589971627,-920.6058283811785,16.40819805546838,0.04062807496208577,35.971230383084105,-1.0995438169127494,0.17351190157104715,0.715318949079413,-0.0639
2025-08-05,50115.31,52442.89,49741.56,52198.23,1199336.0,0.040722036037304815,40.067085686292565,-798.025044699606,22.841175065891406,0.040690460193757425,31.487875795671783,-0.9245680813239964,0.45186871930807737,0.23661612599344087,-0.0854
2025-08-06,52198.23,53227.12,51835.22,52060.72,1672943.77,-0.0026378566010144522,46.48123802074745,-712.9741793865096,36.76067538449066,0.03655657141451491,29.06394895369999,-0.9547367112846108,0.4203256335991974,0.3469942626114927,-0.0965
2025-08-07,52060.72,53397.17,51619.16,53284.48,3171928.45,0.023234377114638476,52.5953017296059,-567.4067631312987,54.1845478609481,0.03751464913288443,26.459413029566814,-0.6346217682629027,0.6506159132010353,0.6885850249556322,-0.0914
2025-08-08,53284.48,55258.72,53173.0,54834.92,9644419.7,0.028682110507537353,52.19476244068513,-369.3984404411149,70.14263373019334,0.03620678991728388,24.21374860137061,0.18709549682988624,0.8969674284900209,2.0215632461010196,-0.0671
2025-08-09,54834.92,58999.83,54394.02,57736.93,3163741.71,0.05156978615238151,67.58445305383074,-61.805123361908954,82.91877585330329,0.03699790955780548,23.279213701006288,0.4770984079910496,1.168057000885621,0.6595606498382747,-0.0728
2025-08-10,57736.93,60009.54,57547.08,59219.63,2058381.02,0.025356071323432185,70.76668230166027,207.91321317603206,91.06343633626437,0.03573525487120091,23.900573212290123,0.7247371111182732,1.1773431678712167,0.45007534179603165,-0.1207
2025-08-11,59219.63,59288.13,58737.14,59141.92,2173716.3,-0.0013130955308672378,72.80069541345273,339.69756771420725,90.81535052467598,0.03509414303762289,25.312286790505702,0.6038216046754795,1.0580682012267217,0.4754500296464001,-0.1845
2025-08-12,59141.92,60975.58,58510.81,60530.76,5340170.46,0.023211686348415545,78.80991925901783,470.93677633324114,93.77118991332634,0.0353327087630382,28.8851420690452,1.1056292744023517,1.0570515224382093,1.144329283017943,-0.0454
2025-08-13,60530.76,62434.08,59233.16,61760.14,2134187.85,0.02010650697108106,80.6729511218684,583.7047970267245,94.48596427558084,0.037108192158514755,32.82826831389304,1.2563449400464461,1.0365423203920192,0.4614019660640375,-0.0996
2025-08-14,61760.14,62233.54,61111.58,61661.54,2595993.34,-0.0015977747341665528,79.75490178021491,592.9049864894137,95.19121178442981,0.036650502542931354,37.53718655195921,1.088771303318043,0.9551827570134924,0.5923913530183589,-0.1206
2025-08-15,61661.54,62053.12,61643.92,61910.21,4918334.68,0.004024711726899817,79.06791445504908,557.5191863621485,95.12916181825373,0.034495891019308667,40.75030956860105,1.5224590417369275,0.9099440833057054,1.0964670613367278,-0.0887
2025-08-16,61910.21,64160.0,60948.64,63980.78,3799798.84,0.03289761621077986,87.50196629780807,611.0414365581387,96.40241674347912,0.03359583701765627,44.343755022785594,1.762556397451426,0.9541110935155787,0.8185087847515008,-0.0662
2025-08-17,63980.78,66713.53,63383.88,65009.77,4264765.98,0.015954840536032633,98.02837749115251,649.619916150888,95.11505927916748,0.03355228650356853,49.33496984245766,1.855095587536317,0.9384143938076964,0.9694882099793324,-0.0369
2025-08-18,65009.77,66453.88,64516.22,65746.34,1354537.75,0.011266437816383097,98.06982981918387,656.6674057432242,94.51051821825764,0.033952721061838644,53.9201820171044,1.7232652214936297,0.9142304864468784,0.38463358930061886,-0.0572
2025-08-19,65746.34,67391.41,65057.13,67372.31,11659343.44,0.02443009853435005,98.0140136634669,698.8451929618309,94.86292220310848,0.03274415387737127,59.98547223107071,2.2015004107272205,0.9264042759210565,2.9127490264214178,-0.0424
2025-08-20,67372.31,67746.28,63010.36,63864.76,7209333.29,-0.05346638008280637,80.7849670551212,431.6288777262548,90.03729150890403,0.03828258114713772,63.95159868410803,1.5072162099583766,0.7470353679550363,1.7873591304391292,-0.0372
2025-08-21,63864.76,65896.12,62939.74,64807.85,2078693.84,0.01465901543563901,80.49948414775062,267.5439316024731,85.2158298417631,0.0390242407803492,68.20196867617668,1.4613700198361628,0.7606173593301065,0.5275841413587343,-0.0509
2025-08-22,64807.85,67692.18,64354.57,67171.88,4792258.97,0.03582796957608128,81.30464437832119,266.77261815102656,83.82223160942902,0.038982054055096686,72.16908592077964,1.5725964366184442,0.8284550363002037,1.1866165662313157,-0.0361
2025-08-23,67171.88,68656.19,65431.24,67431.83,1112180.01,0.0038624540612296593,78.40976356438946,233.51806042862881,88.17124914687668,0.03736907332931091,74.59680847694064,1.491023567737201,0.8146033912185853,0.28534867625238897,0.0184
2025-08-24,67431.83,68923.45,66368.68,67401.4,15981834.77,-0.0004513724178624199,76.20623496522057,162.58328525364595,90.01985037988625,0.03748376994288246,75.98855546979432,0.40526794147519174,0.7937336433326259,3.5387047878672617,0.0164
2025-08-25,67401.4,68846.52,66956.36,68071.64,1832534.8,0.00989489079934267,77.55596535857465,116.09436020814292,88.72696877766647,0.03851991183741405,77.38030246258528,0.4529877449521267,0.8036621686263549,0.40293600546865577,0.0148
2025-08-26,68071.64,68161.84,66111.33,66544.0,1483599.27,-0.022697297014676373,68.39847555394697,-53.16352278278464,84.21571285912417,0.03895953912340982,76.63668856539289,0.2595209638388785,0.7111806706704847,0.32689286837067205,0.0675
2025-08-27,66544.0,68350.79,65158.5,67397.59,7658575.53,0.01274587760186228,67.65466879644845,-138.41212623733918,82.71032415173687,0.038456970684808744,74.44818689321191,0.824026369164426,0.7499026041411373,1.6079917791099856,0.1122
2025-08-28,67397.59,68957.87,66459.8,66674.14,1090418.59,-0.01079208900522678,65.10661971623236,-266.86400746239406,75.93259447898009,0.040348487648814234,72.55442735017492,0.6491916193720432,0.6912760592982211,0.2515313496434488,0.1858
2025-08-29,66674.14,69071.64,66191.3,68380.25,5255740.92,0.02526686864705815,67.92435580709471,-260.0041259780437,81.28042186315845,0.04192308033804051,70.10863339484595,1.0656173359824854,0.8038091809787139,1.1838000911581112,0.0887
2025-08-30,68380.25,69541.01,67992.51,69346.02,2313238.51,0.01402471481925047,65.83285035162899,-215.3472266089775,86.67364554503035,0.0396264270105134,66.04417218249544,1.1916036160341488,0.8560448183285588,0.5195413379728042,0.1295
2025-08-31,69346.02,70387.43,67365.95,67867.68,8065271.96,-0.02154882792899093,58.21581775787064,-304.8274475603048,84.90067529426271,0.04016525770650264,60.488369043136,0.26643417943634234,0.7150685261807115,1.699010514474968,0.1531
2025-09-01,67867.68,68591.12,67075.23,68203.15,809515.9,0.004930824331573445,57.22947121565074,-357.2436355969244,77.96174934662183,0.03952598125703918,54.49419196916581,0.28109495967463544,0.7321091763183083,0.1790763152633983,0.1012
2025-09-02,68203.15,68370.49,66919.8,67712.0,2288470.01,-0.0072273346703031136,51.071117077952636,-435.61978941819325,66.97204099517172,0.038880595125568095,47.77885384988212,-0.10145444395330062,0.6618122235963245,0.5053793740440303,0.1087
2025-09-03,67712.0,68089.47,64412.02,65463.51,9002962.2,-0.03377052862865196,55.476015138787375,-637.3150070878473,56.21179184410713,0.0390611175163456,42.57081497143731,-1.5383769518583743,0.3576590064512151,1.856828165889848,0.1558
2025-09-04,65463.51,67760.19,65211.48,66452.36,5481578.92,0.014992411786600705,55.61514964596699,-697.6789826943832,44.245463975714536,0.03804166731517421,37.20925844917125,-0.8212891797912375,0.4513159541410163,1.124026942895735,0.1066
2025-09-05,66452.36,66973.03,64391.48,64398.24,3431912.69,-0.031398996409416166,40.32469163325015,-858.899979408613,22.9240284338085,0.03841648911078782,33.93718715106025,-1.3915284801579049,0.09585203063825169,0.7063963911937207,0.1234
2025-09-06,64398.24,65439.41,64067.45,64541.15,2547592.34,0.002216701327946976,39.83340554919217,-932.7178032471284,14.126915892643234,0.036280696224695305,32.259580426458264,-0.9440802544815666,0.1325144968920786,0.5338089437531236,0.1608
2025-09-07,64541.15,64948.23,63407.91,63413.65,6950685.85,-0.017623866918187306,36.979736352179295,-1026.8321050517911,2.5634200881151545,0.03578310257896815,31.29695775480258,-1.819117001442924,0.016561965505158576,1.3757503731467704,0.0992
2025-09-08,63413.65,65018.97,62836.32,62905.93,8288675.77,-0.008038702061868413,32.95270115492441,-1086.8409490652903,2.8331229069437978,0.03640402877302538,30.526978053044665,-2.450005368514071,0.02632883001294082,1.6971936480170213,0.0871
2025-09-09,62905.93,64659.18,62752.89,63966.51,497033.97,0.016719229258054094,41.22350441426097,-1019.7650175712292,5.633510305074728,0.03563939719616562,30.56056669319264,-1.9932342118745194,0.16801351896778757,0.10928293930864474,0.0978
2025-09-10,63966.51,66183.64,63640.24,65786.64,824221.39,0.028057113052023543,44.85338891337136,-825.7540846918969,18.851819496092627,0.03394881652913466,29.62566672387287,-1.6539852387334333,0.4072819902224193,0.18375587726552095,0.0531
2025-09-11,65786.64,66736.42,64873.45,66424.9,2911289.29,0.009655207985180205,49.19937810741207,-635.8952475175995,34.5769795341943,0.032939669998960586,28.53802737126813,-1.2206404218419697,0.500802237682709,0.6629574645687657,0.0065
2025-09-12,66424.9,67212.13,64728.54,66469.45,4614932.29,0.0006704574222879489,43.128517013570494,-495.03142875098456,45.50512102447714,0.03249124221728442,27.038198499816865,-0.6439830180596756,0.5138061192868417,1.0106050578001537,-0.0006
2025-09-13,66469.45,67669.14,65113.05,65573.35,2642573.84,-0.013573080201592973,36.364668064286406,-451.1628611866515,44.573870855291155,0.034032815378280575,26.168823051247994,-0.883194004156958,0.4004577666041536,0.6776627564916271,0.0395
2025-09-14,65573.35,69926.63,65064.55,68304.37,2764857.1,0.040804383552253465,51.44725373373484,-237.88608455888243,54.336804846981096,0.03459686609885719,25.05735685085273,-0.5215586515672807,0.7816576646225831,0.7006454324790908,0.0697
2025-09-15,68304.37,69799.28,65696.46,65797.52,3027353.82,-0.03739159930902786,43.03048458584547,-263.33428180104534,52.25695723255449,0.03872331141268653,24.183308302442214,-0.7998376152363784,0.43622457346999943,0.7524469779539418,0.0232
2025-09-16,65797.52,66565.7,64402.02,65177.77,4309495.26,-0.00946368777600009,42.71221378445754,-316.04612575742294,51.20987564824219,0.03987288479316362,24.559976119889054,-1.1569035734275146,0.3646912611075969,1.117639275942492,0.0546
2025-09-17,65177.77,67037.1,63805.05,64101.38,5339339.08,-0.01665256731934568,45.7997142100786,-411.50441828281805,31.680360128238508,0.040046118017600066,25.141268393616944,-1.5478010354609057,0.23938010813629546,1.3124131573075333,0.0101
2025-09-18,64101.38,65354.03,60351.22,62088.46,1767341.28,-0.031905750192576646,37.342796482050474,-587.5805300905174,23.58082716832328,0.04416769695550259,26.477071684157668,-1.5863087780691463,0.03561128314509529,0.45387234669880694,-0.0709
2025-09-19,62088.46,63058.78,61973.84,62906.51,3237791.84,0.013089513602689099,45.33913900900988,-622.9510218434427,21.20875590631159,0.04189397204563014,25.344586502416053,-1.1894022588158841,0.16401818930160356,0.8217443910448813,-0.0857
2025-09-20,62906.51,63415.58,60357.13,60827.15,11612532.96,-0.0336134206134132,39.64835627907457,-751.7618831753427,16.599672146310247,0.04530653076556587,23.533675785699582,-2.2064134190146767,-0.02388174064945216,2.8202819647852984,-0.0253
2025-09-21,60827.15,61980.92,60019.52,61785.42,7404290.75,0.01563117894676182,45.41858587073352,-736.819012177695,16.493622355480635,0.04509064251264838,20.983023861512134,-1.282265360433859,0.13170693075110618,1.6649157396357994,0.0088
2025-09-22,61785.42,62438.11,60906.47,61342.72,1890681.07,-0.007190913590318795,45.58538215026085,-720.2846896248126,12.050324136784091,0.044658006221897646,17.69177639439381,-1.3964742399402532,0.11662989821587912,0.42704508208568703,0.0082
2025-09-23,61342.72,62381.25,60184.78,60965.65,1342626.09,-0.006165909898624693,41.18504801563171,-697.7896047959255,13.576882326584764,0.04527419480125714,14.95261232162206,-1.3915198233709076,0.12087357158460556,0.33197653932324334,-0.013
2025-09-24,60965.65,63545.06,60614.83,62740.03,1996972.87,0.028689090115714806,41.02653974743005,-533.8467426915156,16.788750705284627,0.044434174299422306,14.622780495848533,-1.0666250613730797,0.34986675673143963,0.5159989978605188,-0.0318
2025-09-25,62740.03,63569.13,61509.82,61641.52,3999803.86,-0.017664011466254525,36.28297216292115,-471.9656933163291,17.79408929544763,0.04545354680230565,14.591801733228497,-1.4238724547018533,0.2409164199631256,1.0259841493230446,-0.0248
2025-09-26,61641.52,61803.55,58251.44,58423.35,1328872.95,-0.053620030768931404,30.47967106474634,-611.4949617595946,15.101565469076013,0.04926366891710384,16.564292398375507,-1.4938757168554047,-0.025333550696784855,0.34627992359546983,-0.077
2025-09-27,58423.35,59628.8,58326.74,59228.55,6102208.89,0.013688050460717135,34.53893630353494,-611.7941658475805,8.73787771774368,0.047081601693769806,18.835825079858683,-0.6039925483502249,0.10858754276364724,1.6078988662155242,-0.0905
2025-09-28,59228.55,60411.3,58686.75,58735.38,3616618.43,-0.008361418159925058,23.827744862047226,-606.2755156732844,4.677431110870747,0.04366134541540853,23.351632209410436,-1.008167919898928,0.11029715783016696,1.0154642513822472,-0.0968
2025-09-29,58735.38,59323.28,55501.65,56687.11,2520867.53,-0.035495422963779694,24.440852172462243,-695.2606683849319,7.6121745485597545,0.04488464333929294,28.341370474147237,-1.213902436085966,0.01794794124797844,0.6882475915041837,-0.1595
2025-09-30,56687.11,57176.61,55036.46,55304.17,6192524.14,-0.024698535471151733,23.437214157172775,-794.7697791886299,5.566069000287286,0.04597664154438157,32.70978076499254,-1.7448047315860977,0.0011014526186281682,1.5752454726485121,-0.1935
2025-10-01,55304.17,57567.64,54468.53,57518.53,2485926.85,0.0392588442010458,33.31205569815586,-664.2759478786775,13.508796941678705,0.04404153384507299,37.008374231898095,-1.298152527329386,0.19317478995769435,0.6358063427740843,-0.1633
2025-10-02,57518.53,58165.12,57209.74,57838.36,905494.06,0.005545066610314383,38.21399334866958,-515.8518899955043,22.42612646630594,0.03879954657871966,39.48580182484701,-1.105501691635581,0.2414648698951825,0.24312425115099756,-0.1546
2025-10-03,57838.36,59255.95,57224.9,58007.06,6564879.91,0.002912503908265096,35.90567363167409,-372.4391805651562,34.643321029844834,0.03985172543774897,41.50711035850151,-0.19528789995210863,0.276833309034366,1.6744904547180128,-0.1623
2025-10-04,58007.06,59016.04,54937.52,56385.22,3677197.47,-0.02835765985301087,36.87637420560261,-353.10463400857,32.324059219503134,0.042290223775453016,43.12719024995384,-0.6465361955578162,0.16616291776690334,0.9271474491850019,-0.1998
2025-10-05,56385.22,57062.54,56300.92,56686.61,3179862.8,0.005330960218296069,34.32729660199159,-289.0125825564344,28.105472899191895,0.04055358046634991,44.791543101215325,-0.0076091942154199906,0.2120341139831647,0.8002138214261992,-0.111
2025-10-06,56686.61,61087.43,56612.89,60034.61,1271403.05,0.057383201609183324,46.58845816979795,-5.140954476521074,35.53190632115592,0.04179342787196795,44.98942625868246,0.39825871093197973,0.5369177560417505,0.33266588865039337,-0.1473
2025-10-07,60034.61,61139.54,58671.23,59152.66,13196324.37,-0.0147996694235788,45.393056054271526,131.66942478577698,45.66838083930844,0.042744811234420546,44.62391446564635,-2.2069014058997825,0.4714238507268366,3.1310151957834305,-0.1274
2025-10-08,59152.66,59787.01,58090.03,59478.03,1624386.21,0.005485440839407167,41.05208007561309,245.88107681694328,55.89268839411043,0.04102993996269868,44.79909571884019,-1.6461473031964986,0.5219281181683513,0.386063403507127,-0.1454
2025-10-09,59478.03,60344.68,58583.01,58824.01,7930105.34,-0.011056895774318553,42.078173737705924,276.8783264273786,55.29854513264474,0.04112470401116126,44.355093289503834,-2.6287188201764504,0.46854143742774335,1.785183662275576,-0.1363
2025-10-10,58824.01,59889.93,58442.38,59781.37,1722914.22,0.016143969064313007,54.37438798074961,356.29691909612006,64.6885956973831,0.03795152713485669,41.255283848945034,-1.9636586511894867,0.594041312473744,0.43643515821962175,-0.1066
2025-10-11,59781.37,60284.45,59547.05,60080.34,2926541.11,0.004988592604178476,52.83624253005944,419.0728332248143,74.38077007670925,0.03709135848051224,37.91674636195297,-1.3506269282511247,0.6486281187641225,0.7858995676767437,-0.1698
2025-10-12,60080.34,65403.91,59779.74,64693.48,2712640.85,0.07397775707037019,65.56766411569006,742.491720671582,85.75547971223934,0.03875206147953901,35.03096827295156,-0.8414130976206585,1.119942884618762,0.7205064383303529,-0.1616
2025-10-13,64693.48,64920.88,63053.65,64509.75,931441.18,-0.002844048462927306,72.64596215694144,904.5050959372066,89.81632100967073,0.036698417127416366,33.447289764258244,-0.8927312072429189,1.0164962484737394,0.24875915793448583,-0.094
2025-10-14,64509.75,65034.07,63369.85,64848.58,998573.03,0.0052386386695791425,79.40815246158729,988.1466225946011,93.41611052068902,0.035982448872209,32.31514655414572,-0.6593540304563026,1.002131030046554,0.27029155128813886,-0.0012
2025-10-15,64848.58,67327.42,64163.41,67222.17,16869158.21,0.03594808999675602,79.6082437479163,1145.8830094161522,95.29848951764366,0.034780882982073935,31.98631437792583,1.830925918353369,1.0893971161505192,3.8887871457843155,-0.0077
2025-10-16,67222.17,67440.28,65521.66,67083.31,2550200.54,-0.0020678240304005794,78.523672152724,1178.8414284629564,97.0723669995037,0.035878511148509616,32.70200658789467,1.339916792871096,0.9863438479943654,0.5797276091209538,-0.0052
2025-10-17,67083.31,68471.42,66782.64,67969.16,1934041.11,0.013118793084356963,79.43378498891323,1194.5714800918668,97.52808759219691,0.035051211881551546,34.24997473000317,1.5529585675814048,0.9659312201132475,0.46152385556060155,0.1056
2025-10-18,67969.16,68210.59,67040.49,67173.01,10526154.4,-0.01178254294213509,83.50826012633918,1088.6145489117262,94.25508110374038,0.032373971969647,37.47076684400985,0.13748639420153053,0.8675521894541519,2.320564497786204,0.1571
2025-10-19,67173.01,68140.49,64625.76,65082.71,3105017.42,-0.031612607405604704,73.47099314942055,826.8702094027946,85.68141134495704,0.036435296826799184,38.83613988638454,-0.26145293743891584,0.7205509435426425,0.6801434069005007,0.1184
2025-10-20,65082.71,66841.86,65041.67,66691.56,6100387.87,0.024419485642463417,70.61361976829795,715.3889178913178,81.20354727206792,0.032692035651025846,41.37975703197454,0.5373979127855694,0.7892163553243221,1.3376188215121447,0.0815
2025-10-21,66691.56,69848.62,66170.45,69199.99,10293943.5,0.03692230993144678,78.26499638444099,759.7122052657023,82.92097363760543,0.03275580572440979,44.852571556700816,1.7086680415016073,0.8910173584771406,2.079150514384055,0.1253
2025-10-22,69199.99,70153.97,67688.42,68647.24,2849925.81,-0.00801979064215605,75.46885338006271,702.2783903693976,88.1579233075533,0.03381926623290239,48.04549294058899,1.2191021225409087,0.8224895245225686,0.5645368261236685,0.0684
2025-10-23,68647.24,71250.89,67683.95,70249.13,1247770.7,0.0230669963227447,80.14750352207692,719.9794272743611,91.26581243797108,0.03488366536150403,51.58482845609079,1.2856515572133813,0.8703880509816481,0.2609089246029757,0.1194
2025-10-24,70249.13,71573.55,69682.46,71320.25,1852211.18,0.015132374521363175,80.26597826244682,748.3321359041445,92.40249258040603,0.03480398023602304,56.53895686935532,1.3603484588196404,0.8920236901110759,0.3948309311681593,0.1301
2025-10-25,71320.25,71375.6,70360.63,70599.62,1293830.02,-0.01015553626844442,76.99449603006039,665.8239107218051,93.93826386301804,0.035440063275123085,61.36858300685606,1.1383172157685373,0.8258161849963274,0.2814602261334555,0.1495
2025-10-26,70599.62,71396.31,68607.43,69708.26,8454172.86,-0.01270594341251639,65.9074731284043,505.74228034320527,89.24750324377072,0.03298797424744149,62.00197000193016,0.23963460527780422,0.7475004019606966,1.7058504927414981,0.1292
2025-10-27,69708.26,70143.24,67167.91,67708.21,4502465.46,-0.02911137576016224,59.097564887865545,233.52419136493086,74.2438864512888,0.03513140113605032,59.8712951901385,-0.28916881412631185,0.607714330811758,0.9958355747740305,0.0913
2025-10-28,67708.21,67734.18,65795.41,66212.13,6039585.19,-0.022343764089458085,53.63886782080458,-63.07879621112306,52.87905206317678,0.036221384208597975,56.58021123941162,-0.9440142048089164,0.488134385834225,1.2736221877692635,0.1598
2025-10-29,66212.13,66860.41,65635.48,66788.41,4198729.43,0.008665883708888846,48.719610829299924,-227.02040396707798,37.219217482775235,0.03383505140658308,52.62284098161421,-0.580281661215504,0.5008143909719213,0.9216865474291083,0.1395
2025-10-30,66788.41,66856.1,65960.54,66361.49,4048999.26,-0.006412644139918346,47.90493339935273,-362.7227938703022,27.919053816327708,0.032951544207766324,48.80603143499752,-1.1360367606624644,0.4279363022728716,0.8666912962797365,0.112
2025-10-31,66361.49,68803.54,65830.32,68579.27,6628475.72,0.03287338412006655,51.64374017599235,-304.006351474628,37.670923655765385,0.033223731977811276,44.47421002691043,-0.38863449324250116,0.6305059110941256,1.3647582967337886,0.1023
2025-11-01,68579.27,68867.08,66315.62,66746.34,1207374.86,-0.027090838158965565,48.91129894424818,-384.3239214810653,37.4690848936077,0.03561435514130816,38.2507829949265,-0.5920014328359371,0.38321286776383245,0.25250315393049644,0.1069
2025-11-02,66746.34,67147.87,64999.15,65766.25,5752840.96,-0.01479267550564504,51.848888513420555,-492.27272881843805,33.0309210499542,0.03466148236041082,34.16109682326479,-1.3574163108205635,0.2335489558625246,1.1453698447134164,0.05
2025-11-03,65766.25,66842.01,63798.31,64915.64,5249750.56,-0.01301820800067812,44.99089520309796,-602.4963053146366,18.85333102461323,0.03648393294963267,30.771163164414002,-1.8826677353909556,0.1145822464531431,1.0027694574557338,0.0193
2025-11-04,64915.64,66120.66,64690.33,66064.58,4630471.34,0.017544167660597774,40.42180110098779,-579.3877403953245,18.39520422092682,0.03341908564532649,28.751926270864296,-1.1769338370535711,0.28563789143130963,1.001547358718069,-0.0126
2025-11-05,66064.58,66161.43,65141.1,65536.18,5583175.0,-0.008030391915412643,40.4820266433458,-579.6439398372443,21.956321176767158,0.03211337397362093,26.480014801131826,-1.630089600419644,0.23258714155814064,1.1692596020732064,0.0303
2025-11-06,65536.18,66888.17,62735.53,64330.94,2898272.67,-0.01856165908302444,31.443526858086585,-636.4045123215287,23.183423646561664,0.03336533822493869,25.936068602060192,-1.7184277899345595,0.12342759393932735,0.6009052214042392,-0.0155
2025-11-07,64330.94,64786.11,63058.2,64680.27,765353.38,0.005415511625002056,28.19331031775154,-624.9459278991064,20.952520993297814,0.0330049311349895,25.55878674807514,-1.4562008247705343,0.1951772190466396,0.17654649981478823,-0.1025
2025-11-08,64680.27,65249.83,63374.51,64913.1,4766453.14,0.0035932432425105107,30.706447243486465,-577.3399551336139,21.88303757165549,0.03383325443664053,24.78546624185189,-0.9043472336278311,0.2249329855486446,1.0788200964204355,-0.1958
2025-11-09,64913.1,66059.82,64877.47,65377.21,1095924.37,0.007124274445295759,34.866617421960996,-493.4974595741097,27.752889424248888,0.03183784205098333,25.333895425645398,-0.7242191774618725,0.2910280355033694,0.2629385748596836,-0.2595
2025-11-10,65377.21,66965.16,65133.63,65529.42,4735705.21,0.0023254753192236874,41.25808975418569,-410.117724515895,35.456637284337674,0.03051712170982104,25.445289494008044,-0.17051673724051264,0.32789441640567296,1.2173816684752308,-0.1784
2025-11-11,65529.42,66511.76,64654.78,65106.38,1945879.54,-0.0064766546195220345,45.14541155176304,-367.17531212360257,39.964477353477264,0.030625679739172067,25.855386522767002,-0.30610750816397614,0.2994349360934208,0.5060973469314083,-0.1687
2025-11-12,65106.38,65914.16,64198.94,64514.6,13129707.75,-0.00913099270864616,40.03083071904108,-361.76106817811313,37.749073779542805,0.03144943713736957,26.313407680043472,-1.6534422100948796,0.2521259412875298,2.9578282841290258,-0.1352
2025-11-13,64514.6,65185.89,64459.44,65081.25,2647856.74,0.008744934519982425,44.45492613386557,-305.39975384045226,35.312658843682286,0.030990009740566767,26.702881784028172,-1.3023212227990921,0.33393784745531563,0.591204252641341,-0.1016
2025-11-14,65081.25,66717.93,64215.7,65954.94,1331003.81,0.01333529229323368,37.135448069805044,-199.76971270639433,39.92573927738785,0.030069414490728485,27.97273569923029,-1.1304483100142249,0.4929811092660998,0.2970586261347357,-0.0937
2025-11-15,65954.94,67124.29,65067.19,66865.15,5382555.61,0.013706123059045743,50.64033812104716,-66.01035274469142,61.45157361691546,0.029131991777476125,28.980270820789645,-0.21194122771146282,0.7310502254370465,1.2439379560432777,-0.0928
2025-11-16,66865.15,68064.9,66731.1,67243.46,2328961.85,0.005641860033970695,58.513835175734506,44.573868188483445,76.89490281159685,0.0281024567827287,29.001837923273268,0.2678133603805733,0.8338858468995459,0.5521020638984819,-0.0359
2025-11-17,67243.46,69811.85,66769.2,68496.53,5652389.35,0.018463322368447957,69.7233143225336,190.5589001017159,86.53047798166965,0.027587257757015603,31.20478220823828,1.2172241175576555,1.025562154903609,1.3461294093255258,-0.0268
2025-11-18,68496.53,68687.51,66875.47,67112.11,2892743.76,-0.020418582456978557,55.623845063582536,182.32692548597248,75.9490557388164,0.028562601124761857,31.381525808060417,0.7496939440620569,0.7346489838972674,0.6997961724674445,0.0445
2025-11-19,67112.11,70502.71,65686.82,70062.26,6329544.71,0.043019770719787916,69.28446771296056,354.0728236798161,79.1966553651119,0.031229478711399607,32.0205374128512,1.6877635279525334,1.1388082126770438,1.4901033272453517,0.0733
2025-11-20,70062.26,71752.01,69952.55,70778.91,1335987.41,0.010176799654701644,78.6666903768733,486.2784062964487,81.66152410706097,0.028538495032323676,33.6060581478905,1.8283983871272191,1.1366510532845067,0.33541417856910727,0.0387
2025-11-21,70778.91,71046.13,67529.78,68393.87,3618100.59,-0.03427787423891608,63.97965391103876,387.7195134937991,81.01703174128215,0.03140148796542688,32.485088789456974,1.2449961437515025,0.7798700080573573,0.8816821113162696,0.0119
2025-11-22,68393.87,68734.22,67554.55,68715.12,5397798.0,0.004686061619521231,64.2178574146379,321.5139523849748,69.50479702550764,0.03053156277686328,31.68148823981863,1.8349643105978417,0.7925495579259897,1.3210852256973373,-0.025
2025-11-23,68715.12,70594.31,66687.82,67077.82,2891805.36,-0.024115824431205746,55.84652397502036,153.3345569033139,52.607591560237864,0.0341776376836797,32.44320365654148,1.2647575182158652,0.5648359168649515,0.7287844433213068,0.0371
2025-11-24,67077.82,70284.23,66789.24,70157.94,1483029.84,0.04489554825567292,63.245778310451314,230.76142258778157,58.93435825866097,0.03437073551474933,34.38333380974784,1.3307177799033798,0.91382818452945,0.3891841212317127,0.015
2025-11-25,70157.94,70315.89,69555.69,69838.77,5115894.19,-0.004559686480939982,63.62402628719989,240.6099919471461,63.8932690062048,0.03340606616394066,37.255245385593675,0.578985936254874,0.8339801179420887,1.350820885851992,-0.0257
2025-11-26,69838.77,70625.81,67383.9,67828.95,2608295.57,-0.029200204730397895,58.8214001491423,99.14378392391427,67.16966525640757,0.03600362171524834,38.616434579249116,0.1595842222052885,0.5792970426987375,0.691351377497454,-0.0084
2025-11-27,67828.95,68121.89,65183.64,65943.01,2571752.22,-0.0281982108018594,52.14313354658061,-122.06793926651085,48.511253797042315,0.03942910054345676,38.68035725351939,-0.2704333893440643,0.3335394215572093,0.6657276687930801,-0.0128
2025-11-28,65943.01,66145.86,65562.38,65742.32,5574161.04,-0.003048026008291282,49.45291666245081,-273.8393868975861,26.98794591333338,0.03746475633959407,37.77637570594785,-1.056737734242394,0.2981942190505851,1.4280070501422641,0.0025
2025-11-29,65742.32,65980.26,64754.55,65179.07,10792500.99,-0.008604453024661368,45.5827505946299,-396.64450185348016,13.02868647575354,0.03687740558433295,36.58375104490733,-2.179262390156697,0.22763417706273978,2.459389999458318,0.0969
2025-11-30,65179.07,68065.27,64133.2,67527.82,6286868.82,0.035401255989713304,50.67525914662715,-308.11536351817824,20.240666361153586,0.03834309643470393,36.68713908568615,-1.2515124605304795,0.5194686236205948,1.4077679014633548,0.1377
2025-12-01,67527.82,68092.44,67016.26,68050.22,2734291.0,0.007706300892308205,48.90206371937711,-207.61798623839434,34.01168027021343,0.035984653266781644,34.48902258710365,-0.8549728578293978,0.5720334185357848,0.6069104835024092,0.1322
2025-12-02,68050.22,70382.09,67377.64,70299.1,2729745.15,0.03251303444948735,57.5202424226039,5.765736382763009,58.966076504433715,0.03604506621401059,32.77009564995536,-0.6071487021095809,0.8512230767020111,0.6849596273094143,0.0551
2025-12-03,70299.1,70826.69,67866.35,69154.71,2289955.37,-0.01641282786924867,47.65898063539779,62.1548005702229,66.0839422428621,0.03472498733016276,29.793196821442752,-0.9241125102091238,0.6700721290155902,0.5771974414505402,0.0274
2025-12-04,69154.71,70848.14,67592.73,70711.92,3218884.27,0.022267989818845948,49.8343816640068,189.45478362684543,80.66825738830246,0.03543098330723451,24.442466462053712,-0.5604672482846386,0.8617583062783064,0.7924844625145422,0.0616
2025-12-05,70711.92,74167.45,70119.18,72753.22,6205492.91,0.02845900783218359,60.96390075242011,384.9887684956532,82.32692756916562,0.03495910068113538,23.045966162868275,0.20879618921246196,1.042692722740635,1.5124613331768488,-0.0001
2025-12-06,72753.22,75139.26,71025.91,74684.04,2886808.3,0.02619324845240801,63.887642833194164,605.1122464194234,92.31177445978835,0.036861097957279015,22.077348666670613,0.5416572799009616,1.114692712723187,0.698849276910195,0.107
2025-12-07,74684.04,75586.1,74053.91,74333.47,8190395.07,-0.004705093337556766,67.95658731121217,682.1365524946742,90.2775523813542,0.034753427455256815,20.379782385866175,-0.4644676090404361,0.9860369258165248,1.923665317255599,0.1024
2025-12-08,74333.47,76615.93,71874.16,72004.67,2754809.43,-0.031830343331565814,54.746892219887805,537.6305842666188,82.66185574997833,0.03711423955457611,17.773803886779756,-0.7583348503489984,0.7396221245296416,0.6480675481833758,0.0997
2025-12-09,72004.67,72651.71,68866.82,69031.02,5568867.44,-0.042175009233290255,48.1730461712456,219.47078413330019,63.786140600093574,0.04184275210104729,14.304149045827208,-1.3155889093877122,0.4642281076359554,1.3219009345147799,0.0614
2025-12-10,69031.02,72619.73,68298.62,71725.25,3395083.77,0.03828687860589847,58.54793671818744,170.3572309401352,54.37202705920822,0.04134574046696467,12.001129486933648,-0.8069611008572153,0.7111690395346558,0.7866771453230652,0.0831
2025-12-11,71725.25,72648.4,70743.02,70994.74,1898251.98,-0.010237057606503083,61.67465895053565,73.50408207983696,51.675154393268464,0.04073199145256021,11.990944586430734,-0.9514309776361194,0.6306065190476228,0.448787498090872,0.0211
2025-12-12,70994.74,71403.61,69634.76,70615.58,3193150.61,-0.005354989750223038,61.17006938649431,-25.939312858560697,55.906493745046824,0.04214971297511125,12.065506299903708,-1.270039841653095,0.586556416958028,0.775130217424536,0.1283
2025-12-13,70615.58,71801.0,69978.47,70691.13,3249511.91,0.001069305303318622,62.92319970398839,-92.7155859166719,53.14502516672791,0.042707712107176686,13.243090605186351,-0.7526149479583534,0.5786560474554328,0.7854018785314172,0.1877
2025-12-14,70691.13,71522.41,69208.5,71192.57,2568362.16,0.007068353697119476,59.40696887000778,-108.12559485324141,49.32384532933463,0.040783379100208954,12.7346998160979,-0.29190966293314174,0.6206437341879847,0.6127323707060347,0.2275
2025-12-15,71192.57,73396.33,71031.47,73344.1,6698792.64,0.029773606049240117,62.539961076028135,15.018922555080053,53.54159285776216,0.04084203286776623,13.228129225209857,0.9419401801392627,0.7951801409746452,1.5685103862353145,0.1466
2025-12-16,73344.1,73404.4,71168.55,71446.24,809663.24,-0.02621678631089778,52.76325792395119,-39.905547109204235,50.2651480752204,0.041158529026254276,12.682069814077337,0.8643153909191265,0.6080805093657309,0.19365915238102305,0.1496
2025-12-17,71446.24,71541.27,69943.61,71164.19,8213851.27,-0.003955536320203052,55.05029485230689,-100.35280445571198,48.95719260539972,0.03995391301639851,13.426783662550008,-0.6021092770276277,0.5625865744413231,1.840444123735556,0.2026
2025-12-18,71164.19,71570.89,70526.49,71246.32,4709464.56,0.0011534262338562455,51.450628677756164,-137.62305186304343,39.242697578293495,0.0376911898246561,13.669737141703928,0.29132102168323276,0.5485289434918288,1.065552991005208,0.2221
2025-12-19,71246.32,71706.09,68657.8,69829.99,5837793.74,-0.020079595039083572,41.786201792009734,-253.72717624926872,31.144415200813473,0.03743279110552717,14.987411544018986,-0.9690325262810029,0.3368315475151638,1.399278688104959,0.1609
2025-12-20,69829.99,71091.22,67866.04,69028.92,16913317.91,-0.011538026431591054,33.032821118146416,-373.3137260077358,22.38087053010597,0.03694814744726331,16.93292050816491,-3.0697149583687353,0.19863059807837774,3.5960345536739493,0.1203
2025-12-21,69028.92,69948.85,67671.84,68514.57,850018.97,-0.007479123840902861,32.711338870440116,-469.66540991300815,13.708088657942122,0.0380020212176295,19.726002497537063,-2.4732776820736095,0.11185630174285516,0.1844214564468608,0.0917
2025-12-22,68514.57,71145.08,68279.61,71030.94,9825362.11,0.03606913338649277,47.13881982045381,-351.9190829935119,27.103093644634416,0.03476894314344378,22.18437326054334,-1.1616712696395437,0.478563489676698,1.9793666626078645,0.057
2025-12-23,71030.94,75965.24,70926.28,74301.87,2059497.52,0.04502056287686972,65.22178345066186,-57.19637649419133,49.32083524050163,0.034443912957463914,22.688865699652364,-0.849674283764381,0.9109172193906433,0.41586108061630217,0.1306
2025-12-24,74301.87,75266.24,72684.3,73744.61,8650761.5,-0.007528211840529839,56.65289980404418,88.82606450420485,70.58814542965989,0.033019643256441175,23.674825486570032,-1.606173148202325,0.798359070253622,1.6559768407786495,0.028
2025-12-25,73744.61,74746.01,71624.71,71709.63,2191513.97,-0.027982859593070626,52.168829458431034,39.48423149638268,67.28478870740513,0.03516783091555195,23.078219103562564,-1.63512170063623,0.5248520905049348,0.4362729116856933,0.0594
2025-12-26,71709.63,73919.96,70629.88,73332.53,1479924.19,0.022379254868520156,57.66428299366294,103.62580037112934,63.388758932729566,0.035871276070402455,23.06629732038922,-1.3709684194787755,0.7768417104911002,0.29879834113793446,-0.0082
2025-12-27,73332.53,74919.02,72117.75,74557.88,4576428.12,0.016571433417906248,60.24329056807003,209.92726356659784,66.65750275311294,0.03621939664286413,22.782229731174464,-0.7909342203607774,0.9512017171314376,0.9589723071169038,-0.0559
2025-12-28,74557.88,76371.75,74288.97,75477.97,3306595.84,0.012265089100382355,61.10598552813661,317.1217866392801,80.33742718843148,0.03555914583893535,24.610437747098224,-0.3673269792332768,0.9967171424971849,0.6889013058254106,-0.1536
2025-12-29,75477.97,78866.24,75407.67,78227.39,9839033.31,0.03577901638342917,62.275068887189256,535.2775305642369,89.01668352963311,0.03530802044800336,25.88556470848876,0.7118098514255666,1.1577535022903642,1.9625787580498384,-0.1733
2025-12-30,78227.39,78847.66,75650.06,75662.47,5306329.55,-0.033337577260391084,60.25440032257593,471.1767641610652,85.13343003715262,0.03741287740520951,27.718581088257753,0.15548413780730916,0.8419083792738442,1.0386480493761228,-0.0891
2025-12-31,75662.47,77384.78,75169.58,76671.76,7242895.55,0.013251188110879357,62.937442066656466,460.5471784367933,82.02345220221831,0.037495692211647946,29.240474333366183,0.9366746845769579,0.8898675877896184,1.347236370584662,-0.0714
2026-01-01,76671.76,80489.54,76429.05,80263.11,966524.6,0.045776660322580084,68.1829639583141,647.7208701596671,83.33689544007646,0.03850206793987089,31.627014737472603,0.9751154330333314,1.0832375692869471,0.18358301931275722,-0.1278
2026-01-02,80263.11,81231.33,79370.3,79931.21,6181503.07,-0.004143723384271198,71.30144098400007,697.2129334339165,89.68060636002708,0.03760097499551244,32.588032144627455,0.31730636667001066,0.9725444179066078,1.1423151097030957,-0.0705
2026-01-03,79931.21,80155.14,79285.77,79636.4,2319286.61,-0.003695115010389725,72.85708621602731,658.592271438408,92.29424305090934,0.03562716654336372,33.08826590097114,0.1030123172935878,0.8947898594381744,0.4295828073941546,-0.0054
2026-01-04,79636.4,80077.58,78732.75,79204.46,4563034.63,-0.005438664392752635,73.11676443233009,556.5164379449452,87.66661449147466,0.03498079527339306,32.94463856467951,-0.32406167469595015,0.8278494452000853,0.8622286293996416,0.0
2026-01-05,79204.46,80564.04,78679.8,79651.54,2581690.69,0.005628760391804203,70.47432527259045,474.8477054667919,85.89548962882581,0.033904518893882074,34.1840999275358,0.07299077435985621,0.8198648179585285,0.47980203935411664,0.1018
2026-01-06,79651.54,80770.1,78380.29,80244.42,8477604.13,0.007415856124361182,66.170934523341,418.4732998735176,86.71324455296603,0.03129590995681481,36.55967651601038,1.1346199319281804,0.8206331091168447,1.5716936736109643,0.1378
2026-01-07,80244.42,80855.66,79111.76,80082.65,6928650.19,-0.0020180005148020476,67.62654432864551,331.7943425357844,88.31801310189796,0.030611651123643353,38.64276033518739,0.33293293133511787,0.780239688138956,1.2586359249857308,0.165
2026-01-08,80082.65,80974.13,77631.84,77868.42,4298516.25,-0.02803874721178854,66.9589540212252,98.92550473423034,82.71148443522718,0.03168482348629685,40.98240705183523,-0.19666101962748275,0.6246291911776717,0.7919263248925513,0.1166
2026-01-09,77868.42,78523.59,76859.87,77969.87,7912843.54,0.0013019908564362546,63.93726317051737,-65.80913218491469,73.88561224486513,0.030153680792699433,43.43686087503466,0.8053223263316422,0.6121758013917934,1.5895944876877268,0.1421
2026-01-10,77969.87,80654.14,77078.26,80177.72,2265917.72,0.02792320077891271,65.94825580089014,-44.627390701831246,72.43847298507238,0.03001342339421174,45.966418370175695,1.0477857068819032,0.7616684966074687,0.44881250030992453,0.1459
2026-01-11,80177.72,80367.27,79229.33,79519.98,2850646.89,-0.008237359951859733,61.64399425414782,-90.80079133335857,73.60156651610846,0.029412976282363168,47.14945241171524,0.5571735051030057,0.6915377196575482,0.6065257905588539,0.1646
2026-01-12,79519.98,79854.68,76549.37,76622.82,11854693.04,-0.03711336723227117,45.41665881112214,-319.47820353335874,60.1884831030965,0.030382230030907762,45.23140747279685,-1.1512472422791533,0.4149750437483419,2.2842646221664045,0.1221
2026-01-13,76622.82,77134.88,73373.57,73649.52,1458987.97,-0.039577318031168846,44.381236828169136,-654.68886814861,33.084601257150105,0.0321555000339014,44.52762780446695,-1.380564891964231,0.13706699032725425,0.30205971061952874,0.1224
2026-01-14,73649.52,77366.0,71624.21,76175.14,2265761.76,0.033717537167609314,48.72196727756431,-686.6798182565087,24.952045929129525,0.034396214152951805,43.83300335027587,-1.1529797432660347,0.3307107521977471,0.46872883143106153,0.0754
2026-01-15,76175.14,76598.69,75134.45,75376.0,1333453.06,-0.010546240785716598,35.312411529034975,-737.5548409336,29.978128333063058,0.03230059966036508,44.33432329327674,-1.4240814197136924,0.21313928183289244,0.27627630426727207,-0.0357
2026-01-16,75376.0,78895.96,75159.46,77242.1,6644258.09,0.024455723218541583,42.60057332859517,-625.8286547081977,48.83582301642705,0.03325456121540988,42.55594338430804,-0.3950746827106752,0.40826082402501734,1.3477439354700478,0.016
2026-01-17,77242.1,78349.84,75101.31,75577.4,1995033.57,-0.02178734848168811,39.61412335905984,-641.9450694634947,47.13918332115323,0.03623559612869433,40.30681242894911,-0.7161059966316504,0.20050249732533298,0.41013505519903737,-0.0599
2026-01-18,75577.4,78028.56,74764.73,77778.59,2348391.16,0.028708903815263184,46.654490969045725,-489.17070965665084,56.06272567032005,0.03697243124911629,38.23418816331847,-0.26564698884475013,0.4767991148350478,0.5230501543084658,-0.0516
2026-01-19,77778.59,78639.8,76058.69,77455.97,989138.04,-0.0041565546292084065,44.81828587582341,-398.49630782429404,56.82519208714417,0.0377690706087552,36.187982361299575,-0.3987721070981037,0.4229060677752167,0.23143462153607583,-0.0323
2026-01-20,77455.97,78019.89,75022.7,76595.09,3320535.68,-0.011176670405200682,41.4948901704453,-384.9405005840989,60.45335147246124,0.038759981686997166,35.61715661431778,-0.8802310356001057,0.31288136655672183,0.814291165840539,-0.0144
2026-01-21,76595.09,77819.77,76479.36,77758.72,8382028.52,0.015077723635958848,44.82550240201557,-290.35489637247736,60.38251307669609,0.037809310279647027,35.07189295182537,0.7492644275644145,0.47770653772799493,1.8841952326542797,-0.0278
2026-01-22,77758.72,80267.67,77005.11,78746.38,1239073.27,0.012621609283849988,52.06782784302591,-160.50793565566596,65.88272226089667,0.0372627741291498,33.08184149918667,0.988755401013868,0.6204328172719448,0.2949137170269522,-0.0129
2026-01-23,78746.38,78758.68,77644.32,78650.88,2572130.76,-0.00121349014232031,51.60440821731312,-84.12554273806654,74.09951727286766,0.036809105904831614,30.630305585730888,0.48479706175756365,0.616487444975141,0.6103601930934146,0.0113
2026-01-24,78650.88,80281.31,77441.68,79371.84,855580.65,0.009124827143872362,47.95837091199348,7.038512540446277,81.76762824742359,0.03581218837454099,28.155955149313172,0.5966900957448338,0.7152102380986345,0.21236893339408014,0.0475
2026-01-25,79371.84,82891.98,78164.12,82476.67,3895206.49,0.03837182007306177,56.66422789370139,254.80542905042228,87.58137877799312,0.03757307542674512,25.311454756131848,1.2357884797038965,1.0522491439953514,0.9513445309802675,0.1318
2026-01-26,82476.67,83514.57,78345.71,80918.1,2673124.26,-0.019077933426157222,60.3030506551573,289.55158733788403,87.69734639569306,0.03994177887447255,26.83014743134091,0.8219011450855452,0.8496208953549144,0.7026773781726091,0.1369
2026-01-27,80918.1,84408.3,80184.31,83802.43,1549595.87,0.035024472637321453,74.45808940420672,471.8345621742958,89.91272071893188,0.038961417092213665,29.448135747581745,1.0569587883055716,1.0800132728496992,0.4383276141843747,0.1333
2026-01-28,83802.43,85706.44,81582.27,83339.36,2310114.46,-0.005541058101808163,69.16265718247604,522.3365263384796,83.93014580517901,0.03779147263498023,33.35459686152144,0.5566218406380632,0.9554657029105247,0.6723607757825324,0.0813
2026-01-29,83339.36,86956.37,82305.29,85923.43,1941256.42,0.030535604241177478,75.7529381368395,680.8641551477276,88.3848918615733,0.03930416385179431,35.44642439287439,0.9276833047780327,1.0606953556617977,0.6187771639168758,0.099
2026-01-30,85923.43,86344.68,84564.37,85049.6,2557041.1,-0.0102219351053522,70.03377837394723,676.5629706455925,84.751315390854,0.03806509042118168,38.357880454574406,0.5072743397961476,0.9331055323347685,0.8112948247872023,0.1274
2026-01-31,85049.6,86194.03,84307.69,85300.2,3829100.41,0.002942183445772919,76.90056408454501,640.6457875389469,87.4343402527573,0.03681259163016101,41.08162820789272,1.2299528976939829,0.8989623145942607,1.1963227506399579,0.1114
2026-02-01,85300.2,86708.15,85278.0,86270.95,6671534.59,0.011316125806347013,75.21289924111984,631.2932763586293,88.34398895233801,0.03488015705998296,44.261037974391726,2.1500153172448515,0.9055319984025688,2.268020376503997,0.1331
2026-02-02,86270.95,88800.79,85818.71,87044.46,15594794.9,0.008926097636573762,77.72491512001199,625.05501990316,89.30822626729768,0.03489923425338786,47.66157573928034,3.2654354853757686,0.9095336223878779,4.274469880214882,0.1118
2026-02-03,87044.46,87842.81,85218.56,85361.91,1396627.53,-0.019519040040471402,74.19920436558598,462.93109946571303,84.53313465060276,0.03527505919878168,51.254620725139524,2.449595599378076,0.7746529318699289,0.38742466233173645,0.1398
2026-02-04,85361.91,87832.02,83431.84,87236.02,7247260.78,0.021717336454882396,75.172994112382,437.5224872346498,82.02578855047751,0.03702256738181151,53.28795832217459,2.543557519580975,0.8552509239352626,1.8579902818593812,0.1784
2026-02-05,87236.02,89543.44,86989.94,89117.77,7466310.44,0.02134143440615396,76.29872155081918,498.626707712041,85.10240365808528,0.035672507129766905,56.98109839919799,2.492755243138268,0.9156447876735797,1.8941882713828968,0.2144
2026-02-06,89117.77,90379.49,86815.41,86913.82,2946891.84,-0.025041700425683707,68.92835806081085,348.87601130312396,85.4766042932037,0.03859034484635354,61.0933890110971,1.9268945424308135,0.760660894973273,0.7387014131914406,0.2096
2026-02-07,86913.82,88069.24,85746.48,86279.98,1357901.28,-0.007319463281073879,65.8882618755118,174.22131002210654,78.71172386673645,0.03844594076168789,63.85579464801863,1.6049032450892031,0.6996262586813031,0.3446657829506754,0.1471
2026-02-08,86279.98,86390.16,83561.29,85380.94,1028472.74,-0.010474698844164507,57.43389592550617,-24.20858104895342,66.03831300816972,0.03726209687012681,65.25003592657497,1.3729980867498894,0.6230680380567055,0.26091918395164626,0.1092
2026-02-09,85380.94,86577.57,83384.74,83630.46,5311632.16,-0.02071508307651616,56.875130538766214,-281.4200131264529,52.90128063630109,0.03635431225826683,65.0247628282855,0.9416194207031936,0.4772428657318318,1.3143427337814433,0.1335
2026-02-10,83630.46,84264.91,82016.38,82971.48,4914059.06,-0.007910873507025712,47.62592904291085,-491.69273483557754,36.01852280210103,0.03494241119271613,61.37825244655268,0.5557399917409153,0.3968198360841667,1.2704768853391841,0.2492
2026-02-11,82971.48,86234.76,82936.14,85997.52,3324992.98,0.03582152433861352,56.624367632370856,-425.2323039852513,32.3989353729764,0.0330271816476264,56.308096619621104,0.6967926025830716,0.6348604407341265,0.8370697647054791,0.2197
2026-02-12,85997.52,87764.34,85499.38,86197.03,3351272.7,0.00231726369128305,50.773802048815824,-368.21821080267136,37.79474249489706,0.03097344040076858,51.22767778345928,0.8303337973506603,0.6371416321905612,0.8354916372069345,0.2315
2026-02-13,86197.03,87788.23,85524.53,86953.34,2506776.22,0.008735930623814179,55.42023367086719,-283.7407530412513,52.20844877078951,0.03110112191861885,46.40377033221268,0.9059581922335428,0.7115213199275988,0.6123500144009071,0.1922
2026-02-14,86953.34,89156.46,86768.34,88035.04,580100.64,0.012363264099543261,57.434652782324484,-165.06590614315814,60.32951059267774,0.03112610452772608,42.40262673739448,0.8553549256532519,0.8196402575943562,0.14768560470301428,0.1339
2026-02-15,88035.04,90358.46,87598.95,89519.34,4185921.66,0.01671977427929066,58.590865261357706,-5.108719780499996,73.57143454997761,0.03167072213509201,38.23166165714101,1.0460554513252764,0.9941446511544176,1.045543898067147,0.0933
2026-02-16,89519.34,92799.17,89360.75,92764.76,7950369.12,0.03561213497049216,63.37895348349686,284.74042506918977,87.12086641588223,0.030914086956539858,34.023067183672985,1.4588192269551337,1.199616448635279,1.838821697343457,-0.0154
2026-02-17,92764.76,94364.42,90860.04,92018.67,4392508.45,-0.008075335049656978,66.28244866285482,385.4311376164774,90.13296295983487,0.031847931356908006,30.132669884450525,1.0640307243146432,1.0234583140378137,0.9920427145574388,0.053
2026-02-18,92018.67,92730.06,91527.1,91925.9,1710887.25,-0.001008673513608168,62.56654544550161,403.0975164672186,86.9785676644466,0.029395757110576414,28.725663754849375,0.8662566500650234,0.9415076067482948,0.3874096327081977,-0.0612
2026-02-19,91925.9,93402.93,86503.93,86961.11,3706937.52,-0.0555218105086541,45.0406149592238,55.960075382718514,67.09982582925404,0.03464335132927743,24.582084866875984,0.49580476258104916,0.46835101192226924,0.828603376488012,-0.0713
2026-02-20,86961.11,88372.25,83498.4,84594.47,1833001.32,-0.027592109175469625,44.70610899039304,-335.9514954171782,47.058318567119095,0.03671846736215642,20.5364323159178,0.20939718613099087,0.24983449491229684,0.4190758853467988,-0.1266
2026-02-21,84594.47,86476.8,81819.71,82904.64,6241228.77,-0.020177866421053646,42.65012912668503,-691.4238366966508,23.190565690847368,0.03947809366106347,17.708139931948967,-0.9382625541340891,0.13015450531688622,1.4339749435304743,-0.1645
2026-02-22,82904.64,86308.42,82872.19,86073.46,3745177.73,0.03751008606634727,51.37232241344247,-693.778740245667,21.145252506477537,0.03852871721433778,16.40265544101745,-0.3603942413428909,0.4147084394209344,0.9960800247923671,-0.0875
2026-02-23,86073.46,87986.52,85500.84,87467.8,5454341.01,0.016069607944219175,57.71307879113057,-586.3449329166267,29.193633544846772,0.03733704615542992,15.217998174531875,0.5347174369136496,0.5285058380099844,1.3763848805550618,-0.073
2026-02-24,87467.8,89195.75,86414.01,86637.57,5383345.82,-0.009537170426956685,57.318482727406426,-556.3600079675045,39.11263525950587,0.03813444576394898,15.956244523595716,-0.4866629435876543,0.4573854281398375,1.3911869100208363,-0.1177
2026-02-25,86637.57,87108.38,83602.38,84019.17,9671019.31,-0.03068856811588647,45.98535257886582,-689.3391762841109,33.65405285040442,0.03949918300107199,15.82748639342779,-1.9673130374490138,0.2509485760713511,2.4300008904951715,-0.1412
2026-02-26,84019.17,84605.71,81724.02,82139.31,1227500.05,-0.022628278891163242,42.291418909708746,-868.7870525220801,19.74129914344982,0.040939480917057944,16.597368186532957,-1.853979899287113,0.1315756689299818,0.31523890840231344,-0.1725
2026-02-27,82139.31,86140.63,82028.56,85728.48,2676672.59,0.04276838424972073,47.89920953203426,-716.9528010618069,17.49941272204006,0.040765532561136485,16.845346273781455,-1.2848861919588794,0.42885841996356827,0.675959708181565,-0.166
2026-02-28,85728.48,86659.19,85606.88,86347.61,6550413.08,0.0071960337045469756,47.05918028655533,-553.3436661040862,23.847715789565825,0.03936822504822948,16.746178282604195,-0.26966209383268813,0.4755643386122484,1.546401215026233,-0.1491
2026-03-01,86347.61,86988.02,82307.21,84328.27,16542670.52,-0.023663967423939097,41.11873362460085,-558.0507328013623,29.62010695861711,0.041938342351176404,17.5337195650629,-2.253858778861249,0.3043061725968548,3.4482145227109786,-0.0468
2026-03-02,84328.27,84616.49,82017.45,82655.83,11229308.73,-0.020031798536955157,31.72106025439743,-644.5981235745243,21.5173834161196,0.042061547780195586,19.21721324298965,-2.7653033668245266,0.16875232497834014,2.196131544720335,-0.1403
2026-03-03,82655.83,83024.37,81814.51,82913.6,3008020.01,0.003113741567691069,33.24026737303093,-653.2538243408405,12.71999459668517,0.03995409507176698,20.92365705665359,-2.063653527944744,0.21343892219094104,0.5901117381796775,-0.135
2026-03-04,82913.6,83928.55,82331.55,82414.13,10296778.42,-0.006042198965174345,32.749926279012385,-659.4711668305963,7.822139856367811,0.040537752099405376,21.232301131151903,-2.3435518998283316,0.20119736780894712,1.8911739927246853,-0.1441
2026-03-05,82414.13,82999.97,80346.1,80742.42,5909669.89,-0.020492815069171475,37.192298107265195,-737.1408202715676,6.857702498078997,0.03762161203490836,23.89032232310191,-2.2349099742432625,0.1229249565269807,1.0525177445149252,-0.0895
2026-03-06,80742.42,82262.87,80507.45,81616.47,6090483.96,0.010766992111094848,43.46487270300217,-691.3792775009753,8.24747588670488,0.03448954604382738,25.655880678071448,-1.6177813549804756,0.21640211169439957,1.033983119002156,-0.0673
2026-03-07,81616.47,83305.97,80539.39,83250.93,2782510.34,0.019828220130567942,50.761773736454884,-520.5489649253636,17.219212059214446,0.032190373986551876,26.227001779086606,-1.3026751920968764,0.3487164070791716,0.47808287959518425,-0.0344
2026-03-08,83250.93,83350.93,82922.56,83191.49,5022538.17,-0.0007142410273400485,42.65545894654577,-387.1974820430205,26.443945994067764,0.029630812341155728,27.414226483039673,-1.4330579594536914,0.3614019572634315,0.885223634679057,-0.0155
2026-03-09,83191.49,88246.36,82473.09,86224.36,3031550.44,0.03580767741208359,47.07540664009557,-86.10100722883504,43.80015028837996,0.03131202464957668,27.304827704956264,-1.14694604641417,0.65514100213199,0.5407975729524341,-0.0613
2026-03-10,86224.36,91722.04,85677.97,89642.83,596320.3,0.03888048280766427,56.301239003333706,329.1551367996133,60.099652010689816,0.03271742823316187,26.880979666959746,-1.0136022085952512,1.0595009146279033,0.10744559472336386,0.0023
2026-03-11,89642.83,92023.8,89510.45,90265.99,7536135.71,0.0069275368729397446,64.29390600260666,615.0555716188733,77.69789257652882,0.031706064329588245,28.199881570371662,-0.5010991572870395,1.0416272103134683,1.3125876401377599,0.0422
2026-03-12,90265.99,91814.01,89037.63,89336.66,990849.95,-0.01034882607930496,67.21787337383526,704.4128597601124,81.21972233025575,0.03195168862208217,29.167036672172628,-0.4882620444874772,0.8977621377605752,0.17385385944726484,0.0858
2026-03-13,89336.66,90651.77,88480.36,89006.81,4053456.89,-0.0036990462965627814,59.291533764534584,702.5483682467168,78.70031484503623,0.030512705392185903,29.948272285565483,-0.6683265654006487,0.8288154781430727,0.7251344798690716,0.1447
2026-03-14,89006.81,89474.06,88512.73,88936.22,1558242.89,-0.0007934000416080528,57.572156941425554,658.5496899106075,74.90456168588427,0.030463853759466,30.28873764491231,-0.6912409727758764,0.7985916595443366,0.2843202083743583,0.1584
2026-03-15,88936.22,92488.55,88864.42,91671.72,12386452.66,0.0302944511345374,70.61711674475106,768.0257432795131,80.33249702501263,0.028731465463313767,32.169877934527804,0.278125895675176,0.9638601625829482,2.125627928607177,0.2245
2026-03-16,91671.72,94831.71,90536.09,94630.86,14338118.15,0.031769703754161556,81.35512450053757,980.4795658749133,88.48214131113623,0.029113622584185032,33.5750334838227,1.4923870245126178,1.0605177161846915,2.284982517293887,0.2322
2026-03-17,94630.86,95466.54,93918.37,94381.09,6345898.32,-0.0026429032173429824,80.03877867543706,1039.3208279043959,94.90256583168605,0.0294467052971824,34.43679239667751,1.0135907626756069,0.9630279768870915,1.0388330676740236,0.2096
2026-03-18,94381.09,95547.35,91690.55,91980.31,3859444.56,-0.025766202884566002,72.78842562193219,859.1549013066383,89.32310654870662,0.031970173057376185,34.343464031047006,0.7430628450781501,0.7908710500424285,0.6184732980094622,0.1988
2026-03-19,91980.31,97813.82,91744.59,96348.98,2364892.95,0.04640227599661347,82.94458179607551,968.680791319568,86.96390047579844,0.03305256282199755,36.1328809413472,1.0188875799570822,0.9630618664216973,0.3799215361676068,0.1877
2026-03-20,96348.98,102515.5,93665.59,101276.8,1563002.07,0.04988055391949344,85.43697965158569,1287.5141988398173,87.47793976205743,0.03644793279408154,38.98248107461331,1.3537857465897942,1.0743678404760637,0.26157641603305914,0.1523
2026-03-21,101276.8,101850.06,98000.47,98221.47,2894836.24,-0.03063253541903819,75.66901640252391,1208.4232411012576,88.15817970001724,0.038369287866924354,42.78568367069925,1.048618672719052,0.8862514248805146,0.5469255560511694,0.2263
2026-03-22,98221.47,103328.65,97470.96,101349.51,6300344.52,0.031350211254133994,78.17003275244576,1275.9210659056503,87.81631939476347,0.04101150985901185,46.712617694810525,1.481433815439599,0.946887208949106,1.2484638527025143,0.2298
2026-03-23,101349.51,102658.85,97703.1,99327.7,2568252.22,-0.020150553335445947,70.98665973023678,1100.2000739872997,82.13937829612179,0.0412584016629473,51.57821835891253,1.1367985121184854,0.8304635416496847,0.511146955342606,0.223
2026-03-24,99327.7,100302.31,97231.32,97929.3,10088387.77,-0.014178695075420234,64.19004054672614,818.5228157245406,77.15980240224724,0.0396790264580048,55.22809575354114,0.17601346704903048,0.7516807851944562,2.0120159824672506,0.2313
2026-03-25,97929.3,100492.85,97172.43,99577.92,632357.87,0.016694663523099784,65.40503876900516,677.788328697332,71.90293497994655,0.03960101941129869,57.694087680032375,0.15263418996569686,0.7919697041333136,0.13312226101396343,0.3687
2026-03-26,99577.92,100458.53,99303.22,99783.11,2316708.16,0.0020584772505917977,67.70614155931814,539.1104273401274,71.4992545718027,0.03835916147102497,59.80023974707998,0.3147705974911667,0.7790941820551093,0.5078812972069725,0.2937
2026-03-27,99783.11,100701.27,95436.81,96129.3,2498939.76,-0.03730477027269293,60.84969078502308,161.490172394585,67.42307424763798,0.04211544837451383,60.780453519181485,-0.003612462054301988,0.6020996954170001,0.549539223893103,0.2368
2026-03-28,96129.3,96809.17,92622.91,94245.63,4761203.02,-0.019789701039888124,57.66446138521093,-233.50091228413748,54.911047683691066,0.04540136995514022,60.76548127108883,-0.6280611629047471,0.4856587570222538,1.0500484777899068,0.1559
2026-03-29,94245.63,94838.16,89598.46,92012.06,2410739.97,-0.02398480379101873,50.498526129569626,-640.471215918376,35.39678789989007,0.047757637112223056,56.773162472888714,-0.9934575042126631,0.3373651590475243,0.5353358364560548,0.1365
2026-03-30,92012.06,92553.98,87797.37,90797.08,4520026.02,-0.01329252891457696,44.08193029656969,-967.1520084717367,24.698780699911186,0.04875934808223944,53.520803782709024,-1.569360965865256,0.25950501927923664,0.961827486046911,0.1419
2026-03-31,90797.08,91620.96,86163.55,87301.55,2493168.02,-0.0392589089436296,40.0669319022722,-1369.7187821431576,14.507500964549033,0.05391012939795821,50.66940906747035,-1.6967190426961094,0.08274557148146958,0.5606068905388168,0.1116
2026-04-01,87301.55,88940.07,84036.46,84314.53,8199550.48,-0.034814006783941226,39.41847130190719,-1763.1724167396892,9.12836086231713,0.05670683332990688,49.17489750697392,-2.2122232289522588,-0.019768839429488715,1.705503371237324,0.079
2026-04-02,84314.53,85814.8,82148.91,85197.36,6192200.48,0.010416236667433916,32.96766740107515,-1879.3052097224045,7.488109300745975,0.05410429216518347,47.569589897338986,-1.5004775068869707,0.06126582318574975,1.2599503959040708,0.0822
2026-04-03,85197.36,86529.69,83359.54,84559.52,3550128.44,-0.007514782336595058,20.61642429464827,-1908.293088990885,9.07209185052005,0.04971463549326222,47.65905385061769,-1.7060793899650033,0.06778735221172748,0.7080103247161206,0.053
2026-04-04,84559.52,84598.82,81967.35,82549.28,2522241.41,-0.024060216761683125,21.40273086730508,-1964.374607954916,9.49971355648382,0.04987126650718994,47.93416950487008,-1.6826698938848392,0.043472916757336375,0.5578918656014766,0.0658
2026-04-05,82549.28,85459.26,82148.64,85251.93,6489699.01,0.03221530686212325,20.163321984936957,-1729.2551727813782,9.993319685108753,0.0461561817008496,48.48536573298817,-1.0410082907938891,0.1885982416164474,1.5718881307767933,0.1182
2026-04-06,85251.93,85732.71,77608.52,79073.5,4873331.78,-0.07523295552466815,17.47126340781496,-1886.7704258092745,8.314058653477923,0.05262471895496201,49.65650569478212,-1.312672485641018,0.02861377478726556,1.2018161638750078,0.1462
2026-04-07,79073.5,80892.83,77182.71,80380.58,2280044.34,0.016394805041445897,21.733417178088814,-1800.1161928199379,11.938389637365717,0.05233693084999306,51.54318923237611,-1.011634520272934,0.12200545428297857,0.5734514025364048,0.1829
2026-04-08,80380.58,83687.32,79337.77,82466.63,1946808.98,0.025621121945761893,22.821007983343932,-1511.1489399131224,14.136045379692328,0.05190441446263324,52.20639154296702,-0.7640944877749174,0.22134696653562685,0.4922276818687626,0.2281
2026-04-09,82466.63,82654.24,80534.12,81441.17,1224923.24,-0.012512807562356622,21.606165609166766,-1305.6490315068963,18.057015395492716,0.0534041583987142,52.56867679354865,-0.7869846988912237,0.2164334918870485,0.3110367487170373,0.2308
2026-04-10,81441.17,84285.87,80566.51,81840.44,16719848.57,0.004890578869272636,25.40188165644598,-1069.3387039542324,21.43523938950337,0.05179508879891579,53.65126998214229,0.7677845482733077,0.25509842263771026,3.6116311646080335,0.2113
2026-04-11,81840.44,82152.64,80938.13,81661.21,3095431.82,-0.0021923946552280037,26.985484367558016,-860.5860597394203,22.40160048725164,0.04930939671356214,55.47752245305935,0.6221050902413411,0.27007548627006445,0.6926143648101223,0.1622
2026-04-12,81661.21,83245.47,80878.65,81524.33,2696379.64,-0.0016776000140976044,29.22686205417351,-675.3850683453725,25.781008918385066,0.046875077485626915,57.5370437784394,0.483779585624593,0.28600419175637,0.6024613598136513,0.1345
2026-04-13,81524.33,82642.34,81455.71,82354.57,2748424.4,0.01013244661929012,33.01903756204064,-451.3956604486052,29.810560784910404,0.04330616642507249,57.873092981724376,0.846593452501761,0.3353704513256437,0.6689429980962924,0.1016
2026-04-14,82354.57,83488.22,82016.44,83456.87,3882486.1,0.01329602154173536,41.44315377494924,-196.44526379497574,39.14308585098959,0.03932298032675398,56.72019850382374,1.3180699372191915,0.3973290988303722,0.9090101398745492,0.1331
2026-04-15,83456.87,85178.37,81795.33,84963.52,4575446.39,0.017892016432443314,51.546307745848075,90.7983705769384,57.47611101775171,0.037347331116758586,55.19258556006698,1.8179601314788965,0.4940319435937422,1.0436571774411483,0.1438
2026-04-16,84963.52,88460.7,83495.59,86354.62,3642354.94,0.016240318449008622,52.69212624108322,375.6439158580224,72.64451245207694,0.037820352204164236,54.27185094932141,2.0283207081991694,0.6117706670995458,0.8201245200011074,0.1714
2026-04-17,86354.62,87401.79,86099.92,87011.81,2036003.03,0.007581550222056359,55.69961469360764,596.3617210654929,83.907599444718,0.0360010160853821,51.0788996250346,1.9483786828865817,0.711094234086733,0.4729433382972176,0.1048
2026-04-18,87011.81,87448.37,85726.1,86778.69,4053213.7,-0.0026827719561063773,60.71515252811537,707.1383758203601,84.52153264891659,0.03534935494284783,48.32053832916056,1.4060751458945664,0.7492890289146392,0.9238966652247996,0.1712
2026-04-19,86778.69,88837.45,84985.15,87674.9,5392248.63,0.0102745708374937,56.75704618285213,813.6584429748598,87.42131200988938,0.035429320624908466,45.31190411369925,1.6573140639772215,0.8879591534595934,1.2170204894662733,0.1413
2026-04-20,87674.9,89499.77,85027.15,85344.45,3250598.45,-0.026940234685495036,72.26705337459032,704.1542102373539,80.45823243639107,0.033340606381380165,45.50293400742793,1.2386935640763495,0.6714289178134489,0.7274362414751108,0.0792
2026-04-21,85344.45,86436.31,81482.2,82309.08,1751800.47,-0.036213991098731184,56.099173155930494,418.3992667817081,61.84273747258433,0.03564967732426102,43.26631330158465,0.9950963755052112,0.3644563631377925,0.4225094371315222,0.0533
2026-04-22,82309.08,83938.24,78288.44,78306.89,4133468.91,-0.04984583564849693,38.266332536821885,-25.500271579424634,31.889229860040032,0.038657736795022206,39.76687633739022,0.5792420482043725,0.03072220850608021,1.0223149518034425,0.1748
2026-04-23,78306.89,80858.34,77493.68,77721.75,2717902.71,-0.007500453034424287,39.24111414612071,-327.1255625220474,10.434535439106075,0.040092546258189705,35.90027467544161,0.27892377893520426,0.05087997792496246,0.679198424288414,0.1467
2026-04-24,77721.75,78609.44,76518.94,77992.72,993086.04,0.0034803480179790096,38.78676041989583,-468.3838898309359,4.472565412261505,0.03846148351134989,32.13248899519255,0.28796500587309887,0.12056636355029095,0.253004267440879,0.1231
2026-04-25,77992.72,79486.38,77986.25,78899.3,5045156.22,0.011556866822179813,42.27843387412602,-460.0916292943548,10.530210957062796,0.03827812341626301,29.109726469289534,0.6956178699910729,0.22374014013123045,1.3094275675075415,0.1073
2026-04-26,78899.3,83067.5,77555.46,82036.24,1383210.16,0.038988745029478154,51.22557692411477,-215.11364500970512,24.064819686652765,0.03955295506333929,27.975990149644893,0.7685579228949105,0.45988929495588504,0.3760315430535911,0.0945
2026-04-27,82036.24,84840.99,81690.69,83476.32,4703246.24,0.017401897970302366,52.60941394168566,57.57286129699105,38.14609697527961,0.04055087547154033,27.76108163083463,1.2253945944114,0.5659384569058321,1.2378260470891844,0.0507
2026-04-28,83476.32,85159.98,82856.1,84041.21,2001546.09,0.006744274956517965,51.3941483652531,277.34805375690985,51.34995219870277,0.04098553044902805,28.304795432406944,1.4117075753995123,0.605720955613697,0.526398672464426,0.0554
2026-04-29,84041.21,84666.96,84016.35,84559.43,1793175.35,0.006147326984572461,48.98817885179576,448.8279783234798,57.82922458215345,0.03842622874822614,28.78418519048549,1.7184256399326034,0.6352129016223751,0.468100162614754,0.1064
2026-04-30,84559.43,86006.14,84083.01,84589.29,4457701.82,0.0003530620900965248,45.25632805743924,548.8591395532399,60.68720823959069,0.035843966940558976,26.756596282257615,2.0338986863948665,0.6259106397522224,1.3853930836073447,0.1168
2026-05-01,84589.29,88386.69,83291.62,87025.41,9685066.36,0.0283924821226848,50.03335599544571,751.1747320867826,68.35030322914501,0.037953955878268116,25.66740765579658,2.6420469902967367,0.7934513999869655,2.7303983432958434,0.0554
2026-05-02,87025.41,88463.36,86052.06,87934.17,4523855.68,0.010388321377502738,52.743072997278276,907.8098807415539,77.01626167196007,0.038121415144984266,24.20329731812126,2.558066742000297,0.8265298336272221,1.2433299976923462,0.0354
2026-05-03,87934.17,89490.38,85282.39,85477.08,5167900.8,-0.028340196523722543,45.14243683075644,810.7325727206323,79.29600803640497,0.03951446900819536,22.509452688658804,1.7804825662313222,0.6273682687936948,1.3746342223924586,0.006
2026-05-04,85477.08,86670.96,84557.21,85259.24,8218340.91,-0.002551772443100367,49.79227256847397,700.7780451576915,74.77692640101333,0.03763921323114467,16.913671271468775,0.8687907688318826,0.6035473257912625,2.0668487999311176,0.0084
2026-05-05,85259.24,86680.1,84915.57,85577.69,2266738.0,0.003728120949511193,59.185033773805635,621.1438838961365,68.74258604778286,0.034836925037684756,15.38808150053289,0.9936200138884034,0.6247706276567486,0.5871114693085744,0.0745
2026-05-06,85577.69,87719.7,85447.07,87198.82,2103487.01,0.018766180376827826,78.84729306244793,646.4067768978332,73.18367634325371,0.03142286951654654,18.737389331805502,1.0893585574397275,0.740775257397788,0.5559063542613202,0.0633
2026-05-07,87198.82,87410.3,85055.53,85395.37,3681527.56,-0.020898914845143755,73.07109037735576,516.070801766105,73.53349615251643,0.03124176571700352,22.784364980616626,0.6685792558092073,0.6146735051073837,0.9522430976213239,0.0557
2026-05-08,85395.37,87413.27,84669.85,87346.22,790941.98,0.022587877591256432,75.54169083286769,533.455323248784,77.59964634799105,0.031077925131894377,28.353668289940543,0.671059888151153,0.7579180781498319,0.21359203535316967,0.1418
2026-05-09,87346.22,89650.0,87104.68,88017.71,2567189.73,0.0076582827707467,75.22358019257736,559.655245874731,78.98968165386741,0.03168902842718128,33.72702154462728,0.8424712267206879,0.8050666059009228,0.7207568854545752,0.1786
2026-05-10,88017.71,89171.1,87042.9,88975.83,4389816.87,0.010826715585656064,71.82762080540148,607.0235373853,86.68942363707515,0.0286312907352769,37.81021223605408,1.1382695617003529,0.8449914437375288,1.2130728100946393,0.1983
2026-05-11,88975.83,92831.92,88598.92,91501.22,947843.01,0.027987545710122914,73.62813764906916,763.8126088414987,88.23148304111724,0.028686268570280116,41.69431761324949,1.108438378827573,0.9486227581748992,0.264867150696685,0.2863
2026-05-12,91501.22,93974.27,89653.43,91984.4,2021378.49,0.005266691927921306,73.50063165806463,848.8954084634179,86.52113980638752,0.030101812294876577,45.801044845057106,1.1870271865830724,0.9307435873793167,0.5820340802020755,0.2965
2026-05-13,91984.4,93023.05,90850.5,92807.31,2037726.58,0.008906410787721048,73.96992904179595,904.3198957111111,85.70324825358641,0.031006255249256078,50.3676464608701,1.3001330388348278,0.9435858351441113,0.5925438022448918,0.1823
2026-05-14,92807.31,93260.46,92571.86,92710.78,1268735.87,-0.0010406533261689555,73.51150549609198,877.5120433455409,86.20716769707303,0.030087401147645732,55.43785621731932,1.1220295328794874,0.9121089908641785,0.3674588370810399,0.2149
2026-05-15,92710.78,96776.48,91484.11,93954.26,6312600.9,0.013323313183800594,71.54671375119852,884.0841457775061,84.71738433673909,0.02983919287655493,59.88199889298959,1.71220889380042,0.9658300697159833,1.7953409345442788,0.1245
2026-05-16,93954.26,95584.43,91391.98,94371.57,2774702.3,0.004431794438660321,70.64960910220739,856.4943908137009,81.79824798902798,0.03105537277502088,64.06678913350025,1.891231800488172,0.9419543820153083,0.7738296042442757,0.1409
2026-05-17,94371.57,94846.59,91311.64,92668.66,2938403.69,-0.018209526955314727,74.2417602857948,671.6793348573333,74.53489447399518,0.031107280498063643,68.15594466606663,1.4224626859993386,0.7923462634241468,0.8401598806462068,0.0482
2026-05-18,92668.66,92971.22,91369.75,92969.06,7934696.65,0.003236414045685226,75.84482018754733,524.3224878563715,71.75070139540155,0.030613180034607935,73.43267335428858,2.125641894627049,0.7850895057156514,2.091329820593214,0.0224
2026-05-19,92969.06,94891.28,92426.93,93929.31,2839369.68,0.010275728455337148,76.84131024395087,449.083458418743,70.47198330076475,0.03083239634450001,77.21417058900842,2.137711508743447,0.8206355485529795,0.7381886434675692,0.0031
2026-05-20,93929.31,94657.49,89259.33,89865.28,1938626.11,-0.044230818099630746,57.40670988772201,101.32927011742981,62.6491434857903,0.03471104588048369,76.06903482263822,1.6906620066161084,0.5089347264866627,0.5210733809354042,-0.0356
2026-05-21,89865.28,90395.28,87592.43,87995.74,18484020.53,-0.02102325576839252,57.19670614837789,-259.18601590856497,48.95604034039011,0.035812228767304145,73.83865065992764,-0.36118801517956933,0.36070978009456467,4.442852183017436,-0.0512
2026-05-22,87995.74,91742.26,86852.3,90368.42,1229487.91,0.026606465867271837,58.173312519639836,-337.4815965893231,35.271798186051704,0.036568613871333526,71.5945922014112,-0.20526237370680012,0.5350821036907755,0.30770455003943764,0.003
2026-05-23,90368.42,94220.33,88889.14,93550.69,2315654.76,0.03460855834498779,63.174389256210084,-182.34761847308982,43.46570752279799,0.03745176621816685,69.26057693836134,0.029645226555402946,0.7584049753225733,0.6009904074723623,-0.0329
2026-05-24,93550.69,94530.99,92551.91,94226.16,5657683.63,0.007194421607434487,62.67194751928916,-48.59940721502653,59.07581281268674,0.037070248250133234,67.51400448950106,0.584742591044587,0.7880122209685158,1.518828373481888,-0.004
2026-05-25,94226.16,95056.11,93103.97,93876.72,2073023.78,-0.0037154178817677213,56.40628033872533,-0.5632764987578867,70.85948998633894,0.035472783576463024,64.8113454184895,0.27632103892470194,0.7393053827005905,0.5579625323128584,-0.0521
2026-05-26,93876.72,94337.15,91201.54,91852.19,16907602.88,-0.021801777553930764,49.67082052077366,-115.66699735852126,65.1545686057705,0.035332954888870186,60.63078450572999,-1.6591818437499404,0.5408974434600368,3.7947271685373085,-0.0589
2026-05-27,91852.19,93605.55,90602.96,92980.09,3585747.04,0.012204729612531764,50.42375583310233,-125.54534296188353,60.96926899747793,0.0355419946048934,56.16299725088682,-1.2740464839172227,0.6308935011784195,0.8056477836606832,-0.0398
2026-05-28,92980.09,93886.98,92541.31,93751.23,2548017.7,0.008259400552386723,52.470045841916786,-91.43406922090003,60.54777321646671,0.03575026619459895,51.83716364792486,-1.0230562002544186,0.7004263567875171,0.5614084717343037,-0.0876
2026-05-29,93751.23,94117.05,89427.95,90971.25,4218738.35,-0.030101262231218825,43.39979245786322,-257.95490922834097,59.4774935867783,0.03636908049834812,47.77004265186314,-1.4725076949200095,0.32221897959298634,0.912910927189148,-0.1488
2026-05-30,90971.25,96672.66,89764.16,95124.49,12866905.77,0.04464293226762005,51.42957068802123,-98.4489390965548,66.97384048938088,0.036820636680563734,42.654101963963555,0.007120812666124528,0.8638483861592025,2.5504029004405027,-0.1168
2026-05-31,95124.49,96463.07,94114.43,94611.47,5053380.06,-0.005407738735595213,53.863383907281616,-40.52267400329697,70.13873430384432,0.036124667095252805,37.7089772987165,-0.5856082517415037,0.7628966114296897,0.9624889756398826,-0.0548
2026-06-01,94611.47,94986.93,94040.3,94325.9,1335210.89,-0.0030229087814760904,52.69974284723033,-34.69350363079093,79.783090097091,0.03573815432906779,32.08612769237211,-0.7102651654846209,0.7038175687436502,0.25598286067161613,-0.056
2026-06-02,94325.9,96840.83,94081.6,96421.76,2931023.62,0.021976095001482746,54.7448721035648,90.23301497385296,83.63955290481603,0.03517978129180672,26.342875176416545,-0.34815528563007037,0.9278854040421363,0.5571566271292783,-0.0761
2026-06-03,96421.76,96733.47,93586.88,95427.86,6971177.08,-0.010361332921543707,61.99114101815864,85.87166536418749,85.92055958449295,0.03386086620825052,23.357738659835015,-1.071856122940959,0.7759108648715695,1.257018369061657,-0.0645
2026-06-04,95427.86,97595.37,95380.33,96303.88,7105578.71,0.009138039386754206,68.71116732431125,119.84202086382834,89.878984053553,0.03311687516046331,22.259562557501393,-0.22816685831878572,0.8492461772162969,1.2721580995428705,-0.0585
2026-06-05,96303.88,100579.34,95062.5,97821.18,10132142.03,0.01563250926078425,67.4573355491124,216.7090115947076,83.4128950027572,0.033060945638617154,21.14683008395888,0.9331786617660778,0.9583832113737707,1.701930065456036,-0.0434
2026-06-06,97821.18,100975.57,96889.87,100115.84,5517914.33,0.0231867975492491,66.04541101908411,397.03584253115196,85.64650882087638,0.031414580778194826,19.347702928320754,1.4478977723712214,1.0618379888831326,0.9072085003215475,-0.1677
2026-06-07,100115.84,103915.0,99894.67,103257.95,3528451.39,0.030902310895162904,69.69884408326234,673.3980081740492,88.14190225143915,0.031870676439784015,18.239578922209553,1.76066165005906,1.1382832331703199,0.6019206287798801,-0.2127
2026-06-08,103257.95,105966.97,101973.33,103845.82,3393287.91,0.005677072695282983,71.51935621699977,830.925459802841,91.731453697144,0.03309446776824346,18.18598188001311,2.018578362412535,1.051379503908399,0.5761409388033201,-0.2444
2026-06-09,103845.82,104133.31,101004.73,101831.86,5066653.93,-0.019584277397185983,71.55200749075726,737.7752061298866,85.87909952479124,0.033744056133312925,19.99900911831502,1.4919865951430442,0.8813874989662669,0.8380057233117518,-0.2246
2026-06-10,101831.86,102619.67,98983.82,99833.12,3429509.55,-0.01982302976348375,64.26325698646787,491.67787934097396,75.02852849398472,0.03487272417352586,21.382814262847425,1.0391853781344442,0.7431407774250656,0.6478890215635869,-0.2041
2026-06-11,99833.12,101584.1,98373.21,100584.52,708618.47,0.007498377095549687,64.23386796042962,337.00399535527504,68.45558765468867,0.035936770957822314,22.4077589655948,1.008690576513325,0.7661121874744764,0.13453122185076113,-0.1621
2026-06-12,100584.52,107229.28,98463.15,104788.73,2801358.14,0.04094785885052333,77.16996239515221,467.32298226917464,72.13168584004758,0.03727403973417669,25.47593156766222,1.158588719911528,0.9629310678928797,0.529397057859912,-0.1411
2026-06-13,104788.73,105549.39,98783.3,99015.15,9253388.08,-0.05667335920668172,57.192086718968085,131.61407132803743,64.42396676353883,0.03934475828049293,29.371459010718983,0.29744565087004643,0.6018974567307522,1.6912327623944787,-0.1991
2026-06-14,99015.15,100627.93,97888.26,99578.3,4005993.41,0.005671400637490943,59.16445773565074,-74.49835193176659,56.57782900049185,0.03940273992569125,32.824649286162405,0.6292381949359904,0.6203962698257927,0.7194626890352274,-0.1168
2026-06-15,99578.3,101759.66,98812.6,100530.5,4596146.41,0.009516894677501072,61.17343586993951,-163.57939468042923,44.868229441512085,0.04045086530242373,36.45259152061978,0.9621960635675614,0.6597565541417758,0.9280528102637462,-0.0473
2026-06-16,100530.5,101354.34,98408.21,98683.66,11655839.32,-0.01854178348882643,54.11016305430325,-352.8930231419595,44.058279090645804,0.04134317387787704,39.57432259147799,-0.22910081193378107,0.5232369379736213,2.176234440529008,-0.1079
2026-06-17,98683.66,98695.56,97505.43,97578.5,1825359.93,-0.011262198288762133,53.892251114570236,-546.96976178763,36.31215252431618,0.040379269730813315,42.293546997345075,-0.4787331300044351,0.43241797346675886,0.3431234837307278,-0.0858
2026-06-18,97578.5,100224.28,96880.2,99230.14,10987342.38,0.016784616521723802,55.15135468915687,-556.6789119432742,30.764454798232993,0.04051988927672459,43.99327989743044,0.612377410529684,0.5233399943251857,1.941822128324433,-0.1113
2026-06-19,99230.14,104268.19,98046.6,103173.43,799732.75,0.03896955986951227,58.68059779121492,-302.8045265997134,38.58102519042634,0.039459127911402936,45.370044605675695,0.6371475849595845,0.8136836858641574,0.15820924105027132,-0.0988
2026-06-20,103173.43,103807.0,101700.31,101990.75,1258739.4,-0.011529235760804793,53.15462651946921,-223.4668798863595,48.1485001047331,0.038530707091430624,47.32575360484482,0.418328908833009,0.6968530826863745,0.2587244687913442,-0.0412
2026-06-21,101990.75,104084.72,99998.4,101145.4,1764449.14,-0.008323037332203973,46.14780341529177,-235.64755139030967,50.46818976496738,0.03889933981885381,47.18582640992567,0.1187373481311488,0.604302497746703,0.3610764937504284,0.0674
2026-06-22,101145.4,102422.53,99362.93,101631.17,8498256.53,0.004791193866815928,45.94653263011736,-219.06554372337132,45.500727278773745,0.038056947911322504,45.903517114802135,1.1437952661669464,0.632264566760503,1.6453555774218682,0.1016
2026-06-23,101631.17,102485.22,96250.27,96822.17,5473948.51,-0.04847428244709386,41.68185113325318,-522.7254593855052,30.77650945135808,0.04223883552997512,43.32372439490949,0.30866695855376713,0.12112713110670777,1.0754032958049025,0.1112
2026-06-24,96822.17,97509.29,96022.32,96148.44,8518431.84,-0.006982749730848841,43.600319577389754,-746.093786206296,17.413858400625713,0.040938410292604595,42.130990475856706,-1.4141736370122857,0.05310788474937661,1.650609957504424,0.0887
2026-06-25,96148.44,99376.2,95180.78,98462.37,6292542.09,0.023781197474782835,46.50393255055147,-715.061583717828,11.190301748699133,0.04069054865470382,42.00800048578121,-0.19154776235823398,0.29122199447579905,1.2664112865414947,0.0933
2026-06-26,98462.37,102064.31,97915.84,100489.2,6314700.42,0.02037581430907039,42.3694546046171,-542.8950986389723,26.519633656277943,0.03658756363867593,38.66520402840596,1.0203093154892193,0.5062275125708138,1.260762122476468,0.1567
2026-06-27,100489.2,101027.44,97178.84,97997.48,13737225.27,-0.02510849498379536,47.955770873799075,-578.4195681944641,36.476386365556856,0.035391347380999014,35.321234170442985,-1.4925206614655915,0.263533374782224,2.4890443322226874,0.1466
2026-06-28,97997.48,101050.5,97921.82,99437.79,6030557.36,0.014590458444290112,49.727360395873156,-490.0071492176926,43.012599107369304,0.03515815552330692,32.83550959245251,-0.2684467514596271,0.4401205235795271,1.0671778035596455,0.095
2026-06-29,99437.79,100368.94,97383.16,100059.43,3058677.46,0.006232086963252725,49.074078077746584,-379.6769960890863,43.842194860753615,0.03496736889266359,29.544923905228067,0.4022811506879989,0.5240603506879239,0.5510593575540654,0.0092
2026-06-30,100059.43,103010.33,99402.66,102384.16,672355.67,0.02296770367827959,57.13947255270729,-151.84033500402393,59.932881499356476,0.03463492650760148,27.709635826617763,0.527885645947091,0.777814723623468,0.12421855371463753,0.0344
2026-07-01,102384.16,102769.65,100908.39,101665.04,16007071.14,-0.007048525328761674,58.0034892635757,-56.20176664131543,68.10260936093474,0.03535144150128068,26.478880770110106,-2.2709317189106772,0.685724190784648,2.5911448149002814,0.0451
2026-07-02,101665.04,101976.76,101025.42,101174.28,1685149.75,-0.004838913457198325,53.98898430178684,-33.73443657911821,72.19196668789874,0.033833655295450335,24.713228039191737,-2.1294201588816994,0.6725170026278519,0.2752705138904865,0.0105
2026-07-03,101174.28,102514.69,100636.0,102265.35,4625051.61,0.010726331550980508,47.88981922796943,42.718387072838595,72.29163204611298,0.030439328388630813,21.48196006095048,-1.2903276664918277,0.7851415520285789,0.7851875044513414,0.0613
2026-07-04,102265.35,104680.75,100928.73,103849.63,1351112.03,0.015373081579685522,54.240486462070244,180.37863501225797,78.92397088420472,0.031106631221091793,19.177629483584298,-0.9921234359715706,0.9221484998772517,0.2346644340858884,0.0371
2026-07-05,103849.63,105913.98,102750.62,103334.43,1033346.89,-0.004973365826776725,55.06999461241314,214.79110481246948,82.26155130554969,0.030623737205219225,19.499142174672304,-1.0354607513235006,0.8287839151596111,0.1852043934665963,0.0285
2026-07-06,103334.43,105008.32,101194.33,103938.38,1097185.63,0.00582760188589178,55.314616467603884,253.61789507196795,82.9371759588448,0.03096422542444011,20.08591654392513,-0.8540885890047731,0.8515900449543891,0.21719730958690256,0.0263
2026-07-07,103938.38,104452.66,103060.11,103314.29,2465642.56,-0.006022522038929839,68.52630161074285,214.22744101296848,77.77972397165392,0.02780337274045474,23.502058414160224,-1.177653088693902,0.7593504594198307,0.48502129171948377,0.0074
2026-07-08,103314.29,104468.73,100212.59,100735.83,6812124.23,-0.02527415573090948,61.807291121957455,2.665250919229493,69.70943738425044,0.030478565287328917,24.503259113315938,-1.84064467126103,0.47078252821946287,1.3974118423850381,0.0188
2026-07-09,100735.83,101950.08,98888.43,99286.78,1422839.98,-0.014489115509222349,52.22078732974247,-233.65017515928957,50.55549246867931,0.030107734383164605,23.457257089668918,-1.7531656171427763,0.33029147377058476,0.2900221304037096,0.0755
2026-07-10,99286.78,99599.5,94590.88,96328.01,5279129.67,-0.03025329186293333,39.32653265349595,-568.9066722824718,30.409654222032596,0.03167032398690651,24.071157874264404,-2.009858647843385,0.06855884063662773,1.0337067009611205,0.0146
2026-07-11,96328.01,97836.32,93420.18,94242.56,10907026.72,-0.021887254181656705,40.16360976725257,-891.572920815734,15.351833445648687,0.03280129335559783,25.12126393474436,-2.479763260327778,-0.02995619091326876,1.960243333181126,0.0383
2026-07-12,94242.56,96845.74,90845.96,91858.31,2984893.2,-0.025624603053327963,31.08045501859884,-1206.4697904331774,9.547436201504047,0.03588522833232041,26.426690601625747,-2.2846986491764203,-0.08707709801041186,0.5644173359874759,0.045
2026-07-13,91858.31,93634.16,91435.93,93307.02,2050240.02,0.015648065013477055,33.813295591992656,-1252.629208213621,9.877946819857524,0.03472517777486101,28.217949795793057,-1.827919950046327,0.0662857793089042,0.40065150995398496,0.0504
2026-07-14,93307.02,96076.34,92572.74,93772.69,1645289.93,0.004978316053077616,27.336841268445156,-1187.8097654303306,14.158330026098872,0.03447346221713318,29.130602602049944,-1.5004178919154643,0.12331355359828391,0.3446638060582051,0.0915
2026-07-15,93772.69,95145.51,93688.98,95026.93,9348986.77,0.013286662880219876,33.00878726501189,-1003.7969112819202,21.16792164242248,0.03371423237601873,29.638620859087688,-0.7481734815680297,0.22777145594736586,1.8977202906098793,0.0894
2026-07-16,95026.93,99933.54,94928.68,99161.97,2610460.3,0.042594248737775245,45.659051618419866,-568.5884117972871,34.12018743446885,0.03522819426496663,28.694355298708178,-0.48289980148333683,0.5003222063383558,0.5505885048088597,0.1089
2026-07-17,99161.97,100691.89,98310.93,100196.53,1331302.39,0.010378983461130628,45.52624112711451,-195.31915928446517,48.330946379563024,0.035222512909660865,28.980556522614272,-0.3256535166514881,0.5605372247388473,0.3230593387920655,0.1393
2026-07-18,100196.53,101031.55,97172.29,99070.61,2613784.75,-0.01130072908405896,39.456506007691544,-17.871232277654144,57.27633756787073,0.0357001291445386,29.40711728179687,-0.460305231327016,0.48840777156861576,0.6617036644517427,0.1071
2026-07-19,99070.61,103394.86,98877.73,100198.19,1303035.15,0.0113172963868307,43.26285651901696,171.39140560544445,60.89167648160708,0.03626344376650985,28.125205752339184,-0.27102946423949853,0.561362175368334,0.3373727237913718,0.1167
2026-07-20,100198.19,101190.93,97513.02,97823.02,1408641.64,-0.023990196948606598,37.792211110438515,134.20985753768684,57.278486839766565,0.037044567102621245,27.314693424843334,-0.3143444948549293,0.42033624274978165,0.3612720785631211,0.0983
2026-07-21,97823.02,99883.95,94055.7,95169.08,1159107.7,-0.027504828541063543,34.95906644819334,-61.049742697505906,49.66216449880758,0.0414068008523013,25.20541890504875,-0.37628368819888425,0.268753016645985,0.36718765081429194,0.0868
2026-07-22,95169.08,97493.07,94280.4,96819.31,3917602.71,0.01719135873373848,42.51102736722408,-70.33255386819405,43.51708797915578,0.03993122416827981,24.265624328780834,0.07309609520032248,0.3903008524856127,1.1986520611262867,0.0663
2026-07-23,96819.31,96985.41,92395.51,94261.36,2386740.53,-0.026775108290542363,40.78157628637315,-230.95801072881818,35.517276581737924,0.04217289338615385,24.770418493318406,-0.1136428359212665,0.24834900519233266,0.7561531803274709,0.0866
2026-07-24,94261.36,94744.13,91024.38,92483.98,3476939.08,-0.01903590923867052,42.629205528667526,-427.6813001733839,29.290136984094755,0.04198794367258769,23.69499408434023,-0.4283537680246301,0.16362068731049992,1.0656579021871422,0.0863
2026-07-25,92483.98,93134.7,89706.28,90218.6,8620663.19,-0.02479982609394725,42.337071650390016,-666.8856995967343,14.670835434233291,0.04226025137039694,22.53482683931557,-1.3524497743395616,0.0647942220530587,2.3669603390697525,0.1017
2026-07-26,90218.6,90512.91,89789.07,89894.77,450704.12,-0.003595850201797879,45.94236142081901,-794.7517932829546,6.0575884612464,0.038220330917387926,19.953828319576303,-1.3387415972025012,0.08083165010574225,0.1248571658991321,0.0958
2026-07-27,89894.77,93171.33,88834.24,93047.13,2168395.83,0.034466374945663715,49.498267324075805,-622.4765171098322,11.351040368668107,0.03856737517243344,18.180366603031185,-0.9920307516948303,0.30841678593497224,0.6031874620647759,0.0108
2026-07-28,93047.13,95778.25,92657.68,95063.72,1926258.95,0.021441264619095863,52.35158835055194,-342.1728377995362,24.36450251780577,0.03746144465747725,16.355741506512512,-0.6261035806300544,0.4765293661553705,0.5748993388056031,0.0118
2026-07-29,95063.72,95668.14,93263.83,94920.84,7997747.6,-0.0015041225132975515,49.798605175899304,-145.88547968264106,37.839437240054906,0.038231044490782816,14.531116409985401,-1.6829997659655163,0.4816814709472789,2.17368638673811,0.0144
2026-07-30,94920.84,96276.79,94229.82,95449.54,1976055.0,0.005554449797107542,41.83452128141565,30.64353749933116,43.33922593952499,0.035805777586771434,14.348455207158617,-1.2359701514742407,0.5289606127391973,0.562306783367621,0.0258
2026-07-31,95449.54,96731.83,92186.68,92454.53,17777469.3,-0.03188077479116872,34.3234416988835,-39.41031640653932,37.3660599617067,0.03863769574081026,15.161508586619783,-2.8398607757135617,0.292312905339069,4.60828887454715,-0.0052
2026-08-01,92454.53,93690.11,91852.15,91872.5,2501289.4,-0.006315209813442499,35.09648213593202,-106.2646275042157,30.387556756948698,0.03731096278615534,14.740383548869477,-2.4884140210091137,0.244887675196871,0.6524758301469394,-0.0647
2026-08-02,91872.5,93692.47,90409.92,92517.32,4179083.19,0.006994123955370604,33.77253787754775,-89.0720142600203,25.17873872161447,0.03609775059261101,16.198928366985907,-1.8246580798520793,0.30231589710299955,1.060686968555365,-0.0302
2026-08-03,92517.32,93580.8,92455.21,93027.13,3267426.45,0.005495300807437452,39.000711437941796,-28.514691947646497,29.539449179093946,0.03394019111874389,17.3637770187167,-1.3953750760117396,0.34735312858194434,0.8125733954245128,-0.0424
2026-08-04,93027.13,98307.3,93015.68,96519.95,1884257.6,0.03685855168811259,52.983397813874696,246.48199508839184,49.6281167830798,0.032314851563252325,16.23471207569171,-1.1211940669513387,0.6202273704092385,0.5165394703848308,-0.0317
2026-08-05,96519.95,98283.24,96388.67,97491.51,707383.15,0.010015574559964326,51.53043196306863,480.0066354055609,70.15543408873147,0.031027090021916254,15.68049799529737,-0.9640213706637921,0.7105473018438658,0.19911173690819187,-0.0442
2026-08-06,97491.51,102975.08,96081.74,99649.49,4960335.77,0.021893631443703675,62.49499678779893,749.916173248902,83.00099118842145,0.032006278062376096,17.051137922598844,-0.502581778933719,0.896024542715223,1.328372189056167,-0.0423
2026-08-07,99649.49,102182.14,98665.15,99191.46,9063106.49,-0.004607006857708696,66.56838818636095,859.825098616002,80.37133468916285,0.032008062272408426,19.80171701671815,-1.1201648286705739,0.85628450938355,2.2341565256013327,-0.0626
2026-08-08,99191.46,99297.83,96953.52,97596.28,1697363.68,-0.0162125439367414,68.84792249945639,789.1571605915932,70.56278127744142,0.03173778754681719,22.310365592616375,-1.1430051853835006,0.7504259072946968,0.4163952074197961,-0.1079
2026-08-09,97596.28,98677.93,93430.43,94727.19,992321.06,-0.029838301744539743,60.924742481142005,525.915064120011,58.95974590849934,0.03611010282716305,24.077816566488536,-1.1142172142679474,0.5099451779947995,0.2446845004700682,-0.0788
2026-08-10,94727.19,97658.92,92987.69,97439.23,6400941.4,0.02822782543749006,60.130998766019914,510.7468128490034,53.19292789074623,0.03534998905764508,24.339145639768894,-0.5069700366554094,0.7420737027058661,1.4825215713235007,-0.105
2026-08-11,97439.23,98020.11,95283.59,95899.62,11965032.53,-0.015926882210867847,51.97150318179828,379.367120886364,47.10199383997931,0.03563146101546822,23.86372409563208,-1.4507868968281754,0.6096293135848129,2.534977561312515,-0.0916
2026-08-12,95899.62,96648.29,91852.07,92768.6,3285091.82,-0.033193798954816785,45.55096185224818,79.61076705262286,39.46810068471914,0.03867574034440424,23.84662941914154,-1.6302882185542604,0.3353736633514199,0.6894365994394893,-0.0665
2026-08-13,92768.6,95679.42,91892.9,95062.79,3399965.3,0.024429400173619057,49.254908548548535,36.075685826442566,33.16379045973166,0.03904943098285321,24.274338475891046,-1.2252566119902704,0.5292386686980806,0.7141217089354776,-0.0925
2026-08-14,95062.79,97029.68,94547.36,96714.08,3184164.25,0.017221376184232872,58.654290400881806,114.30671548222267,35.324420858918394,0.036859192137716545,22.864009269654815,-0.8142850468182684,0.6603618320614932,0.70929125820366,-0.1481
2026-08-15,96714.08,99569.53,96529.42,98856.22,6022027.29,0.02190747443498653,63.343202297902074,295.82175675048694,51.47389023825817,0.03692909474270152,22.521309822714723,-0.1043150341358663,0.8486831484792333,1.2630658210800472,-0.0194
2026-08-16,98856.22,99005.2,97691.44,97866.72,4897370.93,-0.010059918227436463,60.08777917964098,332.0297108107798,57.15522751703876,0.03586554098413126,21.204274756353097,-0.5807397316808447,0.7220748680677503,0.9986004690601892,-0.0448
2026-08-17,97866.72,100169.54,95893.51,96982.78,1778924.4,-0.009073116060608772,57.35568399565649,281.2437466115131,55.80697680855306,0.03851275747832657,19.598506568428625,-0.7627784144067191,0.6185869890306409,0.36327800985765163,-0.0114
2026-08-18,96982.78,97737.36,96824.48,97284.68,8467231.18,0.003108088642687464,51.61352667574952,253.63049103580826,49.68070693090294,0.035178274142000476,19.475411313009026,0.607003303705504,0.6372475048694151,1.7208623229140962,0.0862
2026-08-19,97284.68,98476.0,96905.56,97171.92,3602659.44,-0.001159744772238006,49.30033141129051,214.94826510953112,47.598536726976185,0.034980836027523686,19.070707276801674,0.17875934400833968,0.6159619057845612,0.7202909893436892,0.1213
2026-08-20,97171.92,97182.33,96329.27,96989.87,1792400.29,-0.0018752407808833556,43.62590915641434,166.4441727098425,48.80165659983428,0.030598107086555755,19.008567798374266,-0.1869462228526795,0.5783367272006495,0.4265163429460686,0.1003
2026-08-21,96989.87,97986.16,93675.09,93866.09,3550127.46,-0.032737347929190294,38.683145411991326,-73.78710676154839,40.592706077518095,0.0322206499553897,18.87440482112202,-0.891723287868182,0.19972044001300618,0.8343698474899329,0.0919
2026-08-22,93866.09,95569.41,87685.82,88797.66,4669711.64,-0.055508893831427215,33.70730923248948,-545.5307962844727,27.619002073243077,0.03851553391963144,19.6234636950583,-1.6035021587231355,-0.22045896502564116,1.0912091072250962,0.0457
2026-08-23,88797.66,90786.64,85770.86,86764.62,3956974.75,-0.023161363412864414,34.784330166532186,-942.6975219529631,13.340799256175872,0.039227254808958584,21.665891419317983,-1.9605366309836976,-0.19882878573937762,0.9172680653132246,0.0875
2026-08-24,86764.62,87223.97,86603.41,86821.27,5786869.07,0.0006527028436607176,27.418493170914942,-1136.7929831831425,7.7010819918454985,0.03586913996666861,24.458198816340378,-0.9074648405965311,-0.059368408623576216,1.2834040692119317,0.1114
2026-08-25,86821.27,87401.99,84956.04,85776.85,1937688.6,-0.012102481162479738,28.00842576881358,-1261.1092391437967,6.530733439746659,0.036063918011840314,28.36039398949405,-1.1174855029284916,-0.018581511219305843,0.4239540717395905,0.0801
2026-08-26,85776.85,90030.16,84626.34,88285.97,16993443.63,0.028832048270425646,39.991095514863694,-1105.5194333942234,12.078450259515748,0.035530552427683944,29.977465541589833,1.8707590036707769,0.1639327364166707,3.2855534778123197,0.024
2026-08-27,88285.97,90632.2,88001.95,89547.77,3782229.39,0.014191021069117557,37.0908045662483,-859.7275515843442,20.20102728343255,0.03410758940650595,31.126315283926356,2.153569315299153,0.26002654734041597,0.7706054596432016,-0.0433
2026-08-28,89547.77,90398.53,89000.57,89868.57,7666262.6,0.0035760437635520563,32.91213874136834,-628.3765012581318,29.644882220716326,0.0331239752197454,33.78092727974889,2.561321087713847,0.2996081129423451,1.4724203984223043,0.0082
2026-08-29,89868.57,91884.51,88604.73,88762.65,3836331.12,-0.012382316261367229,23.429736902477657,-507.8222288561201,30.667151337328278,0.03372954245314031,36.11460935338723,1.7941604825717814,0.25922372882472317,0.7172358189393557,0.0138
2026-08-30,88762.65,90436.86,86560.65,87094.6,1326655.38,-0.01897106917688334,22.621597689221147,-497.7492783129078,25.40617976562614,0.0364770687767709,38.29790929953522,1.5088501782640773,0.1994497952394953,0.2603808172683458,0.0239
2026-08-31,87094.6,87748.1,82176.89,83103.78,5357151.23,-0.04690469604122667,19.53625929220982,-704.5512043403187,16.05948425737758,0.03934199589270404,41.478399885638204,0.8472675986995107,0.05336313220788967,1.1243502674963055,-0.0184
2026-09-01,83103.78,86187.77,82357.72,84824.5,2751589.68,0.020494227972763606,24.254081681428204,-670.3422484393732,12.603548087829962,0.04100039324891333,44.755197802626576,1.0332821149035716,0.17652125807444186,0.5807505565797926,-0.0907
2026-09-02,84824.5,84952.78,81128.39,81925.28,5697061.68,-0.034776803825083975,21.749598477846277,-780.171563095686,8.88592766222064,0.04441650105698563,48.794705129990334,0.36366333929635275,0.09548558142589224,1.1739635627277687,-0.038
2026-09-03,81925.28,84876.94,81574.58,82920.36,3605578.33,0.012073016752978909,24.693168716161267,-724.2205440837392,10.533655268025417,0.04599333970226163,50.380933217296096,0.6867664269552789,0.17707341530524218,0.73977054801599,-0.034
2026-09-04,82920.36,83157.11,80355.36,81534.53,1535049.25,-0.016854017591195123,26.339970606038904,-717.5881373439656,7.702535318947528,0.04545283715114641,51.19673191656967,0.48834723815171976,0.14932079407792875,0.3301489675055925,0.013
2026-09-05,81534.53,82043.6,78372.49,79637.67,13414686.97,-0.023539389387903977,29.98982450863832,-773.1925752595207,9.247945034121956,0.04275720630342224,50.721969254151944,-0.9318525954206454,0.10612324145310294,2.6430634492296616,-0.0069
2026-09-06,79637.67,79943.11,78728.53,79248.28,3666414.51,-0.0049015130612292054,32.310065390275454,-766.9255092044659,7.865154135259981,0.039541173638085354,50.080481167633835,-1.257035457363349,0.12666693361418033,0.7091977232313088,-0.0184
2026-09-07,79248.28,81769.49,79091.14,81029.29,2907181.41,0.02222498519556661,37.39176735269584,-581.9492771508781,11.835807426761347,0.04048603906068532,48.512190594460144,-0.880863370876277,0.22777159767528227,0.5942964626608391,0.0182
2026-09-08,81029.29,83821.45,80931.94,82903.21,2500210.51,0.022863088495221357,43.96257081290892,-287.40268250010877,19.891696430274745,0.0399530712639771,45.121556138300015,-0.5976129243656471,0.3340472592177217,0.5169269121978188,0.0539
2026-09-09,82903.21,83306.71,78795.87,80519.36,5195279.8,-0.02917613033843713,33.59624589232064,-210.6860121347845,23.02737365198564,0.040343757966135964,45.37398520868265,-1.0478892907324961,0.21022115263739155,1.0376396129537404,0.0911
2026-09-10,80519.36,84073.07,80162.76,82958.8,5802566.25,0.029846446610156025,36.74300055792148,33.76876288063431,27.78735772542194,0.040259579798297807,45.798210386594164,-0.4890808682850523,0.380356574136446,1.1334361871548992,0.0718
2026-09-11,82958.8,84492.63,81746.05,82021.04,732497.11,-0.011368299296629811,34.59327379930701,154.941828928635,25.611097871851168,0.041894328925492934,45.41975186397083,-0.599225637308938,0.3322508925253095,0.1488033120296909,0.0989
2026-09-12,82021.04,83211.37,81875.3,81889.52,2333160.05,-0.001604777974346628,35.969464514213996,243.5914253149258,30.03230188318585,0.04026620256169043,45.30329347459877,-0.9059743467644147,0.3399708708778954,0.4819189286744061,0.1494
2026-09-13,81889.52,82905.68,80737.37,82155.07,3816824.73,0.003237537208024814,39.30419553593884,331.99366831280213,32.16645174088511,0.038651140372185894,44.615118431375286,-0.5426891783995006,0.3756388918436912,0.8047460991152029,0.1367
2026-09-14,82155.07,83583.64,81637.54,82528.72,3278400.08,0.004537795021236989,48.52350337341489,421.74869207631446,40.89264035680858,0.03533861562720666,41.674450597762394,-0.2569648182004846,0.4155834473760347,0.6815901636718754,0.1042
2026-09-15,82528.72,85240.36,81699.11,85023.01,3293680.81,0.02977557176581688,50.49021181481502,642.0195459752313,63.45365945460103,0.03405927575202059,37.83594268474612,0.13255341895247189,0.6241023031749618,0.7984795840007027,0.1661
2026-09-16,85023.01,85862.53,85009.64,85848.89,1523390.65,0.009666731993207204,60.794551345600766,824.610910647004,83.27799165492563,0.031259252657277595,34.1326402367027,0.34550301462598176,0.7255334008247654,0.37970866868003916,0.1251
2026-09-17,85848.89,86355.49,84677.59,85793.5,1202396.47,-0.0006454116832415332,58.33550922123115,915.8937127305844,96.53777339304588,0.029926967494203975,30.701997472979972,0.3264755545258035,0.775067008962663,0.3259582363086603,0.1503
2026-09-18,85793.5,88196.03,85745.67,87873.1,3995993.67,0.023950482227047813,67.6777418250181,1079.3234484383147,96.49691633674014,0.02893308646217913,28.80261594728814,0.9462663003610299,1.012115483745983,1.0809365337743695,0.1399
2026-09-19,87873.1,88225.06,83269.9,84842.72,1929054.78,-0.035094538744005,63.653213287168434,950.8392454040129,84.6854230473793,0.03104754134641781,27.22264527972496,0.7883092265913842,0.7171113883382079,0.5176018763370728,0.0408
2026-09-20,84842.72,84926.4,83272.5,83826.52,4825346.97,-0.012049764328350332,61.62672106024511,772.4975022450774,71.48266079070847,0.03179826452467001,26.034107344422154,0.1317542585728623,0.5973276850883407,1.3040356877709878,0.0952
2026-09-21,83826.52,86300.86,83507.95,85299.83,2728934.76,0.017423036326543823,61.01748436806117,729.3690218921599,62.237386281653244,0.0313449711949649,25.692917567423546,0.6465600392734482,0.7583788025632044,0.7377123436041771,-0.0475
2026-09-22,85299.83,86165.23,82724.13,83826.05,1481998.57,-0.017428643159770364,52.43100850303254,583.5116829589053,58.55854709323726,0.03236607236055711,25.515431045302968,0.43405836599240005,0.5832390595874154,0.4248322596936486,-0.1443
2026-09-23,83826.05,86254.57,82477.65,82869.73,12510769.03,-0.011473961629351465,56.69503967067085,412.6051155422663,51.966472429436266,0.03210698457514974,24.700812317770453,-1.4953322280279104,0.4762545587472076,3.180414126386846,-0.1107
2026-09-24,82869.73,83505.03,80297.75,81063.19,2638394.15,-0.02204088274943178,44.398371883603076,179.75791701932167,32.1927610221484,0.032203034623796485,22.27088884312841,-1.7157612455251232,0.2782300417100465,0.6614408049188456,-0.0788
2026-09-25,81063.19,82110.73,78519.03,79605.74,6986129.2,-0.018142773187831338,43.075345787980524,-57.837830575344924,18.142541582923993,0.03355092771665829,20.822157392868,-2.3192035268338715,0.1168048957971613,1.9049107851485516,-0.1068
2026-09-26,79605.74,80233.14,78764.35,79793.36,4370537.52,0.0023540921704733875,44.00958849893566,-180.83836670443543,11.327077013690483,0.03359084551109382,18.59189530153103,-1.5976377435902538,0.12704412036803164,1.1803849891832447,-0.094
2026-09-27,79793.36,80825.47,76373.69,78037.75,4477771.78,-0.022247609002984,39.15696918019246,-349.16518465528134,12.788857910589277,0.03643661469700324,17.046151800890538,-1.8904270264403373,-0.0014564534536759203,1.1842301501488235,-0.2159
2026-09-28,78037.75,79220.14,77088.29,77626.54,5154761.76,-0.005283304944492376,37.11551663749954,-450.48538267097615,12.580563218725223,0.03680054895804861,17.7475884331667,-2.0734472908432484,0.035470156590424295,1.3170416020372693,-0.1698
2026-09-29,77626.54,78457.26,76384.64,77231.33,1760266.08,-0.005104175306304746,26.98106295584644,-502.4479273095867,10.616353496112852,0.03563058078705607,20.59086940093876,-1.939618105060396,0.05173168569485128,0.47038975818106893,-0.1488
2026-09-30,77231.33,78344.75,76639.37,77401.52,1858714.26,0.002201214925795362,24.038144154159696,-483.52240099048436,8.826883867989805,0.03633894122123083,23.259651740054398,-1.5565264538377273,0.11713611115266605,0.5243271899369671,-0.1436
2026-10-01,77401.52,77476.14,73846.54,74879.13,3643273.31,-0.03313120513365101,20.87296999687112,-591.8898323716066,7.696925398365721,0.03942482275863828,26.659084128125777,-1.6317270564537525,0.00831563304734032,0.9872058663276672,-0.1354
2026-10-02,74879.13,77836.43,74815.95,77158.5,3328393.49,0.029986534212053058,21.707758621439652,-466.57508167506376,12.96274195813785,0.038787940223227485,29.82686623510625,-1.2393281223643073,0.19821887633740032,0.8898849176043115,-0.104
2026-10-03,77158.5,78799.9,76073.32,76498.64,1322646.35,-0.008588784827464063,24.814217394716678,-387.8734457659748,17.17005890237138,0.037041638910177074,32.08768043670296,-1.2055205705928096,0.18714212458872426,0.3658223579188383,-0.1002
2026-10-04,76498.64,76604.69,75271.19,76521.98,3731770.15,0.00030505692868063055,26.546216976167955,-298.0294070003447,21.936908119210653,0.03673126709102297,34.50693171601373,-0.8451519672877055,0.21778404209170887,1.025715649027901,-0.1889
2026-10-05,76521.98,77634.52,73242.6,74571.91,17784881.77,-0.025814125080183076,16.577522780147646,-331.17044561147986,17.664232624482253,0.03922340577992293,38.49647955946448,-1.8419508222437868,0.14081268342449071,4.076510274764257,-0.0696
2026-10-06,74571.91,76443.1,74519.45,74840.13,3924642.19,0.003590343698213562,19.730924181605104,-297.3379501939967,14.658488828156992,0.03763455515108838,43.657898027955135,-1.4156947187380577,0.18922122582091355,0.8754824188705634,-0.0061
2026-10-07,74840.13,75627.88,72996.04,73925.38,3350585.65,-0.012298032373123173,19.786337229736432,-298.1179848882866,10.445576060750998,0.03699383853594262,47.74936858677243,-1.4705979634904598,0.16761250123471172,0.7299364001987022,-0.0701
2026-10-08,73925.38,74290.51,72386.39,73063.31,892355.64,-0.011729880500808865,21.134905927033742,-316.51020647232417,9.36058755431363,0.03615632407408524,53.40316971648825,-1.4066972127003643,0.13477770818542092,0.20120480089306983,-0.0838
2026-10-09,73063.31,75938.48,71535.35,74928.95,14575050.43,0.0252140056296969,33.6080978297573,-170.17978439089393,17.444501622440225,0.03602959870650315,56.568139577247635,-0.34114968597571177,0.27710322399573906,2.876260442058918,-0.0914
2026-10-10,74928.95,75334.59,72468.17,75273.83,2639622.26,0.00459220003887509,34.33200603732516,-24.938759267824935,27.91056002736181,0.03719075692422376,59.733109437966654,-0.058171908529554,0.3202664604515286,0.532388538681252,-0.0329
2026-10-11,75273.83,76709.05,74935.9,75914.39,5780516.25,0.008473726761190074,42.02209838425978,130.93212572508492,44.58460012757367,0.03435659563357694,60.64825049620635,0.5733930828435061,0.38534909018712804,1.1310717295767942,-0.1392
2026-10-12,75914.39,77053.3,72219.74,73461.46,7331339.32,-0.03284534304343066,36.43250455356793,87.57686595135601,41.246164830752754,0.038130732573432434,62.047026007628325,0.023096541637304138,0.18399238350230052,1.3568712009174486,-0.1572
2026-10-13,73461.46,74189.7,73372.6,73957.94,9731570.37,0.0067356382817732536,39.40701907638677,109.6481230961972,38.9483806502531,0.03666217968907623,62.01187105900146,1.2282118993160627,0.23726664317916477,1.848646002963367,-0.2374
2026-10-14,73957.94,75069.66,73826.63,75036.74,20582984.55,0.014481307019902285,42.77239451873495,208.4828334950048,36.02007924321629,0.03569497136621244,60.96900960789799,2.860649697794728,0.3765897906867736,3.3406394483218476,-0.2398
2026-10-15,75036.74,77960.48,74609.33,77357.31,12036506.69,0.030457217790746116,57.66880354261393,429.0219962520564,53.89615782571456,0.03436708179226572,56.79608448874681,2.8575832803333503,0.7107059666009561,1.8766255911296552,-0.2514
2026-10-16,77357.31,78497.39,76012.12,76396.05,1341835.11,-0.012504084782995766,47.430999707762346,503.865573046362,65.08340732268569,0.03429909942052462,51.57029362420679,2.2624068673579703,0.614738349497689,0.21426596431609266,-0.2349
2026-10-17,76396.05,76838.48,75717.62,76074.82,2636868.77,-0.004213663571085521,48.53863235084995,523.163362993798,70.75169178085469,0.03293627810846084,47.567784802722656,1.8111775518416817,0.5832262653927619,0.42733960247906316,-0.2534
2026-10-18,76074.82,81765.04,74022.31,81283.27,1666641.44,0.06622288462599103,62.09314174408537,858.3333719391126,75.80116291233854,0.036457976794341644,44.9753389456301,1.6554441945034777,1.2417216656577843,0.2779578035802406,-0.2782
2026-10-19,81283.27,83288.31,80884.54,82960.01,2431410.32,0.020418470141156553,71.60480471889751,1146.5740057203022,85.9000976990972,0.03400931192200335,42.35044281535678,1.5598099414397393,1.2061902511163098,0.4032470175782122,-0.2333
2026-10-20,82960.01,83041.79,81403.66,82237.69,4277418.92,-0.008744971670319533,68.61800763843752,1234.5744873582926,94.51931312029352,0.03406003465598595,39.79476771904409,1.21984616978923,1.03049265800306,0.6954569607014087,-0.1989
2026-10-21,82237.69,84139.42,81952.19,83252.3,4356059.66,0.012262043315580581,73.3563752152216,1300.488160097358,93.74303493996054,0.0332634739735164,38.21703922275704,1.270538204460474,1.0145871348232194,0.7041627123131321,-0.1614
2026-10-22,83252.3,84118.88,80748.46,81930.34,3784149.25,-0.016006382077385046,71.70479618758452,1197.0244309439772,88.83190804855326,0.03507853657840399,36.41887597382011,0.9992121985480588,0.8673816208449256,0.6094675695403038,-0.1622
2026-10-23,81930.34,83012.7,80770.49,82899.76,1909718.01,0.011762793053616471,70.40636019736314,1136.3242250251733,88.34493587515185,0.032806427907628076,36.03879738579874,0.9793718446461299,0.887145393168908,0.3061281328557914,-0.1827
2026-10-24,82899.76,86659.22,82206.9,85210.96,3780719.85,0.027497896976924327,73.11333503545758,1188.6487242929477,87.34776882413847,0.03324599994447003,36.255454355555976,1.0326528982007424,0.9651599943780272,0.6058123771030651,-0.1795
2026-10-25,85210.96,86282.95,83886.44,86008.99,720886.67,0.009321761614137876,73.30885748544092,1209.7958371649531,91.68896200463655,0.0334552153875304,38.05003882114387,0.9723417082395379,0.9431489341426449,0.13380617605500425,-0.1455
2026-10-26,86008.99,87438.23,84611.12,86960.53,8525568.92,0.011002511876752252,83.49211342790396,1217.332281792963,94.02359185734616,0.031441062152807855,40.87100130781835,1.2320744954110725,0.9308357173835711,1.517655846522623,-0.247
2026-10-27,86960.53,90427.16,86000.48,89667.82,13914165.54,0.030657615753949673,85.12405526471727,1325.2160671039753,95.84214894577713,0.03336713852782678,44.04854034637037,1.7002105232741322,0.9892307423853549,2.2640233692133016,-0.215
2026-10-28,89667.82,90279.72,88024.81,89922.1,4190923.66,0.002831786660664765,84.55459656659175,1330.7743722065707,96.31695438982528,0.034076558646710574,47.74802167099498,1.7699035416974378,0.9401153266541452,0.6640982967576172,-0.1888
2026-10-29,89922.1,91215.76,87734.96,88225.7,3196683.64,-0.019045436176350607,75.98262086048265,1144.3847287123026,91.65213087933263,0.03483674743947715,53.524287921993384,1.485129950548814,0.8237901487359206,0.5567409306243181,-0.1762
2026-10-30,88225.7,89350.44,86772.95,86988.88,1740742.06,-0.01411800939539764,74.99453759195845,874.177720448849,84.98211273306867,0.035407785126423244,58.516717784038,1.3023801346631425,0.7416212810513668,0.3055629876056885,-0.1749
2026-10-31,86988.88,91388.09,86617.94,91029.55,963214.03,0.045403884686277214,80.01784844672332,900.4049643975586,85.32014223584922,0.036699589779986545,63.84798564706296,1.255118978591033,0.8807824289085775,0.1765431206828264,-0.2944
2026-11-01,91029.55,91963.25,89273.64,91552.26,1655390.83,0.005725777700046024,75.38814051972165,884.4963856297304,89.89546830260296,0.03254764000364025,67.20306800554604,1.331201514581439,0.8692242113482566,0.3200571321502358,-0.3017
2026-11-02,91552.26,95664.18,90826.25,94674.73,1273324.52,0.03353716514237953,77.03016005694656,1006.9065069849412,95.87901510064644,0.033310668764814394,69.39582116494452,1.3904565930904946,0.9584988482276113,0.26811005361583573,-0.1971
2026-11-03,94674.73,96342.18,92730.63,95259.1,5621503.32,0.0061534255789235486,80.23766740907814,1045.324612922916,94.25202129833671,0.03458606204401254,71.6489491080628,1.6025713856156882,0.9369136389678612,1.4049590627679973,-0.1866
2026-11-04,95259.1,98235.98,95185.55,97192.47,2021471.54,0.020092691828618916,81.04641627563595,1112.791732446669,93.48453611677387,0.03453245180119343,72.88055701938656,1.533820334268724,0.959707115033794,0.5774915556968865,-0.1927
2026-11-05,97192.47,98187.91,96036.1,97084.41,1002761.72,-0.0011124330506414185,85.67908373353046,1062.113902123342,93.49793717060345,0.03367431201657789,75.29411445026267,1.3136647144705564,0.9141688838772414,0.287861963814479,-0.1822
2026-11-06,97084.41,99815.01,96485.06,99608.59,6223759.79,0.02566759957252673,86.6560135203631,1105.6043566715107,95.42237578742883,0.03360098188892234,78.06517846597147,1.5256216747763591,0.9772921632087135,1.6991689821159393,-0.1553
2026-11-07,99608.59,100069.49,98702.91,99860.15,925618.37,0.0025223013226914467,85.33032667228062,1058.2846312273887,96.98024046893092,0.031309150132170976,80.1022264029219,1.4192447599803562,0.9298905734640798,0.2552884527391473,-0.1146
2026-11-08,99860.15,100163.24,94704.11,96064.73,2181759.53,-0.03874847209155586,71.18858921941685,695.8465685892015,90.39357965898996,0.03482334255246072,79.75004704836229,1.1628664125731585,0.7450489750135748,0.6038148965354642,-0.1204
2026-11-09,96064.73,99254.55,95965.93,98038.2,5653423.69,0.0203349635555231,72.37816385270888,521.4691467344419,85.78287321759781,0.03445860899118562,77.32293682162302,1.3794006202472027,0.7990680785361814,1.53538350939134,-0.0931
2026-11-10,98038.2,103774.6,97440.24,101229.31,616944.72,0.03203114078796663,72.90774796283213,550.6240502844939,81.26887181762683,0.034718431422109945,74.9898088617651,1.2925667804345173,0.8897227192002638,0.17651520133784665,-0.0046
2026-11-11,101229.31,103206.95,99730.87,102703.28,5233159.75,0.014455714680873012,74.15683787040346,594.9818772633598,87.97188704623888,0.03506946697042133,72.70063765237948,1.5092651488497706,0.9102510852683895,1.4668625427396964,0.0459
2026-11-12,102703.28,103878.39,102485.49,102811.07,2097644.08,0.0010489779412867716,79.32797312909551,558.0007915246069,90.91215495971171,0.03358211884603705,70.48191779574238,1.5473504874343789,0.880192746756918,0.5864282545730838,0.1607
2026-11-13,102811.07,109760.57,100490.8,107947.64,2686801.64,0.04875326270033121,86.4300980468384,791.6298554909508,93.24610657667726,0.036412408566117854,70.14715767908449,1.6286197879499698,1.0170871649545377,0.7628002301110329,0.1198
2026-11-14,107947.64,109067.21,106019.35,108099.31,3840509.69,0.0014040468973636204,84.30870307613692,862.695940180256,92.62459381413294,0.03522328548759936,69.2579891322745,1.8259530317330983,0.9600093460914743,1.0441080186795424,0.1976
2026-11-15,108099.31,108132.63,103009.04,103095.58,5450214.11,-0.047393822541171214,69.65975582555906,497.1734546377065,82.95227338963082,0.03861919755850042,67.36019195628766,1.3238331003696533,0.7427040881769328,1.5463790197512868,0.1482
2026-11-16,103095.58,104886.2,99323.98,102072.36,1346746.62,-0.009974545569501513,63.56940534824565,130.06069422126347,70.51509642008416,0.039513180369574845,63.22415276422608,1.0959467940523833,0.6813165237036207,0.4650159635598687,0.1585
2026-11-17,102072.36,103566.27,101413.78,102926.98,1487294.96,0.008337831244258508,63.927044971584245,-99.26123495861975,58.08924478163328,0.038172547178588354,58.873088690597065,1.1045366780009573,0.6955500340402926,0.5386898732225323,0.1872
2026-11-18,102926.98,108266.47,102387.13,106906.52,1020788.85,0.03793500297235176,66.42278877571229,-30.545775657257764,63.504220330171734,0.03864170305047452,55.048485035105266,1.0842840549797228,0.8368242358441194,0.3848905338570728,0.1523
2026-11-19,106906.52,108461.0,106371.69,107329.74,12516319.84,0.003950970303014127,67.13835062917553,-5.514847309596917,73.1710508312889,0.03844773791761101,50.43618252487398,1.9115543856148636,0.8416572138982081,3.922464522895047,0.1491
2026-11-20,107329.74,108594.89,104338.11,106873.47,2876166.99,-0.0042601666900409065,63.055923766924366,-65.29112697775054,81.90814219715973,0.03923132520299441,44.83596160842093,1.5269762859550549,0.7976639049706131,0.8751245338533058,0.1871
2026-11-21,106873.47,112866.58,105386.22,109812.58,2054220.73,0.02712948309658526,66.31026646896075,41.74468077285292,82.62172798413188,0.04215806994582049,40.138317521629155,1.5583580115380289,0.9158943668549834,0.6212633401773643,0.1423
2026-11-22,109812.58,109974.57,108917.88,109459.39,1587015.1,-0.0032214815733061213,74.7430865374071,37.522040161360565,81.28327873578367,0.03942125411598801,39.23955697680102,1.3247292264085981,0.8614891227396458,0.47769914918575485,0.2186
2026-11-23,109459.39,111076.44,107328.51,110646.12,11354592.31,0.010783387472075025,73.98699579957191,61.974693895909695,82.8770140278284,0.0392949548137241,38.02187614743267,2.0423772343387356,0.886048157954286,3.14630938935396,0.1384
2026-11-24,110646.12,112776.96,101538.13,102532.03,16274774.82,-0.07616176279113718,52.0874434199739,-490.5792387732463,63.04483944903769,0.0458213259937223,34.31162581167104,0.5668415388770819,0.43053477308842986,3.7659788062189397,0.2285
2026-11-25,102532.03,107705.45,100827.79,106551.64,16115611.08,0.03845451269179658,55.70138218894231,-600.3614143389714,54.22148045044933,0.04637304101023794,30.755402583975783,1.837021399596809,0.6400103479678975,3.1741336944978737,0.2672
2026-11-26,106551.64,106949.43,102029.84,102515.25,3470849.96,-0.038618182261443805,49.607436283521054,-939.6146220282071,33.54102363403863,0.05065617066728604,27.397074093604996,1.3796897438870428,0.38462281311098995,0.7026690777675713,0.2493
2026-11-27,102515.25,103447.81,97465.49,98441.43,11574000.64,-0.04054981596700676,37.01876897592059,-1405.1587366920176,27.757104139771283,0.05036712838138008,25.321451668048745,0.24920495268499565,0.1445146506083965,2.11515413250439,0.2167
2026-11-28,98441.43,101132.82,96331.51,101032.37,2271210.56,0.025979208510654935,40.9524592311629,-1496.9228993194556,19.443712103294825,0.050315147228834387,23.588503924081976,0.3912693745759285,0.26419492481721757,0.4147258314900954,0.1805
2026-11-29,101032.37,101099.43,99309.08,99843.9,6468224.13,-0.011832994184998833,45.386276994599925,-1587.379927018681,18.669507334393362,0.048529454478436,22.83796452442724,-0.4040638434204248,0.16531894110727044,1.1723840787856945,0.1647
2026-11-30,99843.9,100421.27,95271.36,95321.26,8694892.46,-0.04635509558304546,41.28634872040474,-1881.4367412264996,16.651765847259348,0.05052303427077843,24.1528975399877,-1.4787095011322924,-0.051934646365520705,1.468470904047379,0.154
2026-12-01,95321.26,96846.61,95271.44,96513.26,6882046.73,0.012427537456415793,41.79327884452278,-1918.7078638601943,9.52794325534138,0.049471773545486375,25.62248065339611,-0.6985787899068973,0.07620506162624907,1.146339803711028,0.2091
2026-12-02,96513.26,96526.89,94501.37,95224.72,4908160.73,-0.013440836275529104,33.94696498710864,-1947.0060204145366,3.760154606257794,0.04725043335085485,28.46903943435842,-1.2674788566860207,0.06561181521108776,0.7988514123341321,0.2971
2026-12-03,95224.72,95877.33,94982.34,95763.72,2263011.22,0.005644335656943378,34.15648424131027,-1847.1297056458272,5.956819405773383,0.04609366380384194,31.370611311824366,-0.9613734392606552,0.13917740634000397,0.3696020088293192,0.2922
2026-12-04,95763.72,96234.88,95759.01,96007.74,12791480.04,0.0025449056048331897,35.02870740206198,-1686.766749099793,6.338197784466982,0.04316355862855729,34.803737240794284,0.5289353203116527,0.1865862649842595,1.946839895128917,0.2353
2026-12-05,96007.74,97786.12,95471.44,95891.43,1339494.38,-0.0012121992423670936,29.200899426903973,-1516.0493646624566,7.560666042895281,0.039368049589292596,38.98911766482139,0.314516578730392,0.20980681495528739,0.2104519995972263,0.1963
2026-12-06,95891.43,96204.39,94480.34,95091.11,2030424.5,-0.008381129340475456,28.815895317530277,-1387.9878498713751,6.382187173076894,0.04020067851618035,42.02515942529384,0.011813663851750852,0.20122919947908752,0.31730196870869687,0.1773
2026-12-07,95091.11,96394.1,94809.24,95759.19,12191919.59,0.0070011179323535904,27.71032600530455,-1196.5020413892066,5.977933926648437,0.03830673737796613,45.35712299029428,1.3721917884836032,0.2539514918428143,1.7582148895968586,0.1169
2026-12-08,95759.19,96523.48,93646.76,94249.79,2031737.35,-0.015888004358399658,34.542026477317805,-1111.5357332800409,4.872358446122492,0.03258286911226271,50.474723901846275,1.0173345068009778,0.21831128512296946,0.2908794986892675,0.0521
2026-12-09,94249.79,95172.32,91136.18,91776.97,2409693.62,-0.026587203515685717,20.73482485058473,-1156.7376575487838,5.110384158500977,0.031249265007796033,55.64033444880683,0.705330282753616,0.15158193623361896,0.3718963525680104,0.1544
2026-12-10,91776.97,95938.81,91475.87,94515.49,1973480.3,0.029402341717719105,33.29546859267364,-945.9449652663989,11.929907404786647,0.029998733540922255,60.117007794786666,0.8806908653707759,0.2902550011177174,0.3067105068655218,0.1618
2026-12-11,94515.49,96299.41,94089.72,96070.19,1704987.5,0.01631533373330704,44.46638065551818,-659.1425348772857,26.952343530652996,0.02670829971889474,61.07190203628475,1.013863069414656,0.3764612048817327,0.2657034893496641,0.112
2026-12-12,96070.19,98299.73,94956.41,96815.64,2132753.2,0.007729481335131126,39.23219649139198,-389.8754557923728,44.602961982050545,0.025426979418966118,60.12552505980086,1.1533581378517626,0.4340003418856842,0.33095869726445176,0.1473
2026-12-13,96815.64,96829.36,93523.23,93876.61,3140634.86,-0.030827291076121924,36.01252271922651,-379.9609213725705,45.291693741002234,0.027376353766012797,60.064335975155096,0.8499025402206706,0.2692323969920069,0.5205354764190616,0.081
2026-12-14,93876.61,95169.36,93096.84,94294.36,5262437.86,0.004440118327668276,47.01932086106289,-318.0354083845332,43.53506597202047,0.02492392667266067,58.61268130618091,1.2925199832192806,0.31804426552664805,0.9597992698010964,0.0221
2026-12-15,94294.36,95725.62,93614.01,94951.79,10173038.87,0.00694791037703557,45.32252295609376,-210.73597467643185,42.288447133562116,0.02515490078852235,56.80697593739551,2.1049689894822503,0.3772154334980384,1.9617393862709303,-0.0191
2026-12-16,94951.79,97680.44,93403.34,96523.76,1609550.42,0.016419906546957366,53.82637792448005,-21.77774393721893,57.51975859261006,0.026411424503145535,52.814174042755425,1.9574621747512553,0.5758826756980264,0.3160530552771657,0.0646
2026-12-17,96523.76,97090.7,94556.71,94837.25,6534064.36,-0.017626931082264364,47.443841320083244,0.5581907803393733,60.04592694954315,0.028115549834808042,48.729633250877555,1.2411349059719354,0.3889499077600729,1.349828634827829,0.0487
2026-12-18,94837.25,95820.48,91414.67,92915.25,5484273.27,-0.02047447721945699,42.19079619511093,-97.74208212660415,50.569526747608116,0.03171827475652395,45.3922646967705,0.7106798175477675,0.13432158116339912,1.0965661979850094,-0.0758
2026-12-19,92915.25,94037.08,92327.76,94003.31,2498363.92,0.011642207062789964,45.45514065992731,-74.18395899420557,38.841403121768614,0.030891161476879078,41.34840414605359,0.831666469833316,0.2993316423568577,0.5201866288760353,-0.0115
2026-12-20,94003.31,94772.22,89924.2,90654.1,2422929.67,-0.036278829335570535,40.48706462368062,-258.48943463614773,24.524525380210164,0.03449388547078179,37.69217977417643,0.5536056765707925,-0.1475067516022232,0.5397212537185279,-0.0263
2026-12-21,90654.1,92292.32,88940.8,89526.97,3060194.96,-0.012511244411517679,36.89607812936908,-421.0210852947034,18.33391973943178,0.03633767727039999,34.633106664508496,0.19146412334638038,-0.13677218779322467,0.7119826226648791,-0.1174
2026-12-22,89526.97,89894.79,87147.88,87729.34,1871866.9,-0.02028352763910829,36.454227381051446,-603.2152979569842,6.730637052548289,0.03697656907027491,32.17684832541397,-0.12441469221516292,-0.15159387307865538,0.45145293340045906,-0.1274
2026-12-23,87729.34,90001.12,87150.97,88478.13,1723323.71,0.008499009801162645,42.618122481739476,-624.3012766861038,7.801917625257974,0.03570618443869769,28.75981002588122,-0.06142797079360014,0.015446010863639479,0.4183502363697527,-0.095
2026-12-24,88478.13,89026.06,87367.42,88431.03,2601115.01,-0.0005324766802676005,34.52008776350837,-592.6713052862883,9.549566514366461,0.03346007940554295,26.337882324536388,-0.502007539522472,0.07534556208817074,0.7205675574640097,-0.07
2026-12-25,88431.03,90227.2,85300.36,85567.09,3362842.42,-0.03292217954453113,24.947285564187908,-708.0714233484566,8.495515141708992,0.036848178763249514,25.7581825440822,-1.090061060807022,-0.050043295712542776,0.9061867638633085,0.0234
2026-12-26,85567.09,86087.27,82935.46,83997.23,2765869.57,-0.01851692449706314,20.581637819040324,-825.3786877656667,6.919640914707081,0.03737399605745057,28.667516601801317,-1.6451267812023918,-0.04552078231808966,0.7380072617938508,-0.0204
2026-12-27,83997.23,88968.16,83894.0,87743.69,3985913.29,0.043636128819391565,36.42789362033636,-596.5755464353474,13.954009262004652,0.03721749108112079,29.090402553785903,-0.9210294442650471,0.23100740543780385,1.194297756269026,-0.0171
2026-12-28,87743.69,89650.69,85108.41,89222.43,5542075.84,0.01671251444645146,39.27929306591933,-306.19222305054245,27.482731976106976,0.038577871377982444,30.390203509575233,-0.0425597453595866,0.34436049162283755,1.5776038755509252,-0.0512
2026-12-29,89222.43,89967.8,86611.87,86978.57,6812145.78,-0.02547069890165754,34.20597862369834,-229.3037695228686,34.22251731321378,0.04059495837389626,32.16714368099865,-1.1334645621746422,0.2229095401124642,1.824799335023167,-0.1257
2026-12-30,86978.57,87824.78,84835.34,85628.71,19511073.49,-0.015641142362404645,28.226578440756327,-232.6847629976328,29.694935761116586,0.04016077918592154,35.62652251917659,-2.9673059767424994,0.17576455305117067,4.232362004994881,-0.0752
2026-12-31,85628.71,88708.88,85297.77,87803.01,1911818.56,0.025075158402685725,36.21112528570382,-60.76585974933687,28.07452805627226,0.03987980756988564,38.57507668856728,-2.2246231537635497,0.3289483806705406,0.41378539135910447,-0.0482
2027-01-01,87803.01,88040.01,82930.37,83280.58,3637472.15,-0.05288039377386305,32.86095426201027,-215.21581648080155,19.920243124199782,0.04264908714955261,41.02407088988944,-2.122106665535023,0.0870698367097407,0.7746636623654445,-0.0317
2027-01-02,83280.58,84070.52,80334.49,80632.67,4120442.52,-0.03231148636557319,27.46563378692558,-446.0129223248068,14.26649648273878,0.04584501188271771,43.11895317102959,-2.0573309830145545,0.008371743048716842,0.8684597398637265,-0.0087
2027-01-03,80632.67,82984.15,80018.75,81935.03,4779247.59,0.016022713767873734,34.2162324398699,-459.45061996190225,6.878578996470464,0.04347509065588213,44.40712935713365,-1.4946021948990837,0.12843219086285432,1.0124707038617982,-0.0426
2027-01-04,81935.03,83786.15,81094.89,81591.48,1506547.71,-0.0042017713879472784,35.21527723677346,-439.93817532544153,11.02816765858727,0.04308012832431764,44.682065040833905,-1.4446852863548645,0.14587681896763033,0.351417736148144,-0.0907
2027-01-05,81591.48,83704.89,80510.02,83110.13,4437612.06,0.018441751001678712,41.30348097204619,-280.95213279973177,20.433926631982057,0.04267793314037823,44.50939678528409,-1.0406925532193092,0.24773534710758038,1.0020667278796869,-0.0843
2027-01-06,83110.13,84193.54,82546.37,83764.07,6957785.96,0.007837560839009798,41.09309767290761,-97.42447756915044,27.4590494475713,0.04131892622422734,44.890499150195,-0.448404581389861,0.30500925030917553,1.5636718964591312,-0.022
2027-01-07,83764.07,87451.78,83113.32,87257.89,6224191.17,0.04086383019867944,48.038862334644655,273.32111931635063,45.96140125741005,0.04185818775650801,43.36037954586608,0.09622020028354006,0.5655338760292405,1.3872717514539563,0.0595
2027-01-08,87257.89,89590.12,86807.53,88944.08,1143962.93,0.01913987085961926,55.87671973279127,625.9945204353012,65.77067269782391,0.039342656965714116,40.61027001939292,0.2642009413733531,0.7389390553762211,0.25887830623430325,0.0963
2027-01-09,88944.08,90940.89,88096.7,89667.51,2602969.73,0.008100638440906652,60.16707607866371,885.9850347577267,82.98829472119012,0.03878019554048264,37.44113818388077,0.554129400970316,0.8117875421054978,0.5878533561656818,0.0929
2027-01-10,89667.51,91861.66,88844.44,90637.94,7784008.7,0.010764393094793568,55.763263820072396,1087.9982026796529,89.23957891172422,0.03674398696300817,35.74095213011412,1.2419145594901237,0.8804657506784836,1.6689146695945254,0.1018
2027-01-11,90637.94,91437.79,89592.16,89652.17,3069813.48,-0.010935484187945403,50.87286982279683,1115.7625470687663,86.45057154838311,0.034999503398200814,34.27239671059682,0.9705928924729179,0.7813203682097691,0.6498319120812955,0.0973
2027-01-12,89652.17,89793.51,88586.3,89405.55,6943351.99,-0.002754644211345375,55.36485278440801,1077.4834294874129,83.42378126089778,0.033379375537325055,32.131991084305604,0.40347907234387287,0.753766593821846,1.3928453132383203,0.0411
2027-01-13,89405.55,90179.7,87696.64,89071.01,9307874.81,-0.003748844013996118,57.96683382715765,991.7495523231776,79.01346318873848,0.033098663960036995,28.9103695666842,-0.3935121097875209,0.7222499558572819,1.7494851057512082,0.0403
2027-01-14,89071.01,89854.04,84853.86,85765.26,3611020.21,-0.037819887378602715,45.518550594189385,688.890183961578,68.07327478347683,0.03569786214804302,25.954231491208734,-0.6628339643842319,0.4568097664287476,0.6771390974444945,-0.0285
2027-01-15,85765.26,87666.25,85396.68,86228.47,3976520.87,0.005386372165143944,57.89211599551165,504.77325482295623,59.1309906095215,0.033153484988356526,22.847911161322024,-0.24321657091843676,0.48474633158955377,0.73730859447432,-0.0333
2027-01-16,86228.47,89120.7,85227.9,87413.05,1619296.96,0.013644183454473217,69.69570390419258,449.61916762551004,54.464457356014854,0.03283230756571028,21.108341799536124,-0.033768593191109746,0.5826164600981202,0.3069779602134088,0.0502
2027-01-17,87413.05,87858.72,87036.62,87204.95,1804641.77,-0.0023834896576343874,66.34734573335311,388.2854026428415,57.94941017912125,0.031155103990243353,19.91247113729269,-0.12873787535819634,0.5754822093341545,0.3546796140919296,0.0888
2027-01-18,87204.95,87434.02,83853.3,84920.65,3257887.87,-0.026543804290251032,59.21731315567683,192.91033806135113,53.422906717443766,0.032741296055280006,17.48102359721169,-0.40926905046239404,0.3941880171925595,0.6634700049340485,0.0382
2027-01-19,84920.65,88447.26,84735.03,87842.11,18568075.42,0.03382370735130167,62.15688511085099,255.54242734343188,51.560727372101496,0.032073073251212954,15.946102715065313,1.4604238973755017,0.6266587705343795,3.8180563955536164,0.0327
2027-01-20,87842.11,88247.31,84367.17,84367.74,6332226.62,-0.04035589737368494,51.354578937385156,67.85576296546435,36.68116182346298,0.03528439052313042,14.29093896544054,0.7114191336118644,0.35466333917641785,1.2454599402601916,-0.0106
2027-01-21,84367.74,85046.49,82144.27,82707.16,6276100.04,-0.0198789247714815,38.873156235170455,-151.28981819605974,25.66050943026617,0.03475244119475709,14.862468700447725,-0.02108516435012325,0.22324133621220385,1.2031987659269916,-0.0132
2027-01-22,82707.16,84485.14,80508.2,81494.43,9036875.84,-0.014771501921725046,31.35337785015676,-349.7397046124538,9.606052235320405,0.0363164259026177,17.51475458390301,-1.1324811771955452,0.11139444702656597,1.6544992438001054,0.0395
2027-01-23,81494.43,81933.0,79525.09,80942.24,4532973.11,-0.006798860467373632,27.971640974665277,-481.86361234599053,8.65553285753564,0.036179176304340095,19.923745223196896,-1.6188201435783771,0.08073314511418567,0.8317859767672096,0.0702
2027-01-24,80942.24,82011.46,77794.63,77862.17,1935232.4,-0.03879560155483926,20.850569058293146,-725.7146593889129,6.889680123447612,0.038710839936770484,23.794896689822558,-1.7767313597609211,-0.08292897242163495,0.3537177053275514,0.1909
2027-01-25,77862.17,78823.44,75825.11,76880.92,11408663.8,-0.01268248103900511,20.85487054836689,-891.2151983263268,6.445881892553962,0.04027586707189914,28.100078778333888,-2.469579529954921,-0.050230430060231215,1.960361425652741,0.2409
2027-01-26,76880.92,80522.95,76494.11,80017.42,9423081.71,0.03998662967800188,31.07203615520274,-734.1149000605526,12.351872374475468,0.041215909164345754,31.803029475928373,-1.4207462233094557,0.1739795299411619,1.58559301180542,0.2391
2027-01-27,80017.42,80486.57,77311.17,80447.03,11802099.65,0.005354594447176414,32.67908430290085,-554.1243037416145,23.16873500220216,0.0416105302014028,34.984132722643,-0.32963010150196553,0.22830601682853946,1.8968843990733923,0.261
2027-01-28,80447.03,81132.9,80297.23,81075.83,2027221.82,0.007785934158486107,39.44665863980278,-355.2471147092183,33.881063065503405,0.03761883870233825,37.45959186799046,-0.10708512657545449,0.2876886983321635,0.32352742456856975,0.2378
2027-01-29,81075.83,81247.08,78192.56,78694.22,2788640.32,-0.029815180305361542,34.39218765193229,-346.26529943598734,31.339079308894167,0.03946981657065837,40.6846625871627,-0.29874942244765296,0.18200618323934292,0.44438497657471004,0.1696
2027-01-30,78694.22,79548.19,76760.06,76964.77,5625608.76,-0.022221924583857144,28.83337074383327,-414.36853085364464,23.366883860983176,0.03933152049400053,43.17603121218877,-0.7507864397509797,0.12066995282714896,0.9121582687277919,0.2264
2027-01-31,76964.77,78407.69,76793.03,77917.84,1119492.1,0.012307153524598099,31.7369746466335,-355.0805029813264,15.72942701286466,0.039576980793390365,45.481457266955054,-0.5645214013052053,0.2043899653565732,0.18443506027897213,0.2655
2027-02-01,77917.84,79717.68,77571.94,79687.3,2978139.45,0.022455287334841152,39.495968672440696,-166.14467529897138,18.73579382274913,0.03741191238395469,48.29181712367045,-0.16218264633830304,0.3293428966344304,0.5072122980925033,0.2402
2027-02-02,79687.3,80588.97,78684.64,80519.42,7105431.93,0.010388172020639231,33.95681587022439,34.70738164004979,28.322672104524646,0.03542149920389663,50.583616928928805,0.65463184235982,0.4014765327762665,1.2332690047340842,0.2419
2027-02-03,80519.42,81248.51,80230.79,80643.89,7637951.96,0.0015446446805793368,40.43789232768324,187.2596285605091,40.214932669762334,0.03283150155578647,52.71929731811996,1.3865537175446963,0.42558103097760347,1.2809320384436564,0.2918
2027-02-04,80643.89,81646.45,78155.48,78787.98,7137769.94,-0.02328259508924012,40.03627351852088,174.7314217764756,41.41981586218015,0.03413862839773569,54.04075267746894,0.5856138912292975,0.3141924923886901,1.1661363942087917,0.3195
2027-02-05,78787.98,79876.04,77716.98,79538.89,3776359.29,0.009485637281871472,44.90888509565076,225.35364819023198,48.83386963397954,0.03218381599239918,53.3957827103878,0.9576457344812859,0.3883895207201884,0.6062813953463384,0.2304
2027-02-06,79538.89,80653.99,77256.53,77752.63,2824039.16,-0.022713707585719663,42.19743251881981,150.47375329044144,41.8008781744438,0.0338322593442409,50.90402942440566,0.6311167751340668,0.2593542822489663,0.44970970848215247,0.2311
2027-02-07,77752.63,81791.81,76499.47,80514.21,8436941.55,0.034901313731714845,56.5902291134674,290.7464520503197,56.592434239042554,0.03362598087609566,46.229030465209966,1.3724777006121436,0.5270281746382077,1.290319316232632,0.2111
2027-02-08,80514.21,80845.17,77983.08,79197.4,6774835.39,-0.016490220586827267,55.661949027217034,297.58330974553814,53.591024724178226,0.034062202258439256,41.48379346294016,0.7980230873060291,0.4203162511626318,1.138822211390216,0.2562
2027-02-09,79197.4,80339.61,76166.21,78457.05,1424266.23,-0.009392128700583672,45.68013682931922,256.53684589199725,56.77904855737131,0.03451523567898904,38.64529131882143,0.6940842157609975,0.33387176235738475,0.24971415780153,0.295
2027-02-10,78457.05,78614.93,77123.88,77729.42,13860243.26,-0.009317519810307947,42.59846838722245,187.8568285269655,39.845584186916284,0.03329052059236417,35.94546106406481,-0.7779729836034004,0.23332399974576978,2.278598398163063,0.3461
2027-02-11,77729.42,79547.92,73774.44,75932.28,20079165.42,-0.0233919310564265,36.82949100106386,36.77516182907357,31.807899520271135,0.038723367340321974,35.758849898370286,-2.385968528889988,-0.003716460691603625,3.026291522974404,0.2729
2027-02-12,75932.28,76799.65,73572.6,73666.93,2986507.2,-0.030287902927486444,37.050082661136294,-187.99819807523568,18.616558324792745,0.04008144689695553,34.54671225969906,-2.2063974855811583,-0.1680781212635125,0.4554279353146458,0.2201
2027-02-13,73666.93,75322.05,73382.49,74274.81,5547857.32,0.00821787578025325,42.64593792718601,-263.38578055707126,12.891107620074168,0.0389373597859033,31.776899908929465,-1.594806340182816,0.0016254828305143274,0.8233421834451405,0.2648
2027-02-14,74274.81,75580.37,73957.63,74756.59,3771320.71,0.006465505635860606,41.12888063208348,-248.63640812421045,9.36632153032118,0.03869414245428734,28.82965873280778,-1.3155514810831554,0.09771831159026595,0.593315582989113,0.222
2027-02-15,74756.59,75475.11,73569.98,73933.14,2251299.33,-0.01107619764370332,32.947241643099744,-260.8941617455946,11.16645975337139,0.038892649687072976,28.375694900552283,-1.3772867117563106,0.07148403762462255,0.3753567169829677,0.1348
2027-02-16,73933.14,76356.89,73161.6,75831.07,821616.34,0.02534693184734619,36.93139214296516,-115.17014253477782,17.93999588125846,0.03913524024989688,27.826293435638473,-1.1915691294040553,0.2923908316571053,0.15079028134134495,0.1547
2027-02-17,75831.07,76095.7,74748.25,75325.42,2478382.24,-0.006690442284788886,35.483439536419084,-31.193666960339215,20.8508023178473,0.03971062206774135,28.32673839472154,-1.2231847968251366,0.2621120312777984,0.4529792246683191,0.1196
2027-02-18,75325.42,76991.4,71329.82,71761.91,3160164.0,-0.04846382694308462,32.45783155369017,-185.39592590727307,20.04480295707407,0.04384307576460011,29.26015821959129,-1.283755435439432,-0.017915377765037162,0.5756355327799297,0.2031
2027-02-19,71761.91,72356.61,69081.12,69185.55,9746787.45,-0.036561808105942034,26.30996792907078,-417.3803024876984,10.008102833025692,0.04662834735204659,30.93812077488985,-1.6577867461403544,-0.1004363389818894,1.7111850029190123,0.2078
2027-02-20,69185.55,70472.65,68773.55,69968.05,12506907.81,0.01124668349287513,31.33007993102497,-470.6501067270874,4.709086362577423,0.044373059254488006,34.06814310061621,-0.8548491289989018,0.04106511328253135,1.9962187300447398,0.2054
2027-02-21,69968.05,70548.73,69353.39,69849.0,4902570.11,-0.0017029400744825178,20.708647274082097,-465.5746961561845,6.302025756019717,0.04025903837461042,39.45483242259247,-1.0295467873374715,0.09078953434410808,0.7706600731917547,0.1767
2027-02-22,69849.0,71892.11,69294.22,71779.17,2406115.22,0.027258553334885558,30.290322151883615,-292.3581247286311,14.690345222371533,0.038913547521610366,43.501520406479536,-0.8090844503848768,0.24717034015170763,0.3927354314740617,0.2474
2027-02-23,71779.17,71847.08,69850.97,71320.84,6506199.49,-0.006405751715114354,30.7511626913536,-174.59637673702946,19.51252902111534,0.03698303929918737,46.430164746928085,-1.0734863641336518,0.24011118575401694,1.07186729189689,0.2529
2027-02-24,71320.84,77860.27,71079.11,76370.83,3293762.51,0.0684122461551831,47.0283375232092,254.1601512615198,40.047065644031896,0.03948531695375093,45.68897108948279,-0.7979094087768781,0.6106245290489729,0.5603765016815789,0.2198
2027-02-25,76370.83,76559.37,75101.51,75240.38,3031541.6,-0.014912762058049003,48.441133000181075,460.3655321527767,55.10752360276234,0.035981581394757635,43.64746510388119,-0.894737107300325,0.5461282848325499,0.5190528283361487,0.1692
2027-02-26,75240.38,75277.93,72619.46,72769.5,3623966.48,-0.03339114355304558,47.99662290190571,429.67816148356087,61.88538667803666,0.03664522911384069,41.521088589517504,-1.0325324973601053,0.37237229135265704,0.6162660699753324,0.157
2027-02-27,72769.5,75178.27,72563.92,74849.32,9228785.6,0.028180114615949922,51.20342088133836,541.5554054804943,60.669306416329924,0.036270927854974766,39.80882137475563,-0.3464620843644135,0.5650687176488662,1.5588862868828932,0.1003
2027-02-28,74849.32,75352.05,73719.16,75263.53,2659956.56,0.005518662143204038,51.06489708947669,629.3949446701315,60.75422888193528,0.03608094499040801,38.309361380847385,-0.0026338207127535726,0.6300551955740944,0.46548547148308633,0.1467
2027-03-01,75263.53,76061.98,74463.92,75093.64,2561915.38,-0.0022598200311874086,52.50661591052684,658.8530065536513,69.28000422587105,0.03587049068716543,35.79404123139824,-0.1259763477397734,0.6412865140981913,0.44390971779476435,0.049
2027-03-02,75093.64,75098.44,69685.57,70081.2,1396379.05,-0.06908129833084194,39.05339209711411,339.6325620234047,51.78883762965606,0.04069628210866647,34.6550691491486,-0.23775474668828994,0.147336012138538,0.2712437408346427,0.0395
2027-03-03,70081.2,70122.23,67967.63,69120.95,4210192.9,-0.013796701154893055,38.3889047956563,76.42845572308215,31.867395170262228,0.04209574459179791,33.352560533522805,-1.036460569459449,0.09808988112193641,0.9668355100157119,0.0681
2027-03-04,69120.95,70318.7,68185.16,69622.05,8790583.15,0.007223458897088895,45.47702346663741,-44.78235370564789,14.257630536179645,0.0381731793303934,30.698113564663036,0.7258842835051061,0.18477713687699163,1.8925582272833836,0.0818
2027-03-05,69622.05,70256.46,68078.12,68761.36,5760950.15,-0.012439368251108295,49.03328521644189,-157.4446329685461,12.13518332819938,0.037511287485540806,26.90339121499561,-0.397660074616654,0.14527118973794512,1.2374583860580848,0.0418
2027-03-06,68761.36,72082.09,68390.33,72071.71,1492091.52,0.04701963632672709,54.298865193770304,7.7019603648218435,22.0777938615421,0.03776322221298233,22.491565040290578,0.00018280270458864942,0.46767579013339533,0.3285453657278856,0.0727
2027-03-07,72071.71,72361.58,71136.98,71460.32,1951450.13,-0.008519264972115474,53.22780965965284,88.02267644905942,28.2718600225067,0.038115558396598526,17.17965601731208,-0.36806854324001126,0.42053230745488696,0.4311152727161042,0.0248
2027-03-08,71460.32,72729.79,69788.02,70508.22,15543770.25,-0.013413031848756083,47.350187995748925,89.02169363896382,34.15791942289,0.03897861635341902,13.030497092776795,-2.971426797956902,0.34798312132231485,2.9536161980256948,0.0224
2027-03-09,70508.22,73324.99,68831.26,72222.49,792431.99,0.024022194472749305,51.78630650863209,210.20964237311978,34.66597389570968,0.04052358601474249,9.552950153119609,-2.294625733085177,0.5378199100343202,0.15302860029873896,0.0539
2027-03-10,72222.49,72666.13,70448.01,70726.0,2286237.38,-0.02093823687939786,36.984080208833866,194.9944998512451,33.59896082494005,0.03677265584286527,13.000349022650669,-2.176033861323804,0.3856436089730597,0.44525846990447265,0.0744
2027-03-11,70726.0,71470.86,68743.99,70811.53,1477268.06,0.0012085841883911113,39.270890010639945,195.59853381425614,36.749882828640146,0.038008307807655725,16.510226138748507,-1.752953271257342,0.3827454404164698,0.31290403424811747,0.0369
2027-03-12,70811.53,71834.52,69943.5,70385.28,1322732.31,-0.006037690155536786,43.58900723718687,172.97964405847597,32.369218080001914,0.03745965877280303,19.89978792135343,-1.686368455728332,0.3331443151206474,0.3178159039926102,0.0949
2027-03-13,70385.28,71136.37,67380.53,68507.52,2891249.86,-0.027040630127771997,32.76002679296013,43.96456238850965,25.994778669378903,0.03967657231539216,23.87753342084901,-1.7599006319140427,0.14824096422028266,0.7118887142996778,0.0945
2027-03-14,68507.52,70448.74,68447.33,70090.91,1727199.04,0.022849593470545503,36.77884050091512,75.80789562367863,24.690104267278475,0.039155811054115815,27.938065976570133,-1.3915212378038064,0.32621822868265665,0.4288585227562116,0.1269
2027-03-15,70090.91,71443.18,68692.43,71316.57,4721843.51,0.017335585001787557,40.840211333011105,183.802612423239,31.733576196393944,0.03963737219233948,31.698933669865244,-0.7979218081565715,0.4535581912944478,1.19898051898607,0.197
2027-03-16,71316.57,72178.37,70608.17,71575.47,2265443.97,0.0036237187642999117,54.70958697340105,271.7509916305287,50.929346952563776,0.03565921397372094,32.28954100479611,-0.4917756069207169,0.5060006040828094,0.5828558952805506,0.2431
2027-03-17,71575.47,72651.99,70604.96,72200.38,1045518.05,0.008692891541609902,59.915228423567584,365.2628430856398,67.5496856043448,0.035244155620387,31.36046465198209,-0.3372300807983981,0.6050217478843746,0.2760444959432631,0.2869
2027-03-18,72200.38,73282.76,69184.1,72632.05,4938517.27,0.005960975428200452,59.73520249167087,444.19509212842513,79.99779065985248,0.03696724989666096,32.18442024174518,0.1995076008428717,0.6610126376436671,1.2816578934121146,0.2822
2027-03-19,72632.05,73055.58,71718.23,71744.49,3575392.6,-0.01229522720522495,59.63155655002229,424.64878280426706,80.94556388063127,0.03658728954057744,33.68553361935393,-0.134311278567304,0.5745712997316603,1.0013545350606476,0.3078
2027-03-20,71744.49,72905.53,70105.91,71294.18,3999289.12,-0.0062963601056807966,46.92096348886168,371.33908380657147,75.8640818508731,0.03592456134367187,37.12377477292377,-0.5140170151812612,0.5465534626073539,1.0994540397221777,0.3031
2027-03-21,71294.18,73622.39,70102.76,72252.33,5882784.03,0.013349878447377714,53.05254394664069,388.69999867310105,72.43320084596797,0.037717023895872705,40.11880029290153,0.2672890854033589,0.7832529459102507,1.5466495636928685,0.2275
2027-03-22,72252.33,72932.39,71643.26,72369.53,4130100.77,0.001620778845691513,57.667252976542876,394.8924070371711,74.6051605949952,0.036024790306870634,42.72831519661442,0.8454952586863484,0.7772050703769171,1.0481818047172877,0.2312
2027-03-23,72369.53,73150.92,71234.79,71321.94,2726884.31,-0.01458136048215337,46.074793158406486,318.5257793041869,73.70778368401884,0.0339724754702763,44.825770410866916,0.5130450547922889,0.5486965341855495,0.7053344633022492,0.2325
2027-03-24,71321.94,72851.27,69401.47,70536.58,8912700.4,-0.01107255346861364,49.11981517076973,210.42493329625972,64.54518364707873,0.035597983344239886,44.27812921963117,-0.6048326657727202,0.36641582536040723,2.301719208638063,0.25
2027-03-25,70536.58,70745.61,67187.57,67401.35,1345548.78,-0.04546639311116138,37.65316865929389,-62.342295619302035,39.009896679308184,0.03813468551763287,43.5459335889795,-0.7303281040452396,-0.2024977131994324,0.36849987046863736,0.2311
2027-03-26,67401.35,68243.5,66900.12,67407.25,3420732.68,8.75315076895792e-05,38.87930847729893,-223.4186453073571,20.476306425560338,0.037551037059912216,43.9657690204147,-0.08059518004927965,-0.06525972720559599,0.912717522567162,0.1815
2027-03-27,67407.25,68621.8,66174.65,67381.23,2778620.6,-0.0003860864121803425,45.119151314472184,-307.5732708342555,9.022295241996664,0.036178239633113334,43.3448554763757,-0.5213217149591806,0.019733291606281782,0.7332974993511624,0.2053
2027-03-28,67381.23,69469.55,66875.68,68823.33,2612384.15,0.021176293808720846,44.43876046752516,-244.71031504543544,19.769396118233033,0.03603506045322855,41.87107721835082,-0.0033465687455279947,0.2520811448750543,0.8312695286361056,0.1293
2027-03-29,68823.33,70015.64,66757.83,69556.66,1677020.81,0.010598885936574206,41.9301500421515,-137.6692687865932,32.391347352755325,0.03617585186768697,40.964917962692866,0.31288381141768046,0.374121956409711,0.5262276241953663,0.1958
2027-03-30,69556.66,70485.61,69523.45,69783.67,2762293.99,0.0032583560099915788,41.75982355170585,-40.54790324777616,43.14378142446376,0.03543579751537354,42.09703020851796,0.8180128436289982,0.41444352983460664,0.8603464829821896,0.1745
2027-03-31,69783.67,70332.95,67660.47,68572.97,4430637.13,-0.017501594481419143,34.171020925335625,-46.394140448899975,42.02326253775154,0.036712935140473496,45.271734417835525,-0.18278098707516072,0.25992885181042785,1.3192919627630948,0.178
2027-04-01,68572.97,69849.62,67040.37,67299.59,11118806.36,-0.01874428925332656,28.32305135644323,-120.36635635639414,31.921450891995132,0.03603906481026003,47.461596443919404,-2.26543873141331,0.1259933174583776,2.889391282921319,0.197
2027-04-02,67299.59,67629.57,63800.48,63994.38,3360213.38,-0.05035887750338226,23.670408472958783,-362.5531747072155,16.426862996151435,0.04068163039137671,50.33490347251535,-2.4835143810322693,-0.13955103156514786,0.8679141379464698,0.2167
2027-04-03,63994.38,64391.57,63725.1,63959.86,6409589.62,-0.0005395679086131031,24.3585727568464,-487.9236869045235,6.483522664699829,0.03832134493637848,50.93808357528585,-2.7199263516230516,-0.029050506558463012,1.561138057423583,0.1354
2027-04-04,63959.86,65091.52,63698.4,64911.63,1299141.18,0.014771107327882118,24.324813994831445,-469.44907167240444,5.727036745431164,0.035419450808952625,51.929411432544775,-2.103327403217366,0.11416786995026026,0.33018539793879265,0.1699
2027-04-05,64911.63,65364.64,59775.06,59832.98,5131655.75,-0.08146979247288891,17.448980280574403,-745.5609340142412,5.213323782242597,0.043559743902340346,53.931326381022856,-2.1912895814321236,-0.13927181539536654,1.2584090793827993,0.1765
2027-04-06,59832.98,61871.02,59793.3,60336.39,852900.15,0.008378390347507276,20.646634164330465,-833.9063406636947,5.853588843869262,0.04338760453800759,56.08741143564417,-1.8017417718673825,-0.006945538462522526,0.209647370839282,0.1359
2027-04-07,60336.39,61244.86,59824.89,60088.03,3317044.71,-0.00412475064648916,21.256641462369217,-846.0077222213808,2.5261986971642316,0.04115401306097339,57.38393761419594,-1.8164137030292113,0.04582117306783552,0.831926039177474,0.0917
2027-04-08,60088.03,60466.14,58821.79,59114.03,1079179.5,-0.01634236316579078,24.125347500407244,-854.0668783698757,3.217034279732507,0.039519745626732515,58.340726418505476,-1.6619894670117306,0.054376772119449114,0.2794081664601187,0.0704
2027-04-09,59114.03,59675.93,57954.4,58602.9,857291.08,-0.008684107072454768,23.351790207670433,-827.6840984333226,3.5111413637773823,0.040325344698926846,59.02572710540579,-1.5220605298546692,0.08395508337512979,0.2313703409644269,0.0019
2027-04-10,58602.9,59820.11,56791.59,57471.54,23046043.78,-0.019494314662928138,21.88729260183929,-818.7919792756247,4.215303507047694,0.041841728469920125,60.28712641897956,-2.52894033799467,0.07716743064257456,5.050147810589224,0.0879
2027-04-11,57471.54,60571.44,56984.99,60003.71,2408664.6,0.04311652489367937,26.4370291208281,-585.6646885521964,11.198918297973742,0.041257567954660304,62.3585683138917,-2.0303117719172654,0.2360586671414625,0.5379644445941185,0.1578
2027-04-12,60003.71,61015.74,58974.42,60618.16,45363072.45,0.010188124506357032,25.966760807973074,-345.26161621626034,18.788347030295895,0.039405930500028476,64.13515964494242,0.6583983143691818,0.29087536187686996,6.863649146103854,0.1725
2027-04-13,60618.16,60694.94,60031.74,60195.02,3606264.85,-0.007004893509745341,24.487754260217457,-178.33019995797167,25.511108594802337,0.03932818220320089,66.06252350650098,0.4657422061852563,0.2880307991202725,0.5684658133344365,0.1527
2027-04-14,60195.02,60988.55,59933.04,60043.08,2254589.73,-0.002527320057027516,25.949770744301702,-48.48641400244696,25.992422053789536,0.03750411966112469,66.51960664838703,0.354289486087832,0.3002404093846237,0.35286919462744676,0.1352
2027-04-15,60043.08,61760.31,59157.18,61683.78,1226023.04,0.026958706840559798,34.48740691688225,165.81754518103298,31.72440557673238,0.0362678811188231,67.19259543947204,0.4683417083470599,0.41297266292955065,0.1952399097665675,0.1664
2027-04-16,61683.78,62435.1,61348.73,62171.63,2034499.93,0.007877774946900729,44.03685031807836,347.87521155832974,44.26496271403311,0.032832200612580055,65.75511802905,0.6168827657337553,0.457254717053356,0.3259180881235404,0.246
2027-04-17,62171.63,62931.17,58493.98,58903.7,8589083.17,-0.05399487935016211,36.347145250053785,259.6997792235197,44.177066887954815,0.039226204320410754,65.37577530213413,0.12361216592030039,0.27384829782835907,1.3130743856489506,0.2051
2027-04-18,58903.7,59306.64,58053.92,59157.68,8975973.24,0.004302514366654499,33.85451653735355,230.9379378144049,38.33034917556959,0.0388882728328699,65.6803149304346,0.7627585277566977,0.30742635463665463,1.299707556732306,0.139
2027-04-19,59157.68,59586.13,58407.64,58561.66,2310035.19,-0.01012620514154619,45.23366055661535,186.15175889910097,27.022086380971913,0.03390378863674294,64.08704233592876,0.6879119458793596,0.27392656028707646,0.3355884791273508,0.2094
2027-04-20,58561.66,59493.59,57760.93,59113.74,14509226.24,0.009383168454887273,45.43279808635412,206.51438349822138,31.4174186752356,0.03317020712950438,62.774294237789626,1.6527480463253674,0.33063487045490875,1.9640331888291023,0.1096
2027-04-21,59113.74,60746.76,58365.73,60519.5,7642285.96,0.023502242453657486,51.4834784361704,320.6527487632984,42.45746451704772,0.03353402032166173,60.52206340766328,1.8913640399704306,0.5070215311076934,1.0594217550641436,0.0537
2027-04-22,60519.5,61096.79,59610.8,60660.25,3165970.6,0.0023229964295889867,55.6393269944702,406.1237944460936,53.85124063852279,0.033269739479896324,57.72736813669689,1.8051517956381988,0.5507183770734264,0.43947845597597135,0.0387
2027-04-23,60660.25,61184.7,59704.46,60264.52,2605280.81,-0.00654508439740539,56.11165629130682,433.983647581264,60.09911644326363,0.033202217727534906,54.29062841561506,1.467425506034546,0.5242196373122862,0.37145538208036977,-0.0413
2027-04-24,60264.52,61088.82,55783.61,56360.9,1696754.7,-0.0669678835113926,46.6068927756533,199.4189805562155,42.551597195167,0.038387187368744004,52.05715114235036,1.2397929168191115,-0.12076698408570162,0.24123587297530627,0.0164
2027-04-25,56360.9,56986.83,55989.21,56739.51,1528681.79,0.0066951377852819795,38.516495268593964,85.49537408265405,26.005594722972194,0.03487199660341886,50.35215341835656,1.1850495929999845,0.03198425992137259,0.22305310315374932,0.0584
2027-04-26,56739.51,57665.05,55740.81,57260.59,7110445.28,0.009141810033495519,38.109905737840776,62.05655217084086,14.19563058417742,0.03440860708659828,48.37064169607173,1.3683691430259137,0.16096068271854871,0.9922030765653572,0.0268
2027-04-27,57260.59,59437.54,56851.92,59311.08,9780435.58,0.03518353159910385,47.19322466988895,194.02247580041853,28.054571139323727,0.03553421817883776,44.73026433721515,1.6074870522847988,0.49568624198513417,1.3058880485523707,0.0894
2027-04-28,59311.08,61016.82,58695.09,60826.41,3793783.7,0.025227934565571566,52.289109306273005,381.88033402736755,47.17264967718751,0.03613590121226587,40.89372616608251,1.5695016317529553,0.7212488438019177,0.49753102962355455,0.1574
2027-04-29,60826.41,62204.39,59808.31,61158.14,1531832.68,0.005438898905785374,48.33668334033077,518.5173852823104,65.24105422621604,0.035698074812976655,36.11377033647239,1.460715511203103,0.7482458429551463,0.2000056413496442,0.1439
2027-04-30,61158.14,61997.72,60238.96,61047.63,4611733.52,-0.0018085894000445634,46.35623802930247,586.4829573772531,73.29141609960197,0.03654942401998815,33.12470859642193,1.230679257431049,0.7093651614851575,0.6845145930292497,0.1141
2027-05-01,61047.63,63103.69,60963.89,61664.13,1338618.49,0.010048021264654618,60.806408297362246,652.903075604253,76.53154316090195,0.03352283456478011,30.788317133504368,1.3275053702250164,0.7836869409281101,0.20028016999890402,0.2214
2027-05-02,61664.13,62497.99,58973.74,60074.03,7690973.38,-0.026124765420392604,53.24755410056521,572.5645257776814,71.03510121672029,0.03711102070941805,26.824136699075552,0.8005181833908227,0.5444274024784092,1.6022445312385123,0.2464
2027-05-03,60074.03,60507.67,59691.11,60340.35,1903407.97,0.004423399169515018,56.45453351187791,521.6193626303022,67.25665319358647,0.0365187876532215,24.051604839707977,0.8222916349548383,0.5842472655214239,0.4036936028437429,0.2469
2027-05-04,60340.35,60625.59,59999.89,60014.56,2037191.16,-0.0054138347281553,53.32348999968527,452.7920814807319,59.78869681420884,0.035399540663840635,21.462925008461866,0.6264835099247263,0.5343157412173265,0.4330660573775214,0.3027
2027-05-05,60014.56,60327.6,58511.53,59314.51,1838650.89,-0.011733235350545755,45.31008569526565,351.4482714066244,56.35018724549405,0.03513699382205502,19.193453911217716,0.44069934751315637,0.44264895452229225,0.38833170182563487,0.3027
2027-05-06,59314.51,60217.54,59012.95,59931.53,5097797.23,0.01034877982953499,47.26515588171497,318.2876497223675,54.49937162262435,0.0344398611453475,17.85237667170083,0.6908916789740512,0.5637798103761069,1.0429404865246423,0.2623
2027-05-07,59931.53,60556.18,58945.38,59146.5,1507251.16,-0.013185326852908708,45.92325946666182,239.40026668477628,50.569478247573564,0.0350546403542718,16.919348646956596,0.5231586041889232,0.42623703708417426,0.33244644267089224,0.2532
2027-05-08,59146.5,60664.88,56829.94,57652.05,3302071.69,-0.025591611582973198,55.71153170635083,90.16847378054729,43.0431660798813,0.03414171742374573,15.085532785290283,0.16389404242395486,0.1938391776285646,0.7769358515789823,0.2924
2027-05-09,57652.05,59258.66,55222.75,55585.07,2968603.12,-0.03651116547574237,45.55690003630268,-132.07389450899848,25.60335357966375,0.0393156060482666,12.178310076509288,-0.3167722780172579,-0.04252933229238846,0.6931049743415907,0.1782
2027-05-10,55585.07,56924.69,55520.76,56216.93,2115031.9,0.011303317068577038,46.017221587399156,-215.892877877277,14.390063712999051,0.03821261165071328,9.842146392145638,-0.18677231370352984,0.10078452889910178,0.5773506836720763,0.1549
2027-05-11,56216.93,56362.59,54384.31,55195.99,1795781.14,-0.018327651369173307,32.956916523882214,-313.54260688955674,8.84044416698792,0.03813346378448697,10.44825402454778,-0.5113842178975652,0.04240810658429563,0.5327123212149226,0.2163
2027-05-12,55195.99,58820.33,54616.55,58500.57,2437073.92,0.05814619206334315,41.61064965265659,-137.98301095123384,23.04402814642532,0.038277343768976034,11.183103716367995,-0.21204476690222598,0.45890207291830537,0.7308510290623115,0.1799
2027-05-13,58500.57,59093.6,57917.46,58059.19,6758299.8,-0.007573490366003734,38.909752775079625,-39.128151956992724,32.88773590167397,0.03706747987945555,13.469735532614237,-1.2829818989999577,0.41669036051256586,1.9079272258440976,0.2482
2027-05-14,58059.19,59894.77,57433.57,59784.33,18659319.88,0.029280579070210016,45.947360924101,144.81895486736062,50.4285090606017,0.036837113385008655,14.874218396859542,1.4990733670151881,0.6165911159662623,4.250076467835152,0.3065
2027-05-15,59784.33,60212.46,57109.21,58793.47,13873444.56,-0.016712792168478468,41.00698599631961,198.79857620215546,52.80655003260756,0.03862843951887197,15.74800454489291,-0.8957595501332032,0.47288624996406214,2.770484783070985,0.2879
2027-05-16,58793.47,60453.92,58108.27,58358.5,7144195.0,-0.007425773527528142,44.206392680075616,203.5098935448559,59.850357038555906,0.03747379191915335,16.512595640851952,-1.9293628186814313,0.40462594115896133,1.4261934572029342,0.2451
2027-05-17,58358.5,58526.92,58169.73,58309.84,5318986.41,-0.0008341595127103156,43.040340121511484,201.28337888699093,60.04086645134887,0.0369423435711155,17.398165902501116,-2.257763008082566,0.4051447300619024,1.111316653099819,0.2185
2027-05-18,58309.84,59308.21,56324.34,58285.7,4915528.33,-0.00041408102479607617,43.94913643046768,195.931126697688,62.63290327672602,0.03984755878615953,18.759520296603654,-2.3886281049740172,0.4172010288291677,1.0151248116853757,0.3408
2027-05-19,58285.7,59862.16,58148.38,59818.19,7194005.78,0.025953015054273793,51.66577372045949,287.79422004118146,70.3800238936853,0.038704555062114746,19.9423864914986,-1.3748875150568476,0.6488608098760273,1.40359937041782,0.4175
2027-05-20,59818.19,60002.67,58268.58,59420.79,597660.62,-0.006665630172165636,48.285978542899876,311.95738097345156,76.27625093463983,0.03959990867072721,20.837285737829735,-1.3059773055471002,0.6072042651776074,0.12135993517055049,0.4029
2027-05-21,59420.79,62220.67,59062.92,61446.78,2283277.57,0.03352726918074374,57.12609294714211,446.3649373575706,85.61157177358602,0.04009248793368643,20.7038270797058,-0.933483971026314,0.9255281369554111,0.45923387566046325,0.3523
2027-05-22,61446.78,62546.53,60184.68,60625.17,3545317.84,-0.0134612809362039,59.61117217247392,460.0811433486835,82.25871410104672,0.038900238488868276,21.276101470424994,-1.2470139106081266,0.7881662623521435,0.7440885921057799,0.3406
2027-05-23,60625.17,62209.2,60556.8,61824.29,850257.3,0.019586175936614006,71.36845046968575,525.3409727261767,85.91204055061188,0.035391960945164155,23.6263438238189,-1.031581925459098,0.9319637666128494,0.18044558530868574,0.3357
2027-05-24,61824.29,62822.03,60287.34,61854.05,628305.32,0.00048124838309389974,70.13682892884357,543.6631368793968,85.37989875077159,0.036680725491233974,25.8580901517424,-0.8627868230465807,0.8975485895489496,0.1353656151962548,0.2568
2027-05-25,61854.05,62164.0,61047.24,61897.01,1519144.23,0.0006942971110830354,75.73542175774571,531.2084785845711,89.46872419864974,0.0356610809748957,27.57606857846785,-0.6076045446103887,0.8631574959756266,0.3284233089281982,0.2479
2027-05-26,61897.01,63331.65,61437.2,61494.11,8421684.21,-0.006530476939934491,64.7940474698913,470.45192282874365,83.67718624221918,0.03321232135657888,29.423796704277073,-1.4919649868000309,0.7921409175099005,1.7575339153599148,0.3017
2027-05-27,61494.11,65211.29,61273.39,63127.54,9301705.59,0.02621572654149138,72.40762796974406,511.48720082283614,79.6854377387488,0.03547787089890339,31.214089466207575,-0.2712890386745102,0.9283925490421625,1.7951815183687747,0.1966
2027-05-28,63127.54,66899.49,62780.31,65755.46,2185749.14,0.040785585025412796,74.4473768457615,676.4727367919538,79.83713799502652,0.03586101986272318,33.814081236531585,0.06826321736539884,1.0778422322242567,0.42643200679211685,0.2281
2027-05-29,65755.46,66711.38,64470.93,64798.65,1019846.62,-0.014657939627308793,74.65553088393875,680.1881665024896,81.95626113601757,0.03543946186709032,35.848416993251604,-0.027477597466723704,0.9347132698061997,0.20282414811162056,0.2854
2027-05-30,64798.65,67056.34,63619.69,65773.65,4930186.8,0.01493453239245337,79.15175036612268,704.3611636866445,85.78802422613713,0.036098921941271275,37.97737250921615,0.6845026425376375,0.962808181268036,0.9538010767751925,0.2431
2027-05-31,65773.65,66253.81,63768.96,64622.76,3021044.77,-0.017652631481167053,72.83910329713588,602.8146644749418,81.83541578213742,0.03909355730749014,40.10632802510366,0.3009594544799599,0.8384225058428584,0.5776098268756256,0.3157
2027-06-01,64622.76,65603.95,64393.73,64711.03,5222136.81,0.0013649953922401541,73.13841644055879,505.4992155391071,79.68127153780935,0.03708246160992825,43.46941200991636,1.0769210975699215,0.812000281627263,0.9725546351678288,0.2654
2027-06-02,64711.03,65916.95,64034.33,65323.77,13194129.42,0.009424316185742514,71.2327995796331,448.2554587647485,77.09336968651341,0.03691924525657224,47.29822767731433,2.378272722116783,0.8344520066273137,2.3182995053019786,0.2742
2027-06-03,65323.77,65609.32,62738.78,63747.86,10294368.69,-0.024420367449502274,65.29723240110403,278.4324798626549,70.8553294079192,0.03910530150680972,49.656928163126295,1.388552007495009,0.6666826168578059,1.9522612395767913,0.2451
2027-06-04,63747.86,65649.11,63360.88,64586.06,5003348.5,0.013062983181327934,62.11560786377574,200.37768318220606,67.64847614092713,0.03763615111814126,52.26581191167873,1.8715248174124226,0.7235294302673028,1.0359877773945838,0.2175
2027-06-05,64586.06,69243.19,64434.25,68460.87,1761599.95,0.058263743143062735,74.47322459194575,377.2658215477445,71.3086169083792,0.038059154917874656,55.03527240359931,1.8016776096638487,1.0165067280143265,0.38628069176948876,0.1758
2027-06-06,68460.87,70064.44,66924.7,67923.09,3641262.93,-0.007886305504150343,69.86918939846531,422.21343372227443,77.80473513199108,0.03992458865712722,56.704264735653354,1.2360365990007678,0.9213617285905873,0.8134122947334036,0.2019
2027-06-07,67923.09,68009.84,67663.42,67755.9,6572815.6,-0.002464494828894321,69.05690156936583,404.7949303041737,81.25383277846981,0.03771621996860868,57.96424034133712,0.41735736549185143,0.8755625869268998,1.4415990214715386,0.2343
2027-06-08,67755.9,70871.72,67518.1,68440.8,869339.07,0.010057597187403393,70.28861983909714,402.65544423157576,75.7234350573876,0.03967329637959736,58.669703806956214,0.4623980796140401,0.895193314568538,0.20488015178334593,0.2193
2027-06-09,68440.8,71581.28,68231.78,70816.03,2023856.56,0.03411624947523159,75.75246918569313,517.1598840973224,80.5493563439945,0.0398102560354469,59.77534098969307,0.6343671150749747,1.0345180985562252,0.46908591352475276,0.1404
2027-06-10,70816.03,72444.55,70470.17,70996.15,3968743.66,0.0025402627173284173,73.63546414432562,557.5064610161457,84.10883476524792,0.037733776509606236,60.10468235077384,1.0132656226160621,0.9731891941011482,0.9022451246770324,0.1535
2027-06-11,70996.15,73820.59,70925.93,72363.42,3090869.02,0.019075272872838757,71.47516561391744,623.747761489273,88.16792920412327,0.03581211533198383,60.11988443784565,1.2524266297688855,1.0054491321416466,0.7063197209304052,0.1669
2027-06-12,72363.42,73233.41,72064.58,72070.71,1374674.56,-0.004053202670738482,74.69957924040203,595.3892016890245,85.37905036771939,0.03489549162402463,59.78660299601604,0.9871860832769214,0.9245885130819791,0.3122670234306003,0.1477
2027-06-13,72070.71,73847.92,71669.43,73341.68,9270452.39,0.01748134896821689,75.19822547590917,607.6572768712131,88.8344215112838,0.03306543135791212,61.314757422986396,1.8450016047964723,0.9530794349504217,1.9176220933834336,0.2337
2027-06-14,73341.68,73402.7,70576.92,70869.53,1666378.77,-0.03428848845025257,69.11701069516774,404.48407937899947,84.28073472106263,0.03456247598327637,61.8488608955737,1.4766358572608407,0.7547967430858491,0.34417156116899367,0.1438
2027-06-15,70869.53,72387.7,69519.63,69879.33,1317043.31,-0.014070683584038755,64.98911264214772,170.57982656479044,77.63637269244578,0.03674683609178736,59.43608045040923,1.295919204305198,0.6646099351308522,0.29355842713926167,0.0258
2027-06-16,69879.33,70772.95,67575.3,68845.55,5629353.14,-0.01490430752984774,59.97037577197979,-73.49436864344125,64.14558942750675,0.03866299274244471,56.57480559584512,0.5001749190053948,0.5655120080967143,1.308281737953378,-0.012
2027-06-17,68845.55,72618.01,68830.36,71299.15,9419955.55,0.035018816065430454,70.36605711933169,-88.42416111646435,64.9810121153667,0.03825126747152631,56.540561558893394,1.612851683671322,0.7430796145295319,2.019469089764424,0.0241
2027-06-18,71299.15,71931.75,66838.31,68214.93,991660.47,-0.04422095004351787,58.729569933205354,-312.15723532127686,56.9427595027716,0.04291809725524267,56.26434113660332,1.3750029503251249,0.47556037499221904,0.2126584242574909,-0.0299
2027-06-19,68214.93,68689.3,67868.92,68288.67,3463531.56,0.0010804111711778287,49.49304810526412,-452.7906047607489,45.51620648747754,0.03869979979317902,53.65229016475448,1.6601550203978201,0.470430129570288,0.7546102776693726,-0.0775
2027-06-20,68288.67,68455.72,65292.45,66099.6,6554471.29,-0.032581171616109045,45.10739113952317,-677.3417020353568,23.42897755416439,0.04000687706776094,49.5834427330033,0.6835591375939214,0.2657238767375226,1.3751121140483658,-0.026
2027-06-21,66099.6,66313.6,63087.85,64235.09,5479248.22,-0.028613060814206476,41.34190287723095,-920.4630060685142,13.595783432407663,0.044369907475798,46.470755248325126,-0.2361242290832614,0.1053681845439168,1.1464409041645467,-0.0016
2027-06-22,64235.09,65868.54,64146.96,65554.78,5552981.33,0.02033649439718231,43.1177941225493,-957.1728089273429,14.341012376261745,0.04169841946361956,44.1827882073701,0.6591522669445755,0.22016623269700336,1.2628167735856748,0.0173
2027-06-23,65554.78,66090.9,62587.99,63476.72,1336299.05,-0.03221290447907811,32.24654561230672,-1077.2383699682462,13.82719248940615,0.043236143446418455,42.80208797072736,0.37495561688656803,0.040091209119282156,0.3383554455684541,0.0555
2027-06-24,63476.72,65915.43,62888.32,65913.75,3607100.92,0.037673844707068666,38.91612509244784,-952.6579303850008,20.118601834183888,0.04277838192225663,42.168903891486,0.8945733436265606,0.24185951309734247,0.9297653827638914,0.0315
2027-06-25,65913.75,66235.55,63842.05,65017.22,1029781.15,-0.013694911326442254,33.643313712759365,-891.83754096335,19.66773624109005,0.04281767858685744,42.360634599360274,0.6699297577877911,0.18979938545297415,0.2679634611237311,0.011
2027-06-26,65017.22,65264.06,63657.59,65004.67,3554095.75,-0.00019304441796652434,34.0683438474407,-815.7228044423553,24.191002963584893,0.043306833625507135,42.58366492629339,0.043165183761607655,0.2122053473959514,0.925875474293911,0.0509
2027-06-27,65004.67,65554.24,63259.15,63627.88,3461237.24,-0.021407374396491374,28.2025067855935,-819.2153401338276,17.550760952968407,0.04437480865305516,42.43131555191645,-0.6814013779747513,0.13651723775498223,0.9397737769934749,-0.0189
2027-06-28,63627.88,65991.94,62055.73,65069.51,2755897.84,0.022404344054430207,36.3537931616228,-690.6889497794896,19.870530920517965,0.04461062375559585,43.28780775935349,-0.30996890109261704,0.26961742356643553,0.729578882902739,-0.1251
2027-06-29,65069.51,66166.64,64763.68,65301.97,2082170.33,0.0035661211540084395,38.83225348691076,-561.7454047032388,22.961070138050342,0.0428492542305429,44.668186443196994,0.028765256080462882,0.3081191924187675,0.5507953944238435,-0.1405
2027-06-30,65301.97,66055.72,64687.52,64973.54,3343926.29,-0.005042094186362345,40.21642070466702,-473.8141868829044,28.96416935229678,0.04105464646508877,46.733725898807656,-0.9224655242680598,0.3038173295590557,0.8919381106063246,-0.0869
2027-07-01,64973.54,65424.25,62367.02,63524.55,2846923.0,-0.022553664738385142,29.30492927356687,-486.6298039762071,24.4105585748005,0.04116979745850142,49.66773337578784,-1.5880245961052315,0.21556896034938683,0.7618491673676429,-0.0698
2027-07-02,63524.55,65113.72,63208.04,63448.45,4694111.94,-0.0011986801778634342,34.892853384478755,-473.19600934103016,21.164144089354284,0.037630481348013056,53.657847521855004,-2.3782356943983887,0.2319844424355259,1.2027453834570683,-0.0234
2027-07-03,63448.45,63747.13,62556.64,63183.79,2457999.35,-0.004179984265472449,34.013778849167835,-454.9687629495801,17.83119508051341,0.03820651060749539,58.78055851828953,-2.347701210319647,0.21679415623972909,0.690021224404385,-0.1231
2027-07-04,63183.79,63410.48,62692.28,62913.48,1984986.15,-0.00428733174083817,38.65967052312953,-434.0161801959198,19.588681305459865,0.035594665653750676,64.98050342707619,-2.2157196530997787,0.21018569850722912,0.5547538314622956,-0.1012
2027-07-05,62913.48,63154.18,62390.3,62448.22,3376730.03,-0.007422715808565308,42.93642956542553,-423.9058213135471,15.720377122865765,0.03304395911638631,70.17095843764228,-2.2407145275255793,0.1860888208857209,0.9173097455533811,-0.0634
2027-07-06,62448.22,62700.34,62163.12,62293.09,1845514.59,-0.00248722864900926,35.7988946288412,-400.3632208302299,11.737959921820499,0.03176819910063809,73.96510695897102,-2.084950649587823,0.19660565829111978,0.5285083055271979,-0.1278
2027-07-07,62293.09,65879.99,62094.92,65200.65,2397672.59,0.04561893349394428,57.0002022175803,-173.26946399369638,30.103130437761763,0.03066063868118286,72.07693744613461,-1.5773690774858473,0.5768152976705526,0.763391380247337,-0.0783
2027-07-08,65200.65,65405.69,63487.01,64733.77,7494928.71,-0.0071864254186351124,44.29591000086999,-45.452377119817584,48.32999188151236,0.029658708275444243,69.6384861778699,-2.077314193467095,0.5378296848433952,2.1624267645718005,-0.0799
2027-07-09,64733.77,66382.77,62256.26,62946.73,2692193.46,-0.027994199637195582,40.784543773231505,-70.70629847547048,53.30090192683946,0.03246723743347915,67.43329442406532,-2.0425346775022764,0.22362704801294733,0.7854883836576168,0.0776
2027-07-10,62946.73,65128.44,62435.52,63771.0,3132775.94,0.013009728406861562,44.87912923518532,-23.76945236324991,41.43428985246529,0.033264493264958506,65.10580899022585,-1.521788517834282,0.4177532225207711,0.9620576527708448,-0.0351
2027-07-11,63771.0,63871.0,61326.65,61842.2,1351861.58,-0.03071256223355911,42.912573267912435,-109.68565913888517,23.47624060920934,0.034589880141940955,62.56939528046233,-1.4619924080728937,0.05162006515511265,0.44323921060820864,0.0351
2027-07-12,61842.2,63564.79,61435.05,62957.87,2195904.02,0.01787979320751546,41.39620390514366,-79.82675737704199,27.36652211092722,0.03192739389508247,59.42437176831816,-1.1378005644129972,0.3032046147217787,0.7619096603738746,0.0136
2027-07-13,62957.87,63519.46,62517.02,63422.22,2196770.97,0.007348500694864481,42.48307467091503,-20.351292960711817,27.968349907251717,0.031242554153052854,56.75173168952767,-0.8459310887169594,0.4027077387660572,0.7509996654959571,-0.0679
2027-07-14,63422.22,67146.59,62986.51,66919.99,1679637.31,0.053683453458535424,56.209647420282586,248.20161952712044,56.6049949708951,0.03258954675362052,52.821293987767206,-0.6135265171602974,1.082251765110737,0.5937724435235734,-0.0909
2027-07-15,66919.99,70505.96,66242.52,70193.11,2419949.92,0.047752431380318386,69.05638249419508,618.8198986540779,78.04816286393545,0.03229732946723229,49.69029478306833,-0.2966609217739817,1.2933472090057712,0.8349652161931017,-0.0724
2027-07-16,70193.11,71889.01,69697.27,71438.85,12324451.27,0.017591680947493967,71.40297944506132,903.1892786521148,96.14545150527294,0.03202015230007953,46.99476052814736,1.0730284911867214,1.1954832579629207,3.693513931317794,-0.017
2027-07-17,71438.85,73348.52,71074.64,72713.48,16423448.37,0.017684947869454754,74.21588054344996,1118.3775480425988,95.6824975233788,0.0325231010418224,45.01935451033937,2.3989158980190193,1.1289738948060155,4.121428022406786,0.07
2027-07-18,72713.48,74812.16,72060.56,73649.05,1250863.66,0.01278445709583429,76.38796782334815,1254.7368871513765,93.94360460135124,0.034082051489942825,43.43345357727333,2.1887592962571043,1.066745578319379,0.3199433575406345,0.1376
2027-07-19,73649.05,73976.43,67217.39,69516.85,1681118.13,-0.05774207475093623,64.72095775124045,1008.2665567122991,82.27535845911687,0.04226797429070801,39.57903897024579,1.8726257939482727,0.7603980757376901,0.4322097797184781,0.0824
2027-07-20,69516.85,71962.86,68881.19,71650.95,7669568.98,0.030237243855080774,68.00440208215731,932.3689713848482,76.22230576862904,0.04354558951615327,35.793631732309464,2.113912628232343,0.8582218607774811,1.8679519928360893,0.1348
2027-07-21,71650.95,72658.73,70887.6,71730.38,1689464.48,0.0011079546845527246,64.09726087276347,834.1124581869612,71.47975864459596,0.04149190343059083,36.249273154214976,1.920518732311921,0.8246379346341604,0.41735807636776845,0.1476
2027-07-22,71730.38,73041.77,71438.71,71869.89,374724.9,0.0019430331696716305,65.6273158079735,728.9256251736738,77.2959766939399,0.04109767963030557,36.809758155815295,1.6943015502544485,0.79927578271897,0.09778761492291549,0.1075
2027-07-23,71869.89,72593.82,69127.65,69718.09,1922869.85,-0.030397575956830375,64.59536077102156,477.02164933393396,72.51835488604247,0.04168958976684752,35.90575904209886,1.4112743091284774,0.65526097898362,0.5053173540822474,0.0916
2027-07-24,69718.09,71091.19,69453.73,70040.65,19571341.03,0.0046159628046872295,63.812692082751504,303.18407923255154,68.34169910266522,0.04042122069724035,35.09275398932935,2.047122765747077,0.6558992954762789,4.177813461321851,0.0515
2027-07-25,70040.65,71952.63,69403.85,69630.53,5466634.51,-0.005872667198654923,68.38902617328613,139.94092875772503,62.70268658182773,0.04066384386273655,34.65446700200196,1.566187824405581,0.6136020230498646,1.1414779309687375,0.0508
2027-07-26,69630.53,70439.11,67712.76,69767.96,12862719.83,0.0019717580086465853,66.8580521256282,26.520039090790306,61.61882991955522,0.0411945540617726,34.09976374864741,1.8319207434840745,0.6039957960874337,2.4087738523552087,0.0118
2027-07-27,69767.96,70072.81,66921.82,67610.61,4690632.71,-0.03140995519991372,59.56632146112916,-196.23545537290215,53.11375861654799,0.04477888688095565,33.07383281268802,1.4513592948487801,0.45352466293415833,0.859941837256953,-0.0402
2027-07-28,67610.61,68228.03,67449.49,67523.59,1533324.7,-0.0012879050903226693,51.633065628501434,-343.27166662535774,37.67508667137927,0.04125949591415197,32.539474706818986,1.2541949847067795,0.43688523790208006,0.29735690865535686,-0.0143
2027-07-29,67523.59,67767.76,64714.79,64744.55,3310887.79,-0.04202749115254329,34.85375142440833,-606.1566587130915,18.115318861183578,0.04169504835320849,31.420673601089266,1.0254068100257117,0.23152250256341717,0.6382498891016474,0.0179
2027-07-30,64744.55,65648.06,64485.63,65622.81,2359425.05,0.013473821773384069,33.494995748646076,-693.090661064009,8.751961422471686,0.040016649698475265,30.779315940905256,1.021164341567537,0.280385346597186,0.4582493467457756,0.0076
2027-07-31,65622.81,67229.56,65020.94,66762.04,3319083.56,0.01721130662028619,32.9799549518568,-646.9505781892691,11.117078708111746,0.03926398251803237,29.310515109518793,1.0660237333405267,0.32777866538455974,0.6325508552385669,0.0756
2027-08-01,66762.04,68201.7,66303.13,67671.46,3875483.15,0.01352986975658454,32.87956387697626,-533.0123822452877,22.208022025300192,0.03783593345174578,27.918159962118644,1.1441241152148942,0.36935247313851066,0.7269547756983291,0.0588
2027-08-02,67671.46,68861.47,66830.62,68459.79,7080942.72,0.01158204030942332,46.255172315605066,-389.065308877779,34.01996528876955,0.03246701457891814,27.053064365822127,1.371703615926077,0.4066034512543172,1.2700493967441102,0.0407
2027-08-03,68459.79,70247.94,65832.74,66833.42,6985942.96,-0.024043310776893784,32.29613394773568,-387.0689502387097,35.81847827862085,0.034682306290128424,25.256505682463978,0.9855810006701872,0.23914593072086707,1.1960912367412007,0.0717
2027-08-04,66833.42,66921.34,65138.15,65192.49,9290158.51,-0.024858976586442615,28.4475159500966,-474.19617871936595,27.383103439914805,0.03556849219025405,24.768631419717334,0.41359788299589817,0.12080419961065797,1.5022520537661823,0.0615
2027-08-05,65192.49,66804.62,63659.62,64850.51,1388348.41,-0.005259503215570049,27.165084346759414,-528.6402482807237,16.343609175775615,0.037454403101174795,24.947115934430247,0.22894724973683175,0.13446729532244248,0.24627681723525058,0.0627
2027-08-06,64850.51,64917.06,64183.24,64732.23,12447246.21,-0.0018255522741489952,31.30721218414203,-544.2642094637088,11.50830175566992,0.03450783768323659,24.70318807452867,-0.8140970202647019,0.15770967557518437,2.288711376261791,-0.0665
2027-08-07,64732.23,65851.55,64051.29,65628.4,2257270.5,0.013749306333913911,34.139927375279385,-468.757127636517,16.6679012883582,0.03421381379315225,23.904418715169225,-0.7267288943946878,0.25738052748450996,0.41124582284094247,-0.0623
2027-08-08,65628.4,67932.01,65175.5,67171.85,2857134.89,0.02324573186343369,41.827968139495326,-297.7127898015409,29.49361271560208,0.03364855537379683,21.776612290583362,-0.6144375169100235,0.4282290585245255,0.5150161992517847,-0.1506
2027-08-09,67171.85,68277.11,65283.79,65292.06,4102644.44,-0.028383824716874877,36.6674570254102,-293.53860940989864,33.44157404686816,0.03490937489182678,21.4021932731516,-1.0702830401255619,0.2542199586139168,0.7640909867366823,-0.2041
2027-08-10,65292.06,65697.62,63386.65,63529.85,5602609.62,-0.027360562053683733,37.551432294523565,-386.0015135459406,26.22385299509782,0.034933241168178725,20.71983124691128,-1.5907223618647444,0.09671966415415,1.006763440670967,-0.2606
2027-08-11,63529.85,64213.42,63210.61,63995.02,10705479.74,0.007295393645716809,39.47865746900449,-391.1616483063327,12.670424855293271,0.03492963760527781,21.06159899282603,-0.6061507109675193,0.1637572608634867,1.7603327930875357,-0.2997
2027-08-12,63995.02,65258.24,63020.07,65064.36,1417303.63,0.016571666030692954,51.0618616324567,-301.88334129782675,13.838974064544919,0.03346106619879947,21.111854954034026,-0.5585114305228649,0.3147320268258444,0.2340240490620751,-0.3122
2027-08-13,65064.36,65357.72,63966.08,65069.54,5843431.68,7.961030911595124e-05,48.0499229861639,-225.31711687269217,22.594984778605852,0.03371001239596377,20.54658287104897,0.09584077038017562,0.3332136705816088,1.0881957134941531,-0.3209
2027-08-14,65069.54,65754.64,65030.97,65215.3,1717187.87,0.0022375598084075207,44.13775224742019,-151.24727707509953,29.00342701234391,0.03200824258811691,19.610393600157757,0.2577444401074348,0.372092713139851,0.33135230080028266,-0.2717
2027-08-15,65215.3,66680.85,64368.35,66318.13,649497.89,0.016769209826732176,44.944900524639,-21.202291547246887,34.78553617220368,0.03192179229764547,18.361004726325113,0.3815594856089371,0.5841077290439693,0.14206917209405365,-0.247
2027-08-16,66318.13,66323.17,64306.58,64517.22,5550448.48,-0.02753114889310703,36.30897108456842,-48.15192094763529,32.23835883411636,0.032797057901745766,18.7222335148098,-0.20615055015850525,0.2732540827640963,1.2027775137238315,-0.3297
2027-08-17,64517.22,66742.58,64044.48,66330.04,3722025.52,0.02771072166869807,48.274301636444015,58.639564847163456,43.101984214461176,0.03005161763809728,19.426418879076973,0.24052797682004057,0.6355829268398112,0.7878757329873656,-0.309
2027-08-18,66330.04,66435.59,64287.86,65056.12,4737302.53,-0.019392604573744143,49.52042543774796,46.537017458034825,40.80205289384079,0.031040332122915713,20.03140124628868,-0.2833463128803908,0.3774971963488761,0.9878747859349261,-0.2776
2027-08-19,65056.12,66467.92,64801.68,64879.28,2515895.95,-0.002721969673941185,50.10236488816613,30.455444306877325,45.686229005842904,0.029496903435774272,21.47564209429753,-0.5210213123984117,0.35091274607969425,0.5237879502908739,-0.2802
2027-08-20,64879.28,66278.96,64530.81,65957.4,2512750.19,0.01648076675053115,54.080496865109716,92.74211879927316,43.32342915396624,0.030113224596477396,23.482988043682578,-0.1767280650341812,0.5749944030749692,0.5275611591987098,-0.2692
2027-08-21,65957.4,66557.61,65422.14,66216.47,1694623.06,0.003920144454757127,52.04540253062096,148.4020866702544,50.680864770446185,0.02927828982728476,25.721940110928987,0.10215870861963638,0.6536231129333566,0.3641287099131023,-0.2463
2027-08-22,66216.47,66419.54,65905.22,66123.2,6709140.57,-0.0014095549043269468,45.943399072478215,174.1670216783579,58.56819300076611,0.02689749696669704,27.08533534849414,-0.7118003908018362,0.6964531045827727,1.4473946746785211,-0.1957
2027-08-23,66123.2,66680.68,65120.91,65950.69,2150030.46,-0.0026123270557761595,52.93560766384136,174.3898152296935,66.18578292804547,0.025415232848312687,26.04882223925077,-1.0044608405734232,0.671439892124624,0.48936326122757434,-0.2647
2027-08-24,65950.69,67198.08,65680.53,66429.08,2406299.45,0.007227570836553466,64.59226927682215,199.7330578579016,73.11639347253764,0.02437907142043877,29.06244141463289,-0.5102176714521621,0.7811125696835989,0.5942457981328528,-0.2636
2027-08-25,66429.08,66483.39,65720.16,66386.33,7217715.04,-0.0006437506231596196,62.570347497057874,205.7796072845954,80.29732999037607,0.024136993693900325,32.55014351308144,-1.5958643102377947,0.7439832111234843,1.6627607593146865,-0.1751
2027-08-26,66386.33,66657.88,63611.17,64767.07,2465550.14,-0.024693866614388174,48.522654877311815,98.33619460411103,64.7968369540856,0.025632150500463104,30.82315966693389,-1.8436506196444982,0.30087230446356755,0.6417833710949729,-0.0955
2027-08-27,64767.07,66933.93,64542.89,66332.88,1365679.45,0.02388840668300809,55.43500145343843,128.43143199218878,62.89178751569856,0.026103268846456508,28.669787668538657,-1.4912869820097603,0.7152148816112882,0.35966025439168026,-0.0481
2027-08-28,66332.88,67236.41,65092.42,65949.61,5723939.66,-0.005794736287224125,53.09580202588806,118.47713519664697,57.536295922054535,0.027793286852964713,27.078708014130633,-1.9889938096373831,0.6403352953095621,1.4526004196133013,-0.0189
2027-08-29,65949.61,66675.62,65444.39,66131.91,3746706.5,0.0027604181986867564,49.14884397756326,119.76570971871155,69.97214350224846,0.026548800074617386,26.919685962333894,-1.3733975118491861,0.6789235228388383,0.9551392587710767,0.0648
2027-08-30,66131.91,67407.11,66088.9,67225.06,11372173.04,0.01639471090599423,63.23288517312718,185.88889777607434,76.41385236444974,0.02537503977576691,25.875171720853107,0.02284474752862501,0.968894372894684,2.700485288071371,0.1574
2027-08-31,67225.06,67291.31,66122.34,66179.99,3485965.67,-0.01566794328922986,49.20723646945883,152.30299523314022,77.4699891556587,0.02412534362727704,25.94488355963895,-0.41459623774060356,0.6309700344325657,0.9054025128334261,0.1431
2027-09-01,66179.99,68421.41,65748.76,66789.09,696694.53,0.009161592460192847,59.84764021812032,163.20013052079477,76.31421410413687,0.024466709843090267,24.153088352574425,-0.2896897613316666,0.8093004923541212,0.18266035767013009,0.0875
2027-09-02,66789.09,67479.69,62511.41,63659.89,4445167.65,-0.04798504992776755,44.81166716395133,-37.53441245644447,51.05712718680451,0.029374371927346914,22.980944735628817,-0.7968184404341729,-0.12463394537234695,1.1872016823004197,0.0696
2027-09-03,63659.89,64205.39,62627.94,64127.44,4929840.02,0.007317659526458166,41.787051082440975,-130.77102408763096,37.61418180031782,0.028970070044448033,22.002579579256125,-0.048785741497540905,0.06234912946745487,1.2624843154601575,0.2209
2027-09-04,64127.44,65105.18,63031.22,64774.93,1580965.7,0.010046292334467391,43.748265261691714,-139.96099364069931,28.358883248682947,0.029715376436086165,20.765977530312426,0.2859370128739183,0.259858492606903,0.4000980471025853,0.1314
2027-09-05,64774.93,66649.8,64160.07,66444.11,5758240.95,0.025442497373175076,51.22437720423599,-30.46953444199147,44.06232374499027,0.031092479722534202,19.85196481556763,1.1972855904335713,0.6781812148630472,1.4534276435434546,0.1013
2027-09-06,66444.11,66580.26,64779.12,65433.13,3314917.06,-0.015332438035989032,48.14408147117005,-23.302681785486442,51.42662154531621,0.03183636266739096,19.880308858679534,0.7795159861251633,0.4162397475844113,0.8410336117608085,0.0256
2027-09-07,65433.13,69048.44,65066.23,68011.14,10691817.35,0.03864281016696997,54.930649399388,148.44746037890266,66.70399047769217,0.033218087507424054,17.554179320805847,2.234150925979536,1.0139087063146484,2.522127564304305,0.0306
2027-09-08,68011.14,69824.73,66983.33,69350.33,1369583.81,0.01949938993313085,58.546929679403824,334.95485356210594,75.69401008847485,0.03471707653424817,15.188448229769635,2.0661841122699003,1.141863873404681,0.32750354626435507,-0.0311
2027-09-09,69350.33,71132.99,68341.3,69360.75,8680347.81,0.000150240341573231,64.60098456974353,435.3723530322596,85.6964275473045,0.03444923822190007,18.0094629095282,2.525579744135163,1.029265504025692,1.9331461161683323,-0.035
2027-09-10,69360.75,69419.54,68737.02,68778.94,3619111.59,-0.008423552134070015,58.29357307874829,437.77928700512206,81.88439500771712,0.03296630999463684,20.97648268159798,1.8728014586972626,0.8802466707110057,0.7890801417208103,-0.1307
2027-09-11,68778.94,69534.66,68166.96,68522.94,2011576.38,-0.0037290137127258976,58.80104928651681,398.42356734805685,73.95550854165866,0.032280263681451024,23.25947690393253,1.4854911960334491,0.8065631068120962,0.4622596129264758,-0.0933
2027-09-12,68522.94,68597.57,65585.77,66343.83,1833141.13,-0.03231781497222384,50.63768862505225,211.31844196228684,62.29128922224351,0.03525756868207321,22.437874072962966,1.186806405163828,0.46819563944249915,0.4227946671222358,-0.0275
2027-09-13,66343.83,67880.44,66287.69,67205.33,2884311.95,0.012901795116394367,49.939791059598534,134.9782006027658,56.20729224412514,0.035097396930523085,22.536481584956153,1.2966252210180642,0.5947883708865351,0.6615891678040308,-0.0453
2027-09-14,67205.33,71443.09,66421.52,70815.92,2387504.38,0.05233127431980665,62.23192136366808,307.19798307889033,63.9578236068709,0.037193866254120314,23.24926535259011,1.3401413175740968,1.0329037554613278,0.5797500272220049,-0.0498
2027-09-15,70815.92,71546.77,70053.27,71007.53,11407847.9,0.0027020935759728398,61.38110922088848,407.2908449276923,80.4846274151024,0.03590735879902449,24.92409611053481,1.9541992739338587,0.9775873935641322,2.498829497818597,-0.0555
2027-09-16,71007.53,72053.4,70610.42,71468.18,2641954.76,0.006466387921708605,74.60995241388282,473.1701230956862,93.6003684906562,0.032152570756459595,26.577583695161668,1.8627241388994273,0.9558971915849676,0.5707287039729929,-0.0437
2027-09-17,71468.18,73563.61,68460.93,69194.24,849834.4,-0.032334693512463014,64.3369053919867,338.55789349573035,82.11262956820698,0.03684826738674327,26.915686512871137,1.6360455283024182,0.6835957058623031,0.19378786013117758,-0.0434
2027-09-18,69194.24,71634.58,68107.49,70609.19,5782927.96,0.020242683834478758,65.82134446639839,319.98276646243175,73.62927605908735,0.03757985125084255,27.360458792962753,1.8235545867397653,0.805846793769463,1.2887620018537327,-0.0028
2027-09-19,70609.19,71605.02,69977.47,70470.38,979171.57,-0.001967826309554092,61.90670805984145,275.2245473747374,63.96145104744922,0.03677997154873014,28.434815616139492,1.5469773184997124,0.7652045508788459,0.2467952578966462,0.059
2027-09-20,70470.38,71023.72,68661.84,69428.49,1761877.37,-0.014895177684951466,61.79373828061016,158.1418249860335,61.56865293062426,0.03790880989304316,29.19695533324992,1.2909827048801745,0.6404662178469804,0.45393513378939854,0.0153
2027-09-21,69428.49,69896.06,68369.97,69752.07,3817242.92,0.0046497956754774795,55.92796265282198,88.64584306952668,56.11584522866004,0.03521779763258542,28.59898155377736,1.3957566231026812,0.6584099961878068,0.9454778085063422,-0.0009
2027-09-22,69752.07,69993.01,69141.36,69385.63,1247355.34,-0.00526731212642595,50.128725940864996,8.381896186345784,50.39670802303886,0.03335545538339785,28.060523323698785,1.2210153101904817,0.6005167665989233,0.3216923922003384,0.0442
2027-09-23,69385.63,69988.39,67843.25,68541.32,2923593.0,-0.012243010466061667,47.18315814323461,-104.93928484775654,45.63352987770426,0.03309255122102711,26.95488907740869,0.9357635946871117,0.4728755083388402,0.7740175759090454,-0.0291
2027-09-24,68541.32,70292.39,68241.67,69005.26,2002604.77,0.006745958487838405,50.78434525559078,-149.3109797117637,42.51317817014484,0.03428630968545544,25.709880492618367,1.0104324547584427,0.5075005722593539,0.5272443259973218,-0.1262
2027-09-25,69005.26,70018.3,65288.29,66680.48,7148423.36,-0.03427047715884326,44.415467898096,-325.76972036869176,32.24424888740321,0.03908341263118267,25.79316912536757,0.35929494717221694,0.14451428113435752,1.8482089013104341,-0.1085
2027-09-26,66680.48,67238.53,65419.05,66095.95,5472531.9,-0.00880478223827873,49.168272766343044,-463.9666190599621,23.14853858557154,0.03814053659868143,26.727645846503567,-0.2548411458225345,0.027569407963185046,1.3765166557138824,-0.0783
2027-09-27,66095.95,67205.24,65637.25,65983.49,1671235.77,-0.0017029149605277925,45.68330073553217,-539.7533483392285,11.661381876054348,0.03817873878103517,27.96375641803897,-0.5148536689038739,0.06276148409889455,0.47416204627424846,-0.1105
2027-09-28,65983.49,68067.44,65513.78,67164.61,14909527.53,0.01774191268425593,34.4267385249334,-488.6662663135296,13.611477662881603,0.03488276255690005,30.397236758931562,1.00741159617457,0.2619372893883177,3.548530541037517,-0.1339
2027-09-29,67164.61,68711.64,66008.85,67962.99,2397877.68,0.011816820402004916,37.653713204512016,-384.0470099548411,21.131992478815214,0.035743939458809014,32.54917827358969,1.151926185214908,0.38931325598137184,0.6168201731593441,-0.1652
2027-09-30,67962.99,71625.3,66922.52,71235.77,2686511.34,0.04703178759953334,49.23256048894149,-92.57338993741507,42.288394889814235,0.03737038087947226,30.468287781919255,1.3136587641214714,0.8318901131240785,0.699457032179255,-0.2003
2027-10-01,71235.77,74661.49,70852.19,72784.93,6988386.85,0.021513848375580572,62.4528598959194,190.95098822403406,61.39033853669792,0.0353057091822197,28.75795633423162,1.8651286804014935,0.9653755259243578,1.7087802652606536,-0.1556
2027-10-02,72784.93,75057.07,70237.71,70569.3,3087065.27,-0.030913722545131254,49.86893646280367,213.9348006958342,68.6365613313033,0.03772219040614253,27.377106939603383,1.4481026230416292,0.6691875438715661,0.7434431230367897,-0.2069
2027-10-03,70569.3,71311.24,69960.92,70850.06,496463.31,0.003970607261484473,51.235956811358164,231.23816176661262,63.65790804869774,0.03729321370470338,26.392686872727797,1.4291621997352106,0.6852108272797846,0.12310034600227675,-0.2098
2027-10-04,70850.06,71376.71,69863.66,70310.54,4768278.8,-0.007644096541240147,52.96838812150614,191.1986633464012,54.13514618333011,0.03671705144471011,26.83411859818496,0.7708091426821742,0.6181627914974072,1.1484195394384824,-0.2446
2027-10-05,70310.54,70968.41,69051.53,69739.77,1565332.74,-0.008150973176452072,49.9592838723755,114.88662575877163,51.30459825411361,0.03741780745353637,27.230511742560534,0.48249100866540845,0.5514257076810299,0.4276970777568587,-0.3051
2027-10-06,69739.77,70173.65,69151.5,70133.07,1105232.76,0.00562369415734334,52.46982441807617,81.10291174427186,48.85806279455346,0.037381621211540914,27.177284785508892,0.5805650482576845,0.617651060298206,0.30845939622433566,-0.2463
2027-10-07,70133.07,72256.77,69386.97,69562.45,6848128.04,-0.008169527178116389,53.43635476384504,14.046152700033872,46.30540695285085,0.038432362369552865,27.279249540585617,-0.4408864931591802,0.5349572741263603,1.763623093828779,-0.26
2027-10-08,69562.45,69603.9,68221.65,68706.81,3682154.45,-0.012376589304290187,49.02144011706239,-88.57160481225844,42.7807088841089,0.038216028783333814,26.784161022398866,-0.9119705235791432,0.4273526060127683,0.9746435778317041,-0.2376
2027-10-09,68706.81,70918.28,68269.8,70444.84,5956244.45,0.02498167127405973,62.836517148356265,-42.375082099183714,43.63102115559096,0.03516255717644278,27.929133173337163,-0.056066836114292716,0.6745454856831445,1.4791495596445317,-0.3011
2027-10-10,70444.84,70985.67,69316.67,69998.35,5586746.15,-0.006358321884220369,63.433705160129065,-44.64073118857277,44.71055533655701,0.035233289682639536,29.929230564081706,-0.82085624082918,0.6065325048087113,1.3244865186236259,-0.3232
2027-10-11,69998.35,70487.07,68802.25,69663.74,1663206.94,-0.004791717498080392,62.47812238655367,-69.92109614217372,47.540986404723505,0.03552231250944592,31.528030268288624,-0.9673090757971239,0.559856870189,0.4046392531273197,-0.2692
2027-10-12,69663.74,71619.51,69259.88,69991.99,6065834.61,0.0047008540855853174,60.17486760354341,-65.8398596657874,44.83291760374994,0.03515770671961899,30.754035442358603,-0.11676818322466274,0.6015897290428509,1.394038067864,-0.1264
2027-10-13,69991.99,74803.09,69675.94,74169.65,2383180.45,0.05797422991781186,67.96613486023364,202.24113023273435,58.86587253418495,0.035512186299531866,31.06544865091602,0.18852769121956361,1.056818950326414,0.5511201606437505,-0.2189
2027-10-14,74169.65,75450.79,73099.32,73593.18,3023432.83,-0.007802678450426751,58.086110155847,317.8803840473496,69.13861479756183,0.03350820978636035,32.962927257987864,-0.21878839005689157,0.9225141726630235,0.6910245937547816,-0.218
2027-10-15,73593.18,78920.74,72885.53,77634.99,1873562.6,0.053465869227374764,64.20675166735475,625.9134369620074,83.79240406819086,0.03381167802963518,36.03778059475535,-0.01209750565439673,1.1664852095364713,0.45568315916038155,-0.1865
2027-10-16,77634.99,81202.59,76377.54,81039.03,2189225.29,0.04291266284572403,78.67167050822113,996.2600194459253,87.0088269075809,0.032396435572900985,40.0891525879072,0.21233096930966872,1.2185394633300914,0.554601917585721,-0.2079
2027-10-17,81039.03,82626.89,80364.23,82425.82,530440.06,0.016967846875317494,79.88989878066597,1255.2424747844711,95.10893669835492,0.03264199078811142,44.65775830094229,0.19421990951920517,1.1436846653039927,0.13634793895152783,-0.1551
2027-10-18,82425.82,84988.15,81600.55,84149.13,734423.77,0.02069184455616036,83.67415668489343,1449.462733171339,97.44668070115603,0.03356468790246493,48.820027794930056,0.3048392900565431,1.0985560458432782,0.23083571312056822,-0.1907
2027-10-19,84149.13,84396.77,82084.9,82694.63,10958811.12,-0.017435915475627187,80.22384786467636,1386.8059252612734,93.30695386788243,0.03449622855973249,53.81448739317755,-1.5841875469163222,0.9506336023388419,3.035990318740674,-0.1734
2027-10-20,82694.63,82866.53,80388.59,81647.86,2852943.92,-0.012739056784311385,76.06926695413264,1189.2876869808651,87.13142277751051,0.036212067984910994,57.814200914420674,-1.7959585213104747,0.8544167634335574,0.7885515824271334,-0.1909
2027-10-21,81647.86,82850.17,77819.15,78638.74,2529419.58,-0.03755115631242145,68.50529838903067,789.6519294791019,76.17626417753095,0.03956079044864297,58.57566006375419,-1.9888522382106224,0.6980454092805131,0.7450411910966542,-0.1203
2027-10-22,78638.74,78718.98,77089.12,77311.24,2627371.0,-0.017025100804119377,67.21206144305205,389.79967672305247,65.42963641824026,0.04046885217281132,60.36629007746952,-2.0872901060258706,0.6228619561526191,0.7791678932620684,-0.1481
2027-10-23,77311.24,81798.1,77003.19,80227.0,1755931.99,0.037020764043911324,68.6874452678242,280.6791526091415,62.26529897589702,0.04090909009969415,60.03311454855658,-1.661946688113853,0.7326325959088497,0.511189084811722,-0.1583
2027-10-24,80227.0,81052.57,80005.24,80846.3,5600554.48,0.007689704645998129,70.58755654070208,212.30948497067538,66.35875682222105,0.04004646559493968,59.675140139366405,-0.7085054846170692,0.7359251156874195,1.6109245253386364,-0.1031
2027-10-25,80846.3,81448.73,78274.16,79631.91,1650953.84,-0.015134929299228855,68.30656509060887,55.56000742100241,70.31349251247703,0.04199345822188448,59.17404712623954,-0.8821488803246573,0.6619418679112321,0.47429073587596043,-0.1494
2027-10-26,79631.91,80790.79,77812.82,78117.59,2992764.78,-0.019199636358435197,64.29972257915205,-167.63462055454056,65.16202720504208,0.04337290011853917,58.218274985431265,-1.2521558770198775,0.5760016912697122,0.8370745971946947,-0.1385
2027-10-27,78117.59,81317.58,77620.38,80784.83,2327765.3,0.03357394481731493,62.29527026894141,-153.5360868278185,62.114889140396876,0.04067653720205558,56.21231114876396,-0.7880166238419812,0.6830380487095254,0.6950112489574415,-0.2227
2027-10-28,80784.83,82796.75,79058.09,82493.74,3145062.3,0.020933211298291392,65.87471676973684,-52.25430688061488,66.59634314024593,0.04103501844936031,54.83094481345167,-0.25832722254460827,0.7466778045979027,0.9466253896690019,-0.2659
2027-10-29,82493.74,87913.31,82331.6,86894.4,4019074.41,0.051971176633836276,66.30602117912782,270.2631792289176,78.60874292587702,0.03858406624263358,53.68624314630271,0.43823485926916333,0.9260179866898085,1.2460178148211567,-0.2335
2027-10-30,86894.4,87333.75,84737.22,86316.29,6040559.91,-0.006675247892173403,60.320581318792854,396.19056581686027,85.306307083788,0.03699833815510276,51.23860599044576,-0.5397574917382567,0.8658620267663377,1.8596489241344625,-0.2714
2027-10-31,86316.29,86650.23,83980.4,84139.63,4329112.15,-0.025540659695622334,53.25120321106309,289.37903998137244,80.64687112367022,0.03830112941003511,47.73711710715363,-1.162396349143958,0.7367002141878026,1.2802262263018125,-0.2851
2027-11-01,84139.63,84561.32,83153.24,83705.67,788145.36,-0.005170963583323977,49.11545764956291,152.84599879042844,70.73561060733454,0.036810512017025884,42.872465815530624,-1.1601853660485377,0.7028072552527848,0.25280217723581244,-0.2461
2027-11-02,83705.67,84644.26,82382.27,83457.07,1397517.14,-0.0029743492272884114,51.59764975054907,16.32225042193295,61.999929117740884,0.036877471426750824,37.18927510471157,-1.2504673379151738,0.6679131711860071,0.45546156866386545,-0.2628
2027-11-03,83457.07,85431.48,83446.51,84068.33,6913059.59,0.007297552641946454,55.166250529535056,-58.201818201328024,61.78208855625626,0.03619048423381561,33.497759543578596,-0.10672182029618912,0.7069168911208872,2.118727958775206,-0.2085
2027-11-04,84068.33,85439.81,82627.01,84341.62,3559762.27,0.003245535550502341,63.78175694834937,-111.39481599499777,63.72508582240126,0.03419461572725236,32.291099448624486,0.5365205240555616,0.7114144008590473,1.0635220053288412,-0.1873
2027-11-05,84341.62,86971.8,84156.73,86208.27,1294751.91,0.02189065664121247,70.95478802408893,-46.491042863557595,72.13073733371209,0.03443622221924645,31.68450888139781,0.8758798873585963,0.84785974719569,0.39206140414472096,-0.1562
2027-11-06,86208.27,86979.2,83192.86,84164.77,2926153.1,-0.023989687602974714,59.67185492802896,-160.399540352666,71.73864907962893,0.03441637669265992,29.349686294034175,0.4919812848299374,0.6514388084118298,0.8550485662980184,-0.0863
2027-11-07,84164.77,84624.12,82636.04,84179.92,5084461.43,0.00017998785754261894,58.438390700603904,-248.66901661794554,70.56064961695336,0.03520843043260796,26.733174980298326,1.8770458644059367,0.6526167468522157,1.3969418265922164,-0.066
2027-11-08,84179.92,84796.64,83340.16,84440.65,2882622.09,0.0030925077265860374,62.789855226182254,-300.00211041651073,64.52390135747108,0.03364637935469238,25.69951613765995,2.152042569883862,0.6662610813873806,0.8908256401867284,0.0142
2027-11-09,84440.65,87526.7,83564.3,85424.25,3045315.65,0.011581097607499643,69.99817169779163,-278.6775895230394,68.60268812339932,0.034082108668536504,26.10774568820898,2.2483102675438276,0.7322827508330644,0.9383142323336413,0.0591
2027-11-10,85424.25,86353.34,83889.0,84423.25,1762565.24,-0.011787180731975473,60.95772336908786,-338.94792299016945,67.55566888428574,0.0334431231071631,26.940593161887588,1.6781567065843697,0.6260677376068993,0.5495693661040728,0.03
2027-11-11,84423.25,85708.14,81676.57,82383.85,3323075.89,-0.02445341503934697,49.67550702539812,-512.6965911728271,49.248616869214665,0.0345249619399183,25.926871928091888,1.0176187620738713,0.4013535943504116,1.0250204929898712,0.0931
2027-11-12,82383.85,82632.78,80390.64,81381.3,1862583.07,-0.012243905673387921,29.633099510128318,-681.1252048538022,28.60351036201536,0.032019131808268604,24.743966632135262,0.621719719832841,0.28258485253710364,0.5735802320828781,0.1017
2027-11-13,81381.3,83019.75,80339.87,82713.26,1818071.54,0.016234410863097834,37.39168593030001,-686.8546087171894,19.415715772103614,0.03157549518489328,23.788175274991197,0.8647074377486836,0.41533886933709047,0.5944967822465851,0.0768
2027-11-14,82713.26,83019.89,81116.96,81365.35,1942264.42,-0.01643042104273678,39.69401674307649,-759.7645172018476,20.391828386706482,0.03142533733866143,23.18054512965823,0.47193381671417806,0.23839867675345067,0.6320964266297027,0.0869
2027-11-15,81365.35,81521.59,80670.16,80963.42,8259987.39,-0.004952058977264181,39.78870276174615,-808.857915962262,18.656440553968938,0.03109024862268101,23.458720178840746,-0.9958485708344069,0.11479660856292495,2.475944519631533,0.1382
2027-11-16,80963.42,81445.74,77519.89,78057.54,2308738.95,-0.03655120069389102,33.21543742172577,-998.40271925463,9.439335356851869,0.03377021617642142,25.037360632103034,-1.3332694764060193,-0.1595661019629895,0.6922456176186705,0.154
2027-11-17,78057.54,78102.54,77042.29,78095.56,1023792.7,0.0004869580014910062,30.74737115557582,-1075.8951078491134,8.031728999845363,0.03290799850117268,26.314010179032277,-1.0777681350884405,-0.04388465716025028,0.3170539208484107,0.2375
2027-11-18,78095.56,78466.73,77630.51,77704.34,1352924.23,-0.005022093367967991,28.766819155825374,-1104.0338461018675,7.244504583689969,0.031256739143707704,26.223644878602137,-1.1738506915825193,-0.003963660405857901,0.4370230446288705,0.2799
2027-11-19,77704.34,78974.53,76237.17,78663.64,2239685.87,0.012269929371486427,24.37660260196961,-1011.0602455058589,12.617924300016908,0.030805001795343588,26.81851335313135,-0.7851638833905414,0.13116957506066215,0.770782645248081,0.2921
2027-11-20,78663.64,79453.3,77177.66,79165.85,5999642.11,0.006363977922840814,31.0372009106883,-873.9156121686372,17.916424092549292,0.029246530272473984,28.229232587256092,0.10758647674647703,0.21139987613923472,2.0070686869969157,0.2262
2027-11-21,79165.85,82073.08,78031.72,82027.09,1311144.72,0.03550453959522431,43.28371898545514,-563.73516561376,32.90680243845445,0.030014343867544053,28.11801939698639,0.25262624034195696,0.48730194304626484,0.4348153233763959,0.2059
2027-11-22,82027.09,82117.23,79830.88,81321.91,1868421.94,-0.008634082617848805,40.53286302283508,-387.6751212703866,40.75557913685745,0.031003523088493648,27.035467269072967,-0.1662480212244283,0.43043839280968976,0.614824593635613,0.1992
2027-11-23,81321.91,84176.61,79863.94,83923.27,4897871.15,0.031487453069220836,45.85116168985077,-93.00925699944275,57.43451285637934,0.030340631388644592,25.271445632435366,0.6852380007297557,0.6784459034164184,1.6669678192910868,0.224
2027-11-24,83923.27,87417.39,81110.96,86613.11,10573916.2,0.03154826078152595,55.53610071757635,266.4081397132965,71.27467119566951,0.03256689431888166,22.280121981337096,2.1800227156064995,0.9007703830122176,3.215031734566715,0.2447
2027-11-25,86613.11,87416.31,85846.25,86678.26,4656939.39,0.0007519128398546568,62.06040862129109,479.4605065853442,87.39117755332363,0.030513970367454894,21.952102177058286,2.330990634098375,0.8990906403958737,1.3471007991812296,0.2409
2027-11-26,86678.26,87042.15,86116.91,86460.23,6496009.26,-0.0025185632062510654,64.92115095635413,570.4408776719977,92.54466071917557,0.02950296999473948,22.18508042198527,1.2994874766103313,0.8533616493645204,1.7868261010301205,0.2349
2027-11-27,86460.23,87841.04,84451.31,87056.77,4189345.44,0.006875895160279059,63.336897199803566,630.8233496050498,92.68968829090936,0.02988322611620947,21.59735093213513,1.6224423916576185,0.8713067354504643,1.1667061943178634,0.2592
2027-11-28,87056.77,91869.64,85542.87,90327.71,3472298.43,0.036883844765503576,74.61261811437646,838.0984882701631,91.60549302253206,0.03229934329438208,22.636162733927925,1.7805091510528148,1.0341495765564754,0.9591376065619017,0.2033
2027-11-29,90327.71,94295.52,89926.62,93712.69,3968238.89,0.03678933295336996,80.08337938463997,1131.9449697814093,93.38339604921565,0.03381370838280528,24.610407942137552,1.91972648293938,1.1155132086274053,1.0823328162604546,0.2779
2027-11-30,93712.69,94451.21,93636.01,93682.0,504465.86,-0.000327543969088861,92.65551715217987,1244.088762376804,94.22857029556015,0.031453046323882614,27.27087017813841,1.6528265090150218,1.0145481834446202,0.13999443254830932,0.1617
2027-12-01,93682.0,94026.01,93236.64,93460.97,1038355.6,-0.0023621523456059854,91.53327628053341,1221.4834827352643,95.7042207242485,0.031320408019362526,29.32818411190263,1.3936180624149472,0.9342053036304747,0.29758833734544704,0.2263
2027-12-02,93460.97,93614.76,92256.32,93272.27,3332245.99,-0.0020210656038742074,92.54651085815695,1114.8843183846006,94.62248170453783,0.03178369243995909,31.263143316966698,1.0087745595809188,0.8748502352967201,0.9353100599763302,0.2128
2027-12-03,93272.27,96453.75,92687.55,95517.39,2453843.13,0.023785474764164476,93.03595677582392,1114.0071783454596,94.41099722538422,0.03180599589546358,32.87660290656147,1.1029924781769749,0.9121348252251945,0.6826648033596495,0.2523
2027-12-04,95517.39,95780.51,93932.7,95097.51,4187072.47,-0.004405538907113298,90.85317570149779,1006.8274143250287,93.76920722604399,0.03162508070475358,35.07341705013187,0.6970377848126817,0.8506956568558066,1.1295814054247912,0.2578
2027-12-05,95097.51,98375.73,93061.1,97842.92,9904108.09,0.028460549334626602,90.79851518158004,1038.3444151212325,94.96907733523916,0.03166723034956404,39.081217078402645,1.3429182749206199,0.9005089024922095,2.613943227880411,0.2622
2027-12-06,97842.92,99629.44,94200.36,94637.86,3717449.6,-0.03330572816679676,80.42570556730081,773.0299968659069,88.17028431757073,0.03511168785937939,43.14090063322352,0.9586028573388652,0.757294599254939,0.9632224246062794,0.2768
2027-12-07,94637.86,98593.29,94085.2,97807.14,5352720.17,0.03293997309982791,80.92086420609965,740.6092113942468,87.3441558630913,0.034116666446112505,46.54936236805498,1.2892449452571209,0.8414473857084703,1.3132818835574955,0.3035
2027-12-08,97807.14,98885.04,97307.4,97704.83,2438010.5,-0.00104658563195586,77.9203871289652,645.3879652273286,84.0751346820972,0.030695338778467227,50.907192603373176,1.0154485361822874,0.8116320930686066,0.5903045571249792,0.2718
2027-12-09,97704.83,98445.4,97108.13,98059.08,892822.89,0.003619159289095402,78.23713714861425,543.4618848847545,89.04440172175718,0.030414878458983028,54.12542470199615,1.044495392093929,0.8020416026846039,0.2197584761370997,0.31
2027-12-10,98059.08,98762.11,97857.05,98396.83,919700.35,0.003438433924062343,79.44118816397831,440.384826911818,89.61756158361432,0.030295829361863248,56.67328688768031,1.066088488900853,0.7967458899807504,0.24147045372505543,0.2403
2027-12-11,98396.83,100515.51,97188.85,99932.6,3840924.63,0.015487370655854434,80.35153176315832,417.4409396696374,92.54655641472336,0.029785160912737897,61.67165109733336,1.414537115261998,0.8366119587795152,0.9760336302343146,0.228
2027-12-12,99932.6,101137.27,98084.37,100328.4,1599393.78,0.003952846688714696,77.27059783329227,372.22407332285775,93.59022620542875,0.027336832983337115,65.03969607901209,1.6256412630395474,0.8374116630638613,0.40782274682421543,0.2584
2027-12-13,100328.4,100496.71,93124.97,94450.04,3033997.05,-0.060377787984765126,51.7699733210279,-85.8333295506859,71.19768364898378,0.03130913746266249,63.62464854301292,1.2200826139073175,0.5220864086215538,0.7924574746754602,0.2952
2027-12-14,94450.04,95164.62,94415.51,94768.08,1892284.09,0.0033616262491318115,52.571606628698724,-383.0036531061842,48.58959287100074,0.031154251214420055,60.46783380856832,1.4018232598166815,0.5185656835968343,0.5574540585180402,0.3035
2027-12-15,94768.08,98175.08,93198.51,98018.9,2149886.19,0.03372767351782052,59.43805636795644,-375.7188019441028,39.2903161635793,0.03317231968236689,58.36698934625038,1.5565867911794684,0.6972135365000567,0.6576267595333689,0.2687
2027-12-16,98018.9,100390.21,97132.15,99213.94,4918631.55,0.012118211392895022,61.81110798764462,-308.3279672548242,56.80249367392787,0.034140378142134935,57.8850304304341,2.117223396494292,0.7673156130180673,1.5417507369436414,0.3001
2027-12-17,99213.94,100775.84,93995.16,97787.27,6117373.46,-0.014484123642202707,54.663924873239225,-373.4052710512897,66.88162105422613,0.03684039270726199,54.092772318082815,1.0427225291747735,0.6493156174854946,1.861255958308576,0.2516
2027-12-18,97787.27,99941.72,96799.21,99797.0,3713608.33,0.02034371777579015,59.06387407299222,-297.94549182829087,73.05417320439469,0.03702516107698257,50.349139475628036,1.4904458643103322,0.8274495816888796,1.1257600197302913,0.3266
2027-12-19,99797.0,101450.36,97358.62,99567.44,1539199.24,-0.0023029192312805586,53.68354320033649,-280.58269630888617,73.10265916420848,0.036233237635569945,46.27898425117893,1.115232648838837,0.7753905563712509,0.4844355232749395,0.306
2027-12-20,99567.44,100680.36,99044.95,99104.53,5667230.33,-0.004660051820251224,60.8066566370397,-314.79649821198154,77.5370724491154,0.03366823177218992,41.66113753922003,0.15177924562749273,0.7052495520293599,1.649636026897665,0.2137
2027-12-21,99104.53,101383.28,99047.07,101022.3,4530320.48,0.019166132855651895,58.28018653787686,-226.89704734974703,81.35498757405797,0.031493442536941696,37.62121918422992,0.8100597945304904,0.8800562501855477,1.254922128150074,0.1433
2027-12-22,101022.3,104223.38,98551.93,102434.29,2365234.98,0.01388023528297853,61.410333489577155,-98.8277635804152,83.52044127352525,0.033913985248491124,34.74361418810157,1.1215125350722497,0.9861264396881456,0.6640764930313242,0.1383
2027-12-23,102434.29,103195.8,97904.33,100604.16,6936415.85,-0.018027911133121036,55.73207437328426,-158.97368599607444,82.04262839304162,0.0373383949246481,31.822373623624514,-0.1989012823253334,0.7556320930048229,1.832210013423691,0.1384
2027-12-24,100604.16,105772.0,100263.83,104275.21,4178059.88,0.03584004528717833,61.51104973640221,17.49848435336662,79.81146515944219,0.039177014638196735,29.39142376273819,0.5541796999481777,1.0581354061360249,1.1037392530029146,0.23
2027-12-25,104275.21,110183.22,104095.65,109158.11,2320942.09,0.045763727669284,65.97171751275205,410.32488172959347,83.18172165387524,0.039231160064184846,26.095351973716237,1.008830159308252,1.2285957944125465,0.6813854414916147,0.1665
2027-12-26,109158.11,116554.35,108870.07,114926.52,812149.34,0.05149558596599317,71.30902118243564,973.7412743445689,91.73586888415952,0.04014053625618129,23.972805316552222,1.1556855392656329,1.279015495360561,0.24905334971769838,0.1602
2027-12-27,114926.52,117248.48,114126.19,116112.04,2635984.06,0.010262619408895756,86.64006137871199,1319.856266130269,94.10579640225978,0.03711656431150146,27.817109270690214,1.6417251336661804,1.1390999551274217,0.8434856259301312,0.0992
2027-12-28,116112.04,120777.68,116005.32,119934.76,3785783.34,0.03239234124437865,88.05612060006474,1676.918753516532,95.09016404202309,0.03832963020895375,31.930891798741822,2.2515722660782616,1.1202398264550704,1.1858376771387693,0.0696
2027-12-29,119934.76,120284.09,119586.66,120011.88,3584723.47,0.000642809606798633,86.78799204549821,1779.2676348099303,96.45299318958375,0.035758144467504256,34.76090720815955,2.5285799892211687,1.0159916977532313,1.077434388907613,0.1503
2027-12-30,120011.88,122952.87,118964.02,121920.46,2890537.35,0.015778127015228315,87.09602268343232,1829.4258526729154,96.83969137721124,0.03562651771959415,36.63724151502106,2.513686839858901,0.9849070399884724,0.8437963225250562,0.086
2027-12-31,121920.46,123765.87,114856.33,118800.4,3048869.08,-0.025924090970854626,82.52962603432813,1519.156908582877,91.72069068146607,0.03784215252762176,40.24724459553372,1.6953249947187217,0.8524674149616992,0.9004255727771404,0.1111
2028-01-01,118800.4,119371.9,113995.1,114936.64,2433782.98,-0.0330637539170479,72.1647739780507,948.3203502897941,81.52884286331883,0.04050279353911505,43.52227929330572,1.1506422671741365,0.7264177325081584,0.7100233428676702,0.1251
2028-01-02,114936.64,118358.96,113581.36,115520.92,7133186.36,0.00507061909252817,73.11616126459879,525.7913625599222,72.0902122527238,0.04072201814181873,46.83294022957539,1.992920448720922,0.7191998865560112,1.9635991090560738,0.1177
2028-01-03,115520.92,122814.61,115047.7,120389.92,24217601.08,0.04128416933797213,77.34976919168673,490.61079023770617,73.87668771863247,0.0427129554178112,50.947758703988974,3.368693966171326,0.818287834826347,5.099541716527335,0.1378
2028-01-04,120389.92,121285.29,114587.65,117705.43,11823684.12,-0.022550660998023553,71.02208391555487,216.89263754005788,77.21025120697485,0.04633380125283545,54.55551908248374,1.890247102364625,0.7221756840579575,2.25959088868584,0.0729
2028-01-05,117705.43,118026.8,114744.95,114876.54,1516199.69,-0.024327160979726637,65.13769526689185,-201.69710428292547,76.37969999721219,0.045988974648033656,57.15648151781056,1.54666029868699,0.6262960689257885,0.29949361575711847,0.152
2028-01-06,114876.54,115329.03,113773.36,114318.09,3906579.93,-0.0048731604676586215,67.2176406762896,-543.7925004495082,67.33107028665275,0.043879419508942,59.821053193926566,1.1085951714108404,0.5919693595258364,0.7888885908524561,0.2407
2028-01-07,114318.09,114560.7,112462.38,113489.53,5092677.8,-0.00727424002385265,62.45759508330793,-836.0078928148405,57.72808480432342,0.04205366534062913,61.19523738199454,0.6350131709406643,0.5489240171099491,1.0142840721759463,0.231
2028-01-08,113489.53,114566.32,111903.33,113794.54,8982880.96,0.0026839556604026805,57.153913688599026,-1007.3938311344691,46.872162150351734,0.039791345499902334,61.187153846739875,1.2150250877983322,0.5387193194984646,1.665611752110462,0.3406
2028-01-09,113794.54,114071.53,110859.02,111761.2,2112766.27,-0.01803008944557282,44.47969255410305,-1240.993854297256,29.268749205206944,0.03765730606225895,58.45080260988235,0.9554938110359645,0.441319868281803,0.4051000098030372,0.3036
2028-01-10,111761.2,114302.8,111121.72,112249.47,1355778.07,0.004359352822389592,43.09578003827209,-1337.5910260522542,16.94078211582319,0.03753091217267771,53.631652451358484,0.964125712086214,0.4316584993761169,0.2681156206941365,0.3085
2028-01-11,112249.47,112475.67,108507.59,110400.46,4862704.47,-0.016609504506672233,31.66397551871846,-1489.3647901410268,10.056140017166227,0.03763912241462627,50.00572739951171,0.5018284852229709,0.31879619891094463,0.9384624489986831,0.3646
2028-01-12,110400.46,111232.0,107083.37,107617.14,4354149.48,-0.025534371778890827,28.410152649119297,-1723.9968597058305,8.792689582396875,0.040903249373522695,46.919123327995486,0.051002128144057635,0.11596726505366615,0.8617893822160204,0.3235
2028-01-13,107617.14,107998.04,104252.78,104491.63,18361611.47,-0.029472956218835836,20.87617952697191,-2016.1715379229381,5.609719071600666,0.04196021660845953,45.63211951823914,-1.6222716284881198,-0.05942934556742518,3.1868781644715365,0.2382
2028-01-14,104491.63,110773.31,102464.86,109197.59,1334319.38,0.04405202096694348,34.761242039527716,-1824.7151466072387,12.502901755274147,0.039758720211417034,42.54926582190291,-1.4890594890201496,0.2002044667617576,0.23358712700030657,0.1457
2028-01-15,109197.59,115110.37,108571.98,114001.16,1283132.96,0.043049630311124756,48.55847848483379,-1329.7764937123397,30.33308539852329,0.03881124668254915,38.05347137296034,-1.3686866436965,0.4682174522927712,0.22370415776401228,0.2415
2028-01-16,114001.16,116450.97,113985.93,116121.19,1066566.08,0.018425763341886354,50.88318094013746,-838.7929646660787,52.29443441153546,0.03668016393660726,34.363668878610255,-1.2506138675593328,0.5853044059300867,0.1885266146047948,0.2029
2028-01-17,116121.19,116924.97,112476.68,114639.66,2806868.05,-0.01284056941369196,40.60290352230773,-603.957964991383,62.82916832435095,0.03508646135202817,31.081796367311735,-1.403351710456933,0.518832480148048,0.5004729618270173,0.1835
2028-01-18,114639.66,115862.79,113914.04,115633.9,1323226.51,0.008635348133777926,46.41674355441789,-382.6079399143141,72.14025202546166,0.03185133054777409,27.883682087802544,-1.1979022216625357,0.5927899438526879,0.24078994788280284,0.1187
2028-01-19,115633.9,116338.83,115528.47,116000.15,1180477.74,0.0031623183656818914,52.12458472047296,-220.51838355793825,80.97233175616844,0.03022891411285477,24.747730628826435,-1.0185587731646863,0.6466432142913014,0.21820883357497928,0.1602
2028-01-20,116000.15,117208.89,108332.24,109487.24,6419432.22,-0.05778347142289722,42.5444115919416,-542.5784575396342,75.28545073152952,0.036803244965215545,23.10317304411428,-1.391626671776462,0.2387689620992549,1.1507697119708566,0.1131
2028-01-21,109487.24,110901.72,103420.34,103642.58,3643350.93,-0.054859763538644184,36.84041716356273,-1107.3284191198607,49.74024838466954,0.042588577011490596,22.75214469049019,-1.505475997334021,-0.03757552012839661,0.646114841958466,0.0829
2028-01-22,103642.58,104636.89,103487.4,104621.78,1960573.78,0.009403502505560636,37.95840137772951,-1356.579945495817,23.415172106931838,0.04115665836637885,23.18705699004074,-1.23285804314243,0.08324121793486587,0.3644034040116188,0.0937
2028-01-23,104621.78,106354.28,102538.06,103531.44,2473703.67,-0.010476417059823,38.922056384596246,-1523.998275898396,9.950287223590434,0.04200661171137562,24.826624824154056,-1.3189463592946606,0.06670102901754683,0.5762133649204274,0.0358
2028-01-24,103531.44,103772.22,101839.18,103453.14,6128043.4,-0.0007565781348058021,38.02726186550137,-1563.289270078006,10.788000029996889,0.041176703633295966,26.790833554781653,-1.5794459977241346,0.10803320428202128,1.528856763839566,0.0251
2028-01-25,103453.14,105358.05,102573.41,103226.72,888594.93,-0.002191022294856488,39.78455945830941,-1526.10245320911,8.920883040655179,0.040448130650111276,26.45237346264614,-1.4806251037933789,0.14089589749440412,0.22344067177089474,0.094
2028-01-26,103226.72,104819.34,102238.22,103088.78,3381434.05,-0.0013371755447700658,43.026181158078614,-1433.805337300745,9.21964912371424,0.03941615040106658,25.546314658958806,-1.5356281303798118,0.17229235659275213,0.8559260730178045,0.1107
2028-01-27,103088.78,105335.81,97691.59,101295.79,2615935.2,-0.017545708051325503,44.867660595783235,-1414.1580130567445,11.874909070689455,0.0428631831589405,23.132292126240078,-1.5209039790304084,0.12960985136032516,0.6835869639633205,0.1117
2028-01-28,101295.79,101896.71,100252.96,101570.36,1372336.9,0.002706909631361317,35.71837568489623,-1305.9061148007975,15.49015583884198,0.03806041447524279,23.760559927162372,-1.322374568014376,0.17981021528338703,0.3982116182218836,0.1168
2028-01-29,101570.36,103291.87,98305.83,102627.03,4666344.57,0.010349588033356132,25.22629110829031,-1094.9051104292919,21.209234883912643,0.03658809825386638,28.066686781427865,-0.9249646110962303,0.2555111084328223,1.3056622887603995,0.0915
2028-01-30,102627.03,106521.57,100771.41,106037.77,549222.37,0.032694003067487806,29.206665137771452,-677.8372201508637,29.30799854486571,0.03762413417137979,31.088575216515327,-0.8370443083935696,0.4286779664105257,0.1554285010065285,0.1868
2028-01-31,106037.77,107257.82,104441.01,104452.32,8096567.78,-0.015064652059228563,29.082021528595035,-470.7742315974456,34.23005914409225,0.037079549788837915,32.842557942661905,-1.4958280944999078,0.367229385273877,2.1910479987340525,0.1368
2028-02-01,104452.32,107927.3,101848.24,106974.57,9417632.36,0.02386044332365558,33.26938110064083,-142.976023624115,41.65516405101719,0.038963158654031084,35.07334938974714,-0.5292538640629091,0.4890242047041172,2.38513536102239,0.1405
2028-02-02,106974.57,109158.06,105319.29,108024.41,1265930.69,0.009766077440353927,34.98671800745653,149.67306202606824,45.04811970232651,0.040586957548360954,37.229770024809845,-0.32732359803700545,0.5308803035298276,0.40919835780219,0.1392
2028-02-03,108024.41,111512.71,105423.23,110209.25,3934218.37,0.020023611385802668,51.62364662350371,477.04212335523084,63.691250521877656,0.03797592825854631,35.97262214365386,0.1871611791301841,0.632776011711449,1.2204123312467041,0.1827
2028-02-04,110209.25,113031.93,104599.01,106171.39,7421629.1,-0.03732615633981845,56.18974701110583,410.8063135226703,66.26290220837015,0.04006037515648345,33.73279366927122,-0.6321969284694512,0.4565426237182047,2.102084568417526,0.2287
2028-02-05,106171.39,107188.92,103300.15,104606.19,1182300.41,-0.014851947450232984,49.962904640084844,258.2018603696613,63.64049176221545,0.04253026108137719,31.14026159493432,-0.7062080082445105,0.3976769426642063,0.3343239928361744,0.2157
2028-02-06,104606.19,108543.84,102560.2,107312.37,1019185.05,0.025541199541549167,58.354077134320846,331.4639910320851,54.35598776381686,0.0429004064090082,29.132400070270105,-0.4935628163783277,0.573613529024223,0.2956724629675798,0.2195
2028-02-07,107312.37,109725.26,106967.61,108596.48,3964383.29,0.011895067209816278,60.78944210719374,450.9457400488793,59.62551460176704,0.042935507670226254,27.505963897076004,0.1905050048517361,0.7022462159143608,1.1076589742493068,0.2249
2028-02-08,108596.48,111100.12,108294.99,110796.75,8179793.81,0.020058447301506643,64.66553604902131,650.573014034369,73.0771069393466,0.04209607747003546,26.7174908401245,1.745895048067936,0.9650818907457452,2.0818859793041558,0.1001
2028-02-09,110796.75,114473.45,110099.74,112917.92,1618808.54,0.01896374134217265,67.68330902156237,883.4383941183125,82.41554870990632,0.0424392400629173,27.050122347574735,1.9486111505728763,1.06880966424703,0.43882048711386795,0.0156
2028-02-10,112917.92,114156.74,111673.8,112755.33,6272141.29,-0.0014409331024564992,71.90133377940208,977.1718244381898,88.51112064976947,0.03923085371789045,28.8516246518867,0.8624336606296649,0.9715227247975061,1.6417331427404318,-0.0154
2028-02-11,112755.33,114806.27,109824.94,110461.69,4705019.78,-0.020551485980753268,65.77550467821159,840.5605780471799,84.59129298125663,0.042203649324675435,28.99846260096321,0.10594147817071989,0.7792238544894895,1.1888384198401298,-0.0427
2028-02-12,110461.69,112225.88,105811.31,108894.36,8793272.64,-0.014290526047862219,60.92193951691813,611.1707379090237,73.63998410939172,0.04374812695270765,26.446197176481864,-1.3509693430863536,0.6539521192605638,2.057560581317752,-0.1006
2028-02-13,108894.36,109595.05,106672.79,108719.47,1221044.51,-0.001607343041139485,55.26740264005601,423.1233531664488,61.52456082095088,0.041960574573910364,23.91225541161604,-1.408378919931348,0.6255117551742924,0.303117346586164,-0.0581
2028-02-14,108719.47,112245.79,107523.25,110123.82,2903586.26,0.012834474179470133,61.2197976456696,370.66539686762366,58.25608665120142,0.04266156949513351,22.333114540270063,-0.8592956355693196,0.7026627974732919,0.7032110897792266,-0.0551
2028-02-15,110123.82,110585.68,107162.48,108003.49,2485105.77,-0.019441827685533153,52.06838046656604,180.16053554323582,53.78019420433574,0.041742639189578934,21.26169562056175,-1.2009648404608868,0.5353507454364574,0.6084647703747902,-0.063
2028-02-16,108003.49,109635.69,102982.5,105434.23,1931164.02,-0.024076195225337018,45.092872769635925,-115.94315793409834,43.92759027873446,0.04466652541859762,18.66039218374115,-1.4375270482052582,0.3131421406770246,0.4768324617947642,-0.1227
2028-02-17,105434.23,106819.77,100554.46,100975.72,2668513.71,-0.04320725428968917,33.894457101686896,-583.0151721730322,23.624704724021935,0.04676312285764867,18.254607944848036,-1.6748966852042368,-0.0353419721999066,0.6485170869884105,-0.1188
2028-02-18,100975.72,103689.62,98129.13,103466.23,3638232.19,0.02436518736932766,45.01230532524108,-687.9630991407754,19.475774448185835,0.043654498946864025,19.324172522628487,-1.0536631857954935,0.1520990280655431,0.8953692216529131,-0.2442
2028-02-19,103466.23,105560.8,102731.1,105514.25,4263372.8,0.01960073561366679,51.644967095323885,-587.107790965575,26.4137391163799,0.04209022545701788,19.94828877291268,-0.4212494587805347,0.3216962093103533,1.003360169895427,-0.2401
2028-02-20,105514.25,105725.14,102547.88,104094.05,17123428.84,-0.0135511974776779,43.8850503775333,-582.5415645744323,37.35080875175796,0.040738763235194014,21.144020017134267,-2.329926166539386,0.2103234979249589,3.6429431076923517,-0.225
2028-02-21,104094.05,109614.95,103215.01,108791.15,9538202.48,0.04413517179443243,50.32741672268943,-246.84731341527936,47.993960595133196,0.04137125518547247,20.975001544647537,-1.0762830355517554,0.5799859937194745,2.026616384133526,-0.2016
2028-02-22,108791.15,111071.27,106284.87,107549.6,1118049.24,-0.011477852695193845,44.35660049093015,-99.63423297303245,52.06210417370599,0.04316469530602887,20.84108330310033,-1.0893247389579261,0.482355691236339,0.23792976486686945,-0.2697
2028-02-23,107549.6,111329.74,107489.24,110742.24,2301750.31,0.029253202243846442,46.35453598593846,204.93208151060963,65.3501339757704,0.0415763604358542,20.73092587934389,-0.7449444673238131,0.7343587586784265,0.498489579268791,-0.245
2028-02-24,110742.24,115347.33,107834.71,115014.88,1593823.51,0.03785617254696773,53.327666337442906,660.6144804312777,76.72921699545016,0.04315547816818756,17.659195798790474,-0.5087144616345292,0.9835703816888808,0.36842390234457006,-0.2848
2028-02-25,115014.88,116497.54,113822.57,114029.94,4564700.41,-0.008600465805458257,55.46568912003469,850.0937421771688,86.75546467848402,0.042083527737160266,15.50538073879606,-0.9491331215632474,0.8673373209642883,1.0154657887257856,-0.3112
2028-02-26,114029.94,120561.83,112482.47,119904.71,3446519.35,0.05023629850572835,64.89910204954015,1298.622349825305,93.901988486328,0.041013365649150084,16.114021239079953,-0.5037003094261898,1.1030149685722612,0.7465580589096888,-0.2598
2028-02-27,119904.71,127694.21,118468.48,126881.1,2107379.9,0.056553083460501266,70.75557453131228,1953.3484498891246,93.62884448459185,0.04230688078388465,18.41104932027687,-0.20550955827411366,1.2079916241056587,0.4658536178899112,-0.1461
2028-02-28,126881.1,129366.05,126185.67,128298.83,3287335.56,0.011111724870219957,70.76451533054674,2343.8005480451548,96.96797767139962,0.04098080462396949,20.13198173714364,0.3131183448243147,1.1023178030539642,0.7682355270594085,-0.1362
2028-02-29,128298.83,132409.28,126746.54,129558.35,5014093.27,0.009769206481611814,75.12000108124468,2532.704089323083,95.17222199538988,0.04181711505720017,21.409001657275066,1.3150811408029648,1.0344151640029062,1.1270571397486293,-0.1702
2028-03-01,129558.35,130344.22,127303.44,128449.76,2957251.07,-0.008593503687017456,77.76761927348389,2428.478471215938,92.23880974030955,0.04016922369381415,25.819988523893674,1.061106883497036,0.9351648727733267,0.6904476663084049,-0.1523
2028-03-02,128449.76,132900.59,127230.78,132157.95,15464563.57,0.028459943028301925,88.31419521707988,2447.849507044634,92.66572955875633,0.03872026940922616,31.11072042210837,3.0722511467733478,0.9588393441245551,3.207703947148498,-0.0977
2028-03-03,132157.95,133375.08,130397.17,132673.24,8783513.14,0.003891464976419907,87.71803085750783,2334.3305064089573,94.67902005677077,0.037179475141867764,36.38614496966729,2.9804794692286674,0.9104299702049178,1.822085810228365,-0.0618
2028-03-04,132673.24,138632.92,132519.66,137541.96,3373578.49,0.03603977106246502,88.55205091564002,2415.9747798029266,97.5214106615095,0.03756861854063337,42.54393645605386,2.5400633068471934,0.9485509344610223,0.6845446370883821,0.0785
2028-03-05,137541.96,137717.63,130786.45,132972.22,4354268.81,-0.03378879996556688,82.31101501703657,2007.816722234582,92.90580489849656,0.04087619633204712,47.636079175504264,1.8504141574108606,0.8148620771826203,0.870724490410964,0.0388
2028-03-06,132972.22,134270.9,126307.26,127136.78,1483201.58,-0.044876719448756534,70.01655168479564,1228.7061349504756,81.81840297961553,0.04363089444746826,51.82991342928725,1.5278486179582125,0.6763283560267318,0.2995975165054742,0.0494
2028-03-07,127136.78,129530.5,126881.59,128180.78,27887885.89,0.00817809647454966,72.6077284858583,694.1612723404378,71.6391603297918,0.04208441836153713,55.94895667612769,2.640672041551391,0.6777812847385029,4.463144889822395,0.1244
2028-03-08,128180.78,133690.67,125632.88,133592.18,4810343.23,0.04135011520503063,73.87795272277627,618.0623239253855,71.51102756268862,0.0426345956135168,59.37416943055441,2.3236187672168622,0.7676328833180699,0.7568699088099226,0.1925
2028-03-09,133592.18,135054.36,130260.33,130298.52,4324461.8,-0.024963600792686017,66.3048520130356,276.3523439279943,72.73367236394459,0.04222199585557955,63.811193987359395,1.8078795426557057,0.6764820885193806,0.6767666418501698,0.0854
2028-03-10,130298.52,134551.17,128151.66,133733.0,6940283.91,0.02601714923152316,69.97555857972526,214.8198306220338,77.67487547609414,0.04312699291017709,67.40834936301353,1.8091922414627941,0.7347681099956126,1.063851827451864,0.0809
2028-03-11,133733.0,138451.06,133730.54,137719.35,2893033.15,0.02937264384388009,68.7801262925051,366.85219780739044,81.62033905870594,0.04013658937541891,68.99864262288408,1.6963643688559296,0.8126049265254223,0.49775080177743397,0.1511
2028-03-12,137719.35,139132.31,135388.93,136389.97,2912171.93,-0.00969970975672707,61.37901307441005,304.69950628513925,85.47249729707676,0.03765664419039168,69.00982253031262,1.4107937124189516,0.7581238638170577,0.5313299642358712,0.2881
2028-03-13,136389.97,140126.45,136365.77,139938.36,2023380.92,0.025683830959519253,63.2528980496991,422.1513304418222,91.28572177929931,0.036997993769744074,69.0434769772107,1.3355438678439961,0.8442403033193424,0.36614479117506443,0.3089
2028-03-14,139938.36,142612.4,138990.45,141125.52,2266497.9,0.008447667198938618,63.19224630740351,494.3684161954825,89.87695410549344,0.03565384812854897,68.59243463553624,1.2792284489507535,0.8675308925380836,0.41026935135662723,0.275
2028-03-15,141125.52,143506.37,138968.16,142000.76,840069.2,0.006182702559871691,65.53748626360148,513.4147339733618,93.8405483550199,0.03618732141191906,66.91071977041393,1.186257362798157,0.8763143938921822,0.15310935881734894,0.2108
2028-03-16,142000.76,145134.2,135347.49,137838.78,8217696.7,-0.029747668360664496,56.446517720728565,175.5024164550705,81.80317168917057,0.03941337429547066,62.71009810785214,0.8022126525921741,0.7228250519806153,1.4494886246589684,0.3112
2028-03-17,137838.78,138132.46,135725.91,136718.72,1585609.76,-0.008159064775557034,54.52858997878401,-174.70251375837324,70.33767698686567,0.03943775951091121,57.4072715131969,0.664705401207817,0.6594689464169554,0.2843464211733141,0.3321
2028-03-18,136718.72,141530.58,135799.62,138803.64,37227175.0,0.015134595949309444,51.50622460120983,-309.3213757837457,62.324840916719644,0.038648646801643455,51.76064795079345,1.9461528813331297,0.744666356761036,5.077134007055372,0.2731
2028-03-19,138803.64,143497.02,137986.34,142530.98,5517771.11,0.026499107076056717,61.64571952084001,-196.2377102784303,70.34515270415693,0.03692606738147876,47.58243101294068,1.9242687972030659,0.896049745907965,0.7412530684338164,0.2493
2028-03-20,142530.98,145840.41,140930.97,141907.31,3942700.02,-0.004385281598106745,70.61309259789371,-211.0509599307852,78.24176934670204,0.03555103277323114,47.030149152326224,1.6094624995162006,0.8268324284998319,0.5334985724104229,0.2523
2028-03-21,141907.31,142374.43,138026.15,138283.32,2313571.9,-0.025869473968865204,63.15160219118712,-496.2433684809139,76.59670831106615,0.03736050739886506,45.50449253668388,1.4297525304087242,0.6208386322305767,0.314425651998141,0.2669
2028-03-22,138283.32,140243.14,134142.86,135537.76,3232965.2,-0.020054350937029997,52.72168625396156,-878.7635489552795,61.63166192533341,0.03708570111489585,41.88320452546092,1.1942752049721657,0.460408516067248,0.4792056467464427,0.2086
2028-03-23,135537.76,136382.72,130211.86,133071.92,1464797.64,-0.018360539136915457,53.971718226897025,-1282.3805945676886,44.05809366399958,0.03851194043899324,37.17965171659648,1.0346987153778402,0.3208447816637676,0.2295714808809022,0.1674
2028-03-24,133071.92,138536.89,131791.76,137496.07,5235985.1,0.03270560093213471,55.24045629396662,-1235.4366037568334,38.72667716502078,0.037452306818657626,34.12585845292349,1.1647831946052387,0.5691264710841557,0.8088095412100732,0.0764
2028-03-25,137496.07,143422.92,137319.41,142375.52,5942539.13,0.03487273920730236,56.32681135708447,-876.67857344398,50.7512847560673,0.036862587051479316,31.264069119677238,1.3508389245044718,0.8075949423357035,0.9068277202683716,0.1246
2028-03-26,142375.52,153229.48,142128.87,153176.09,8935140.45,0.07312010054286147,68.13997136681124,38.58194060515052,74.73538097524235,0.037694175563373206,30.311742959370587,1.7186618528302222,1.2075050851113323,1.29014183307147,0.1013
2028-03-27,153176.09,153608.82,150358.08,153364.72,2094504.1,0.001230700889768341,65.64531645878608,577.3508062525807,92.18483013705088,0.03741031276852181,29.37452440750767,1.61780869289616,1.1014015081557136,0.37162724049363,0.1195
2028-03-28,153364.72,157362.96,153140.34,155063.86,1077517.98,0.011018156550642338,66.0503991887423,946.9801664262432,96.75231748116734,0.0372770750248109,28.647320413839235,1.4859766483197514,1.0515369432420418,0.19773172029674466,0.1847
2028-03-29,155063.86,162312.57,154753.9,160550.9,7538311.99,0.034773994179562034,69.31005235202565,1430.796148923082,95.0003193436687,0.03734687432903782,28.201172298877484,1.6524894323945931,1.1125360317991924,1.3437069917283364,0.1864
2028-03-30,160550.9,163826.58,159327.22,161079.75,5391751.27,0.0032885577080969774,76.1727291992208,1641.1384844512686,92.62424885912667,0.03487965699332835,30.16863291947334,1.6788238765300696,1.0253623250229373,0.9745315517922312,0.1715
2028-03-31,161079.75,162663.51,157810.38,161849.63,9324499.83,0.004768110344084145,78.52606515941456,1680.6878282576017,93.48644674248442,0.03579348400646198,31.865146699878327,1.8221189502042014,0.9660422891465403,1.5927791153108848,0.1726
2028-04-01,161849.63,163819.84,151222.59,152645.92,4011819.76,-0.05854670328731405,63.52635308659049,970.7923505042745,84.22869504785879,0.04116462089894719,32.269412247535186,1.4793357704342702,0.6983450727019743,0.6789090584164811,0.1671
2028-04-02,152645.92,155045.28,145439.09,149497.12,3261402.51,-0.020843862583842993,56.88499618875848,212.57085043507595,72.74302250123183,0.04398845848764459,30.659541405717537,1.2187535280843025,0.6013118183045494,0.546196444872392,0.2211
2028-04-03,149497.12,160455.74,146897.44,160092.58,931657.73,0.06847514446379249,65.01399331271554,340.4488318798931,71.0006806541685,0.0449360212161496,27.47374327742651,1.148125264224035,0.8446639901175917,0.15779110192962656,0.2255
2028-04-04,160092.58,162498.02,159191.5,160554.21,2745954.44,0.0028793696574286307,69.40016596174868,369.51991876348256,78.84277086543868,0.04434335382956761,25.997967560313462,1.1632385619590666,0.8193518272926573,0.4576843542151641,0.1871
2028-04-05,160554.21,169263.47,159542.99,168426.73,5033991.77,0.047869175875871195,76.30037391025667,807.2402799002093,92.3380626285138,0.04380597935459782,27.572784149668216,1.3272599643269434,0.9440370106874886,0.8619135577810784,0.2301
2028-04-06,168426.73,169132.05,167746.59,168112.73,8247685.38,-0.001866052148037968,79.0198667202153,953.8636195749805,95.0171533105833,0.04185455540117726,31.097747045566283,0.9129938761214499,0.8873935618722264,1.335963229431485,0.2801
2028-04-07,168112.73,169807.96,166674.66,167101.67,3358807.1,-0.006032336713223496,75.98772417614943,863.6879590580429,95.48547022098624,0.040563901691020254,33.35234473200582,0.6353604723374631,0.8275064458533653,0.7497054931505212,0.1992
2028-04-08,167101.67,170018.19,166161.82,166361.89,3642664.61,-0.004436953852727943,72.70530490938222,645.162366188044,91.829675337762,0.03977945738825951,34.939718456424664,0.3537685411852271,0.7806542278380493,0.8304426148563616,0.2659
2028-04-09,166361.89,166891.25,163250.48,165055.05,3326170.93,-0.007886421094258288,63.70838828303514,319.9860949652957,86.1224871515415,0.03686612436274824,33.594685914073736,0.08197083138495163,0.7284741982712861,0.7636561903265181,0.2708
2028-04-10,165055.05,165711.57,162996.22,165449.21,2376260.46,0.002385204879787776,63.879730419589976,52.83405530072196,82.70285330010138,0.036547154604984144,32.21591539979089,0.1616478677823265,0.7153640284768539,0.5451737468011559,0.2714
2028-04-11,165449.21,171081.05,164045.95,170520.14,4498271.67,0.03018915341496569,66.47627335942087,134.39514734095974,86.34370899945554,0.0366384245621304,30.92190625175018,0.3953932687059083,0.8070965501545933,1.0172512906086701,0.3082
2028-04-12,170520.14,175906.99,168903.11,174657.18,10344476.18,0.023971668286095132,65.48280680814722,370.3423156308754,91.70719777904795,0.03554369438789215,29.21710247048292,1.166172388038298,0.8951445955256443,2.1258813480182743,0.2644
2028-04-13,174657.18,179797.11,172176.58,177309.13,982826.42,0.015069625195378708,67.01986418805365,595.067885703992,95.48971293483783,0.036269436000598364,26.883216624658917,1.240887841022394,0.9480840051137011,0.2112100532299374,0.2989
2028-04-14,177309.13,178924.99,175417.96,177676.88,736532.86,0.0020719133779789106,66.73933271731451,653.8509019149715,94.16187267675672,0.03565321578618885,25.187370895104245,1.301757983745864,0.9356963285289561,0.1676600923535934,0.2651
2028-04-15,177676.88,181403.26,172158.7,175521.38,1102001.89,-0.01220576092630684,78.43267104847929,443.02465866874627,90.07761327411912,0.034726677090357504,25.82343449057019,1.1003221097931593,0.8335062246686759,0.2754071477585027,0.1781
2028-04-16,175521.38,181112.13,173043.86,179633.94,5643366.64,0.0231602546677113,86.58164199199628,473.2676178960264,90.78219267166465,0.03332011120583627,29.135077438274077,1.6869712642001022,0.9078783386283342,1.350475871022783,0.1193
2028-04-17,179633.94,191189.27,179315.03,190223.43,1647547.6,0.05727821512878475,86.57969693460049,1065.2865657275543,91.8330359096362,0.030832862477259217,32.46059608888098,1.7769047545973997,1.0855800855989106,0.3915926079997102,0.1417
2028-04-18,190223.43,193494.43,186298.48,186340.47,5138119.42,-0.020623844354161373,78.90412482091085,1052.3552560098688,90.26092916599283,0.032966264846889956,35.16395951825986,0.9747590099480075,0.9209214102029661,1.2570967285461818,0.0874
2028-04-19,186340.47,189377.65,175070.51,175194.21,4629866.99,-0.061680354279225066,57.06708482055681,195.00535721294,71.96871446351082,0.03693368552044318,33.43070220682053,0.2723978916938001,0.6358467189719764,1.143403962282107,0.1635
2028-04-20,175194.21,176285.17,166655.38,171876.33,7294641.9,-0.01911992343827591,53.69820392028641,-647.521589291493,49.34714243900788,0.041072837495588585,30.01580639364978,-0.7009411863160483,0.5435755916318038,1.847819180326529,0.2148
2028-04-21,171876.33,173203.32,169360.61,171078.89,2211941.11,-0.0046504114277131055,53.924588133310806,-1274.2667164470604,31.87156448415655,0.0415604795792473,26.81184591632415,-0.9396240490411812,0.5012094115340179,0.5733819974052331,0.2707
2028-04-22,171078.89,172346.41,167461.51,167850.69,3632385.26,-0.019049960914180517,51.40032837348216,-1885.1300773075427,23.845388521701068,0.04279748354240732,24.27818087817899,-1.3258666115371018,0.3684368483238085,0.9370853990084648,0.2634
2028-04-23,167850.69,169125.89,163529.96,167835.57,2063167.77,-9.008411610422447e-05,52.68042024199911,-2244.668735926989,19.428998182728545,0.04363342900775438,23.539347763816956,-1.439325511390467,0.34688197486489547,0.5246007737697496,0.2631
2028-04-24,167835.57,171958.52,165772.51,169934.83,5989761.72,0.012430260495845603,54.18650744007848,-2287.7834834342975,17.719921150914967,0.044553230872595495,22.647824628631604,-0.6413181420624622,0.39503287854044844,1.4626925650071991,0.1903
2028-04-25,169934.83,171569.4,164446.99,167701.87,7228072.5,-0.01322719097893003,47.22252390230504,-2401.567545512671,17.055130060388205,0.04518364728346017,22.273702300770484,-1.3661648932732577,0.3154884794870867,1.7190343292469923,0.2306
2028-04-26,167701.87,169457.94,160671.43,162455.9,3383494.43,-0.03178123930869292,38.23253920939923,-2740.490617354548,13.578127552022883,0.04742648840172861,23.092762826278733,-1.5635855986984724,0.15069412893288175,0.8540901958237348,0.238
2028-04-27,162455.9,167116.68,160676.48,161064.57,2885027.18,-0.008601239839276307,33.94256690225285,-2950.519299259643,6.852419558166484,0.04731272415422024,24.333525900505013,-1.6640837072918415,0.13107574260610902,0.732643935902565,0.2545
2028-04-28,161064.57,161504.06,158444.76,158576.38,3204721.5,-0.015568970494868188,31.879156300339247,-3132.0236365136234,2.336642308586691,0.0478534246849523,25.479519633656956,-1.7636794547331114,0.08879454054735976,0.8183801224175328,0.3262
2028-04-29,158576.38,159534.88,154240.12,156930.54,5113958.54,-0.010433082919424788,32.19045068089933,-3225.23938534041,2.8090341760171174,0.046557504267262566,25.99843748376898,-1.9586929803748248,0.07882207996155112,1.2767908322395358,0.2796
2028-04-30,156930.54,162814.62,155120.78,161757.83,924052.23,0.030297053177103194,33.106481246010546,-2837.780026643924,8.79354771622578,0.04500276299276414,24.389404181790873,-1.670683128012554,0.23021280833069208,0.23496566815008882,0.2593
2028-05-01,161757.83,165078.03,159254.96,161083.15,1974140.85,-0.004179648954053373,16.110736117926564,-2514.0090796955697,14.479225338564243,0.042508001967570354,23.982203511127043,-1.6046015723291716,0.2332113206019845,0.518622929029613,0.2627
2028-05-02,161083.15,162674.74,159097.03,161785.22,4360133.23,0.00434896181715123,19.16137372963398,-2153.538499541144,19.352302375425452,0.04072607586067958,24.129411810107396,-1.1600081728067635,0.27446454405153314,1.243163728645512,0.2028
2028-05-03,161785.22,164331.65,160656.17,162923.89,8360874.76,0.007013506134920915,29.415599448274676,-1756.1906218650283,26.098876196146637,0.03578034416648472,26.158203989742358,-0.49630048349503514,0.3243070120182535,2.1569824637657926,0.1832
2028-05-04,162923.89,163024.78,157673.23,159147.98,1610374.14,-0.0234486980254659,28.970393811701115,-1666.1927014452078,28.915013652566895,0.03470910711976323,28.451934880690267,-0.5410721057645147,0.2481154986346167,0.41082204555467433,0.1987
2028-05-05,159147.98,161040.31,149824.03,153544.57,4721230.62,-0.035843578031399925,25.000185349312318,-1886.3828100025066,27.26376378115688,0.039405938335315006,31.84629313529339,-0.8100743200645655,0.14207779256619896,1.1512826902652833,0.1725
2028-05-06,153544.57,156141.09,151745.24,155104.11,2952831.73,0.01010568567665607,30.918430526118044,-1828.0278534016986,22.084936036062686,0.03878450232095928,34.86484853445203,-0.5077412735699969,0.2117698799592131,0.7444769544292609,0.2293
2028-05-07,155104.11,157044.23,147376.06,147662.6,4255431.93,-0.049166627369861035,25.29434832109476,-2168.4048471825204,13.84648883389022,0.04270891884606914,37.80215922447452,-0.8218669889316993,0.025070507142298776,1.0387434027859643,0.1423
2028-05-08,147662.6,149718.23,147176.81,148616.95,7420960.4,0.006442248887326835,23.138916357374626,-2200.1097740705686,10.308056820395182,0.040682991696820145,41.876047184247746,0.02348870322985325,0.05056249974020585,1.7623411753986746,0.1914
2028-05-09,148616.95,150488.87,144419.9,145130.83,3199813.1,-0.023736578905287426,22.430553112574373,-2315.0489311853967,3.3030111711220127,0.041141750712588195,45.329258181376794,-0.2530865222373167,0.0009443997901688793,0.7730229442057084,0.2148
2028-05-10,145130.83,149374.16,144431.11,148760.6,1186797.35,0.024702690914571532,32.58423222741554,-2016.7364501635839,9.289381647818102,0.038292421322770866,47.26562910992158,0.006628447181372423,0.15323608227500887,0.30954882390690786,0.1757
2028-05-11,148760.6,150247.69,137195.06,138748.78,2313053.45,-0.06967334259593744,26.72488906245684,-2341.0217358101345,9.178809677553849,0.044459634167590925,49.07229544627507,-0.2598054943337319,-0.06205849928781027,0.6025123557668929,0.1207
2028-05-12,138748.78,138853.83,138007.44,138578.06,41835671.95,-0.001231182827922022,28.082447607083225,-2405.1679958797627,9.885682092058692,0.043373785143186204,50.52760489777022,-3.676138513710457,0.01478677426764072,7.276808708510442,0.0106
2028-05-13,138578.06,142589.19,138333.54,141007.53,1705724.87,0.0173795162403587,32.843554824314396,-2131.481585838542,8.068473336947951,0.0421001123638038,50.40788633310149,-2.642914744009841,0.1255796705537368,0.297615373105644,-0.0297
2028-05-14,141007.53,143492.62,140866.95,141536.66,1656911.73,0.0037454715920891652,25.988448048072655,-1776.8124785087075,11.401308158105818,0.03938499547951265,51.583309208764,-2.123474268753017,0.1695328667468809,0.3004556184619694,0.0242
2028-05-15,141536.66,141583.69,137381.57,138639.35,3133178.07,-0.020682807804875667,24.685426056434864,-1604.5950070437693,11.522068324225684,0.03937293828504083,52.23719261637097,-1.9662821440719909,0.1279962951813894,0.5900613567219526,0.0202
2028-05-16,138639.35,140517.7,136802.84,139355.29,4026970.54,0.005150758178947584,24.7089832663048,-1321.5162403070135,10.05500490600294,0.03924095741180408,52.348829117787524,-1.5202563412344376,0.18261913205162894,0.7538188887715771,0.0773
2028-05-17,139355.29,141433.87,138274.77,141334.94,4694945.98,0.014105819250070045,26.110305158861365,-900.1321953819361,10.62594609788755,0.038430346482514026,54.066435769114676,-1.1306972369110366,0.2614209269414344,0.8642189039018331,0.0424
2028-05-18,141334.94,143992.44,132817.37,134452.63,980459.54,-0.04992059072504758,24.430717493129265,-977.6487301403367,10.783207322452398,0.04349127591309293,56.6422739937373,-1.0712904486031867,0.12179320709547077,0.1842492592085559,0.0757
2028-05-19,134452.63,136057.54,132799.91,133358.63,3839400.54,-0.008169978254353855,26.947026196282906,-992.178257225486,8.460746330718807,0.03958530039316567,57.69959902869829,-1.1553219801156238,0.1389942700263116,0.7302506080993741,0.036
2028-05-20,133358.63,135735.41,130763.42,131336.24,1926436.53,-0.015281213079749795,23.14030515430875,-1023.4533923099025,3.4260779852025856,0.04050819701945087,59.12316680417792,-1.133706670992583,0.1282493753693114,0.3629466979667697,-0.0141
2028-05-21,131336.24,133272.63,130903.68,133213.58,2027695.28,0.014192952496882787,31.322517497156568,-812.3805403870128,5.635155517539559,0.0360235152344909,60.0997732854215,-0.9385833359307061,0.20278788283539764,0.38183153414264015,-0.0187
2028-05-22,133213.58,136132.13,133081.63,135756.11,4089189.23,0.01890626214777036,34.03114096614563,-416.17100157372624,13.30394407408211,0.03561669736790434,59.08972493212873,-0.6640352215713676,0.28690599071876327,0.7719970346483485,-0.051
2028-05-23,135756.11,137886.54,130868.26,131062.03,2779766.22,-0.03518924442890087,33.04001836211131,-385.56633910517485,13.088262880985674,0.03740970701321177,57.885497393512246,-0.7214258116777892,0.16891188454198977,0.5539764168269483,-0.1256
2028-05-24,131062.03,133073.05,130209.87,131850.71,5805271.74,0.005999575111525428,28.11605013737575,-234.94435901267752,11.677396733476833,0.036059191490130316,57.11078073225809,-0.3539948921730612,0.2057582272530189,1.110506950066964,-0.1285
2028-05-25,131850.71,135009.44,130037.12,134744.55,12412794.91,0.021710466010269325,43.64758630057529,117.88817643818766,14.484479501691311,0.031001365175806303,53.77258558202358,0.3675901569926696,0.3226568755030847,2.2117657529858072,-0.1167
2028-05-26,134744.55,137570.45,132700.73,133245.34,3682525.25,-0.011188673125144464,41.882208666479215,298.3434269471272,21.636698171075654,0.033506955772602494,49.81382105442548,0.2404711914747764,0.2754731003620865,0.6519301594733502,-0.0475
2028-05-27,133245.34,135594.8,128840.16,134769.72,2073007.58,0.01137545358818399,40.23535422869525,553.5746374613791,31.951499977869492,0.034452434864446234,49.32563008497443,0.4314246853596172,0.3603887623772992,0.37422092878318763,0.0018
2028-05-28,134769.72,136866.24,131341.04,131939.79,1830443.19,-0.021221862004299395,35.98652983097344,563.1507289378314,27.52629050964539,0.03676111873236967,48.01476586543077,0.4435988202321061,0.2438848279388088,0.3479928131845051,0.0627
2028-05-29,131939.79,132941.24,124797.56,127556.62,5143715.65,-0.033785337704689375,34.48989502455872,317.84527381987755,24.654527710406175,0.04023150100491754,46.14911295960444,0.20968881847113882,0.06706815350418731,0.9601503751033652,0.0955
2028-05-30,127556.62,132971.65,125690.66,130278.58,4647015.66,0.021114736291563477,37.97260098248806,378.3526845263168,21.12835209871624,0.04134615112586001,44.15953016276448,0.804253555170187,0.2009075483936264,0.8402965869483386,0.1074
2028-05-31,130278.58,131504.34,125965.78,127519.91,2437252.81,-0.021402571477759792,32.06422124343325,276.74243134878816,19.03707308058937,0.043573425402463416,42.22524313729965,0.9149505990347765,0.09023301510628967,0.44022189615530977,0.0406
2028-06-01,127519.91,129931.17,125705.9,128868.89,4466671.63,0.010523021661928663,41.53444175031095,340.3564193647717,24.614101065213855,0.0392652175400875,39.24092651797266,1.3277361993917998,0.2017308926857844,1.2177506995579763,0.046
2028-06-02,128868.89,130592.92,121909.6,125309.37,6024389.11,-0.028009891299106547,38.645319974523375,190.1702664906943,22.18898022086837,0.04347331955873571,37.50345308554751,0.509672309345934,0.05355100965533417,1.551117669217319,0.0736
2028-06-03,125309.37,126743.33,124082.43,125893.7,979829.32,0.0046522604513802,41.99782277668644,177.86872331423547,25.773605728812026,0.04196029212399832,35.24821192520931,0.5628878092857446,0.11704856728567518,0.25449795314873286,0.1428
2028-06-04,125893.7,127021.49,119271.33,120254.29,4897888.25,-0.04582931605903007,32.843871471194845,-144.95449635999194,17.1654030611627,0.047124377612042766,34.13676055380573,-0.16896161257330136,-0.08163083019255339,1.2436606746747263,0.17
2028-06-05,120254.29,123648.14,119694.63,120802.31,1895358.79,0.00454682380925348,29.099730587701146,-250.2860521892435,12.813775954858523,0.047444533848018375,35.18102755910792,0.0334694557112826,0.014694260019811958,0.4946518190485859,0.2235
2028-06-06,120802.31,123953.36,119893.63,122640.57,615595.03,0.015102474467830999,37.208566890780446,-130.86583732078998,10.638931989629308,0.045010262800587376,35.91452320607784,0.08531212012938502,0.12468195784019856,0.1696912748275796,0.1607
2028-06-07,122640.57,122759.84,118006.53,119400.98,3554175.96,-0.02677047367225745,32.400357711523725,-200.5940262421518,11.2546814444733,0.0473622039905208,36.70966607283189,-0.4779913760733897,0.03205458632759189,0.9461601437151296,0.1363
2028-06-08,119400.98,125005.11,116748.23,124258.95,1188364.95,0.039880285945691804,35.95681079127448,132.00305282336103,20.53679733775856,0.047398638086025374,39.349664401055115,-0.38033878440306873,0.2911487328295732,0.32792709497772726,0.151
2028-06-09,124258.95,128630.49,119613.16,121557.44,5816325.21,-0.021980786307931918,34.834971208389206,216.60531211693342,22.367785880311562,0.05088921630088907,42.36126295279548,-1.444752015101823,0.19397503985584919,1.5232506728450987,0.2015
2028-06-10,121557.44,122169.39,118862.16,119855.9,3851163.39,-0.01409672039712699,30.737899498918367,204.65629457139403,25.14096662767223,0.04955717061666374,42.94616395792986,-2.029445465478691,0.1552369416816486,0.9850688710444817,0.1842
2028-06-11,119855.9,126488.5,118111.32,124185.17,3372391.39,0.03548357031269127,40.35787646521081,517.2229464919055,28.397656111272937,0.049469933832329956,42.57946016945302,-1.4043527845528034,0.3724086755760602,0.870587226384162,0.1708
2028-06-12,124185.17,125780.74,122195.51,124708.66,4199661.22,0.004206538763359584,46.08285752936932,772.7496284124081,36.78516356091452,0.04665135982880503,40.16547853041958,-0.789373483921394,0.4120515763974992,1.0646360133158475,0.1966
2028-06-13,124708.66,127576.85,122732.98,124909.18,6763227.55,0.0016066162829716578,42.06439758926143,956.7571876831371,50.071283952536966,0.045182816598652885,37.76357570670492,0.31805046630505707,0.43731292236293595,1.6939449872880308,0.1305
2028-06-14,124909.18,128731.83,124238.48,127001.35,1105635.84,0.016610803093687235,49.218202069590795,1204.8320067154727,59.47707551872997,0.0438506418576281,35.37708201523991,0.5920270806796926,0.5702862353877903,0.3226031607457411,0.2044
2028-06-15,127001.35,128548.17,123605.62,124642.04,23872820.2,-0.018751767197500442,43.81585789088738,1193.2293410525908,62.126861200752245,0.04509172828043854,33.77762610321374,-2.7500822277640897,0.4587786682195669,5.380703960781589,0.1502
2028-06-16,124642.04,127448.46,122032.7,125703.8,1697654.05,0.008482396721444586,50.62257810418278,1235.079173801154,68.60230074247403,0.04285413692459918,32.220413561110526,-2.109303902302283,0.5608866109309535,0.38426032929771947,0.0467
2028-06-17,125703.8,127589.63,124630.68,126712.9,2036861.08,0.007995551608728274,51.275936143159704,1302.0625261762125,71.63377334056611,0.0426808726093138,31.04527836040948,-1.6238394994185972,0.6724754757156219,0.45996457939273344,0.0449
2028-06-18,126712.9,128805.53,124218.93,124867.54,781338.6,-0.014670402011537834,58.14835238369608,1196.155071181427,75.07460441332519,0.041501967376214505,31.539080866700456,-1.5142515737990965,0.5334742377851283,0.1855831375489158,0.1276
2028-06-19,124867.54,126571.9,119639.93,119674.66,549808.9,-0.042476601197735,48.288988499381986,771.0776660259526,58.254317399955404,0.04508051841789454,28.947458942265204,-1.412993447038446,0.12349473394841451,0.13726963360055175,0.1505
2028-06-20,119674.66,121736.57,115914.35,118217.67,3561985.57,-0.012249308061842098,43.210467077433755,404.8923095504824,36.492601274675984,0.046701037646422854,25.502954582545808,-1.6000652454423645,0.05795841615688856,0.8769999547331244,0.1806
2028-06-21,118217.67,120269.14,115417.35,117170.18,9137829.37,-0.008900178276617042,46.328428248439536,120.02589159670424,18.410267397548893,0.04717857515330842,22.304109778220994,-2.1974029912145165,0.024369469735274665,2.1274934356597477,0.1736
2028-06-22,117170.18,119992.31,115412.62,117264.19,5324609.94,0.0008020155495048052,36.34657276462254,-26.363922790561446,14.92826036530588,0.044900883332629246,18.629796443642437,-1.4775092934115754,0.09162898758008278,1.2498714009643448,0.1573
2028-06-23,117264.19,123776.85,116959.4,121932.07,4772414.18,0.039034662924257474,50.679126103687516,213.66849788651234,25.19857961929506,0.041893256044705986,15.409023591136064,-0.9207718800202939,0.47125628698303046,1.072511558988251,0.0722
2028-06-24,121932.07,129180.57,121701.68,127548.6,3837439.2,0.04503338205771738,62.21189100057563,743.3736261857939,50.21665688860151,0.04238468429176583,14.136747686773594,-0.4785604656521975,0.8744962159870211,0.8727933175999844,-0.0444
2028-06-25,127548.6,131550.38,124373.95,129264.39,4727857.08,0.013362373374349265,58.792664821715846,1176.2415647848698,74.2198321496881,0.041158584245157386,13.54604342416174,0.05468423293428837,0.9356164015483439,1.041755001961764,-0.0324
2028-06-26,129264.39,136765.92,129216.54,134422.39,11167348.69,0.039127164661880785,64.49040942111552,1742.7150844207158,87.66870120958446,0.041685710670242106,15.469432181739665,1.2293409959803008,1.1167441211722424,2.204395690553538,0.0349
2028-06-27,134422.39,138551.2,134373.59,134694.43,2753499.59,0.0020217249346264235,64.56601817634719,2047.4519630287737,86.06378873628819,0.04124820051684729,17.473058175833117,1.438362595400692,1.025525316402375,0.5478607065886023,0.0504
2028-06-28,134694.43,134827.91,131441.26,133628.18,3319667.16,-0.007947564406586016,60.17527659102983,2082.089476500316,83.69353272725779,0.04098576256252576,18.177194541022157,1.0929702281209244,0.9119759520775591,0.6467963164546601,0.079
2028-06-29,133628.18,135951.36,132253.66,134835.28,5705560.44,0.00899271829942714,66.22549678142396,2085.9525678661057,81.99873688586386,0.039959386000456294,19.341925972913714,1.5077290538458974,0.9084778090446431,1.1128591163299932,0.1543
2028-06-30,134835.28,139651.96,133744.41,137834.93,6219432.34,0.022002924463764152,68.18810839374092,2179.9663834521816,85.05604809242323,0.03934461937291561,20.71550742105126,1.801817701870408,0.9638777683597848,1.1857034948862193,0.163
2028-07-01,137834.93,140920.92,134588.53,135514.64,1653530.08,-0.01697713100340026,62.69716384098745,1981.0818401063939,85.08339518289984,0.04179639083380542,22.190686744835364,1.4865294807956086,0.8302501104888869,0.3204882696242206,0.1487
2028-07-02,135514.64,139482.48,133914.12,137938.05,4627984.78,0.017724992558264763,68.54588088902119,1907.256701776169,86.5386249303282,0.04157046276519177,20.92847710214383,1.6537180288548903,0.874544011198941,0.8932910439469522,0.1003
2028-07-03,137938.05,139506.13,131729.65,132951.64,4961785.08,-0.03681921824469239,68.94987531315365,1438.4619859168365,78.62338924974277,0.043583296259341237,22.356941590616163,1.2316528239466702,0.6759790167796509,0.9746662181898641,0.1964
2028-07-04,132951.64,133529.13,126296.05,128157.12,5407342.59,-0.03672844191996854,62.95232368921322,755.6504100195297,69.00884548686672,0.0460001475421028,24.546165179079367,0.8419288628857822,0.5003037843839693,1.0191306510805114,0.2129
2028-07-05,128157.12,129415.73,123985.97,124886.16,2538867.92,-0.02585440881255673,59.504114518512885,69.99908329642994,51.953102846242736,0.04753553155929792,25.879184779934484,0.5882058965292791,0.3812476112630611,0.5989109634751558,0.1551
2028-07-06,124886.16,129260.41,124877.51,127926.55,963121.88,0.024053668747365597,62.24454641105851,-178.87309823183648,44.29035356085756,0.0462958906609153,27.813019874475085,0.5902766040734293,0.48742676222076275,0.2291829954825008,0.0888
2028-07-07,127926.55,128669.5,122055.83,125781.22,1861868.0,-0.016912222548656413,54.692177594922825,-471.46713001202943,34.71174170593358,0.04696979292411373,28.486915582854436,0.3963643279571895,0.41124108655678465,0.4439716074435542,0.147
2028-07-08,125781.22,128261.83,125328.02,127625.6,4417616.47,0.014556929203448173,50.10337091182772,-520.4383673952583,32.173464227408694,0.04374725200675924,27.001612044670356,0.6537541474498999,0.4730387359251927,1.0096304912380023,0.0878
2028-07-09,127625.6,130056.41,125387.67,127496.87,7401301.96,-0.0010091624694994231,47.5215284541677,-538.8774901656583,26.53079831495963,0.042386519539092615,26.047267869804976,0.03822724903170285,0.4518894513097683,1.5687195073960636,0.1761
2028-07-10,127496.87,131604.69,127348.14,129778.57,732941.19,0.01773787520783496,42.91693765547013,-382.15684351745324,33.1009110831878,0.03982896736010446,25.13626110966745,0.02264330731190778,0.5184390966030243,0.16014968455747308,0.0295
2028-07-11,129778.57,130953.2,124689.99,126635.78,2231365.11,-0.024514598272637085,38.69815109469821,-469.17226852569524,31.35196633921983,0.04199380188713204,25.301676406552083,-0.3183811671984233,0.3526553982913554,0.5273501945848644,0.0991
2028-07-12,126635.78,127726.35,116010.88,119267.77,5309401.92,-0.05994395887081953,32.885394769882964,-972.9695799426275,26.096220591847352,0.049576122463160635,27.243066135764817,-1.0576361633092914,-0.016781183152994164,1.255024283043447,0.1185
2028-07-13,119267.77,119876.0,119015.4,119145.36,3173651.97,-0.0010268730648891945,30.804610244632656,-1246.9729563620883,16.64506308133417,0.047926193444949056,29.18860524396308,-1.5932419537808276,0.008716432235886912,0.7646287031523894,0.1185
2028-07-14,119145.36,126279.42,118107.74,124042.94,3014793.51,0.04028353570593208,33.87539572055259,-1039.3760986201544,19.300691608676928,0.04733769727528767,29.38726943966688,-1.3573015271918338,0.2494311976010839,0.73362513062366,0.1038
2028-07-15,124042.94,125693.87,123660.35,125133.1,3375065.72,0.008750174821920878,37.50319596258423,-781.4158157729444,27.884424124578018,0.04447140684598684,29.811658459154923,-0.9869763023568697,0.311036310410768,0.835038746973221,0.1932
2028-07-16,125133.1,127935.17,121341.43,122762.91,3524063.15,-0.019123036544467908,31.70945309408262,-724.4618663405686,33.269308085623514,0.04592662742004869,30.74466405010202,-1.341709261224713,0.23417423686623598,0.9629527001931676,0.2189
2028-07-17,122762.91,122971.53,115966.32,116781.17,2869562.81,-0.04995309261636966,30.966463577453766,-1025.309901317731,24.06776329696949,0.04780732813590784,31.333780402024356,-1.5186288016933658,0.043927658287596934,0.7828686196154012,0.1627
2028-07-18,116781.17,117559.63,114721.98,115629.55,3756727.61,-0.009910295234348996,33.871184949714404,-1224.0664742022086,12.91774038443333,0.045568251615361065,31.9780769102079,-1.725983771382969,0.06395734411808529,1.01882906139025,0.0687
2028-07-19,115629.55,116099.41,113392.57,113467.49,1886278.6,-0.01887518223570032,34.866749595453015,-1410.108973637016,3.475581429640602,0.04472243232715111,32.96828984056793,-1.6834140021210537,0.04891042718642739,0.53950165743186,0.0741
2028-07-20,113467.49,114241.61,105468.98,106589.52,2583678.08,-0.06253116871979181,24.332732582662018,-1876.1743182928271,3.358167194016785,0.05054994417569175,34.7242501353519,-1.733404133727962,-0.08664523952864354,0.7794964896989609,0.0703
2028-07-21,106589.52,109082.02,106301.33,107827.57,1722046.06,0.011548181713345994,27.920803573374783,-1971.0990252059369,4.574387075627578,0.04743044844652926,37.4564601905541,-1.4068488745363459,0.02357742557608045,0.519005412509174,-0.0092
2028-07-22,107827.57,108849.34,104743.78,106757.38,406581.06,-0.009974593958964665,23.83833293207826,-1971.2378115186075,6.936060714301565,0.04868990254885368,40.98902624748528,-1.369498695735789,0.037302501328463154,0.13086377511148511,-0.0115
2028-07-23,106757.38,110014.61,101561.07,102158.63,5939280.72,-0.04403198191094799,21.435850655194827,-2132.6509498270984,6.1699220466840545,0.05352802093874741,45.10572122269438,-1.82409420812063,-0.019112958649452234,1.882033864661328,-0.0396
2028-07-24,102158.63,103313.08,98231.43,100178.29,7023347.04,-0.019575302789153353,16.402916925589608,-2214.7246321080665,5.145036429444743,0.05517447942063543,48.83952185780639,-2.1746843097015716,0.01117371714956523,2.1699915637350027,-0.0372
2028-07-25,100178.29,100712.13,99841.19,100348.26,2598212.42,0.00169523727112834,18.003731343222228,-2100.491876253106,5.021730099378079,0.05124277049888404,51.364892099790815,-1.6835722272200853,0.0798325731686837,0.8020299789828751,0.001
2028-07-26,100348.26,101596.39,99787.1,100591.73,3745284.63,0.0024233117474216142,22.498431724715445,-1859.7282737224396,7.007451007700422,0.04408452435829596,52.20344312834664,-1.2079455969754527,0.13177821566865167,1.1085140098529247,0.0756
2028-07-27,100591.73,104879.75,99641.16,104830.38,16872701.39,0.041273567847408356,31.199498617458786,-1293.0770626417088,12.429501021303809,0.045285079982126254,51.69378604789243,0.483878875983777,0.25910433374009745,4.086196244033045,0.1172
2028-07-28,104830.38,108333.43,104526.33,107915.43,1138678.53,0.029004249446075245,27.76019555284482,-622.5434776372285,20.92132730310923,0.041101596208911156,52.87886532125891,0.7308309375310894,0.3520245471113072,0.28716450522977965,0.0753
2028-07-29,107915.43,108721.71,106526.8,108689.87,1243922.36,0.007150732691666882,27.125638763374553,-68.08774140409696,30.00900447776498,0.040914799932264864,53.57490965191867,0.9183997645400436,0.3894545143028547,0.3401130410652183,0.09
2028-07-30,108689.87,111325.42,108483.48,111225.12,4801740.3,0.023057658073471984,34.02302288566344,497.07312849495065,40.11063000104554,0.03757279444992458,53.03852825476512,1.470304829621676,0.4778249423617284,1.243710237145359,0.0886
2028-07-31,111225.12,111759.95,111198.99,111551.6,13600529.59,0.0029310085338119405,41.41350289236713,897.2256305807914,52.215221392423615,0.033336455954012904,51.2482279254366,2.488081812866542,0.509572681438708,3.070597852229985,0.0176
2028-08-01,111551.6,113644.31,111290.54,111500.67,8118427.92,-0.00045666426873928285,42.966516305550115,1146.847045881017,65.23305689945046,0.03304170407995586,49.10265028344692,1.5370200831072098,0.5206758969612514,1.7765667285847846,0.0366
2028-08-02,111500.67,113625.26,109983.28,110946.47,2896346.78,-0.004982767111663912,45.456596695097204,1254.3015131155253,74.19895827155868,0.03380880759110694,47.0662595235166,1.1676913646996554,0.5165729707972723,0.6357404770080742,0.1276
2028-08-03,110946.47,111527.54,108047.59,108201.84,3393408.35,-0.025049460925990665,53.41442754008918,1124.368618577777,72.78998805604093,0.031172476232511136,43.70792998554271,0.827583665897611,0.446906825031298,0.7417619753556387,0.1229
2028-08-04,108201.84,113731.44,108047.88,112499.89,5606283.87,0.038953872053143976,58.75937368737525,1299.3419427714662,78.72060331858007,0.03182462794280797,41.142659659705885,1.2267727278590679,0.6487039139511215,1.196299425467122,0.037
2028-08-05,112499.89,115066.14,111526.08,114633.06,5604133.83,0.018784000486975306,64.1989184149574,1515.1331399040046,84.7235992900388,0.030880047045014545,39.23866086419357,1.5123386789207862,0.7966016699702698,1.169877727509728,0.0367
2028-08-06,114633.06,117429.22,114323.93,115242.31,3625697.76,0.0053007107854538315,77.5516891084836,1644.489748738495,92.69683723748783,0.027401884156705587,38.233508359344114,1.5775041873011333,0.838445473040175,0.7509473062588314,-0.0258
2028-08-07,115242.31,115272.72,108021.53,108441.01,2169495.67,-0.06083061664524981,64.4630951894348,1236.2176315698016,78.50217806054032,0.030549545521830392,35.50744732507968,1.2735292711953592,0.514005909798656,0.4568509850325353,0.0186
2028-08-08,108441.01,109510.68,103309.22,106008.3,9879245.23,-0.02268894555997136,59.180156210500954,788.3481614949769,57.95784538269269,0.034842318950493965,31.564973526356404,0.5299422475003462,0.4003615770909315,1.9188767958697635,0.0439
2028-08-09,106008.3,109343.63,105202.61,108405.25,2258970.01,0.022359126633657772,61.845465245548255,645.5587087444665,44.8448378668735,0.03560830442120456,28.344125191340453,0.6149102270736112,0.5281672099421946,0.4401548400253074,0.0332
2028-08-10,108405.25,111283.93,108290.97,111142.24,4739352.09,0.02493430284134876,60.02538167790988,721.7019590565187,46.84620525622896,0.033288198978171264,25.84493073226934,0.8579717333067326,0.6686823135316544,0.8970809293106393,0.015
2028-08-11,111142.24,116452.08,111113.5,114552.06,1391065.42,0.030218569742728175,60.43358465231255,972.3699652112446,61.45588954575288,0.03325227349530943,22.806286198901237,0.864526860845953,0.8194038287265744,0.2608750077356651,0.0036
2028-08-12,114552.06,114619.92,112775.32,113929.84,994671.85,-0.005446571813228334,58.2774836934799,1059.7546750695824,70.10500472138564,0.03321425085573676,19.81767784946981,0.7160843008188607,0.7610335608186918,0.19560610274267512,0.0039
2028-08-13,113929.84,114570.45,112572.54,113574.07,9417109.67,-0.003127597147739182,53.984990059959095,1054.8045484987251,75.84586874404447,0.03278747013795578,17.270747926487243,-0.12331870163931682,0.7251729115299259,1.8093250492791506,-0.0349
2028-08-14,113574.07,120300.84,110684.13,117805.76,3519766.35,0.03658194326653547,59.36877578045233,1282.5970962175647,77.74330462367321,0.03710044155977893,16.71212848155161,0.06317673283713127,0.9454858379452179,0.6703242321014745,-0.1026
2028-08-15,117805.76,120001.5,107899.95,108989.65,16442161.26,-0.0777842428644549,47.02082393063538,808.723569260399,63.814610623150486,0.04648987967467781,15.972460906418075,-2.220904140790244,0.34893910280992224,2.7935847926689634,-0.0405
2028-08-16,108989.65,109963.7,106621.18,109933.42,18230222.68,0.008621986221383089,48.8090852084672,540.9100696875466,52.57723120766632,0.04589619529971191,15.243161913983446,0.16885725195608536,0.39012141614990214,3.0620701160959958,-0.0578
2028-08-17,109933.42,112893.37,102553.92,104323.56,3148236.99,-0.052377686450714576,45.728546361059095,-3.179970167559759,27.462468774948892,0.05306078511890764,14.879956402741968,-0.36230546413850523,-0.009013574631302701,0.5200225473458296,-0.0465
2028-08-18,104323.56,105316.03,99263.95,99635.81,3860358.86,-0.045975585238133825,35.952367640217005,-633.0585403720127,16.908096507836603,0.05582142461773832,14.959883337510247,-1.0030281623802848,-0.158973518344071,0.6241625673054866,-0.0299
2028-08-19,99635.81,100612.77,95616.21,97082.29,3976162.42,-0.025962668751871778,31.00882947879603,-1146.0439828066578,5.892810721374769,0.05836129917648201,15.03911525406708,-1.5021033558426868,-0.12347149496176213,0.6472058493598788,-0.0123
2028-08-20,97082.29,100647.18,94324.35,94941.75,1634330.1,-0.022295423725312437,28.73797105083844,-1529.9040479296223,3.3612212012678513,0.06209779003591396,14.196705211401257,-1.5623193540675753,-0.07804108163811321,0.2947249468060861,-0.0704
2028-08-21,94941.75,103513.2,91749.98,102636.49,5152619.36,0.07792997688094203,44.03225501319358,-1181.556695829866,15.482080612938065,0.060582359298190204,12.934730350187879,-0.7421357871155706,0.2597824706110225,0.9547223669112408,-0.1507
2028-08-22,102636.49,105795.74,100339.8,103540.77,2063120.3,0.008771925656960057,47.380764397624894,-823.1951503767459,27.26816485034926,0.05953895538649837,12.241521669182129,-0.4221057927145507,0.3129834602184733,0.38524683258956194,-0.1726
2028-08-23,103540.77,104570.72,98128.06,100001.76,3374776.18,-0.03477766235231419,41.29101085319942,-759.0269661153761,36.109922199645574,0.06329000752443266,11.575627052642782,-0.8756391555961333,0.2018872995183069,0.6302822195308194,-0.1442
2028-08-24,100001.76,101403.94,99904.22,100897.61,3771457.54,0.008918454427180663,38.961700836409946,-597.8649028787763,34.079767357842336,0.06167095675364882,11.59145525326667,-0.3084769470357885,0.26076575122802964,0.7166464050800685,-0.1734
2028-08-25,100897.61,104205.98,99723.88,103306.02,1456471.83,0.023589411030672938,37.61545360348128,-286.4666364134282,33.805695053190306,0.05964100640020206,11.821518667667048,-0.04180905983573249,0.368665828270844,0.28810991143655673,-0.1824
2028-08-26,103306.02,105295.67,102530.49,105114.02,4029749.92,0.01735001446026714,40.53879324210334,65.10891186531217,39.77429518175412,0.05924072463678128,11.858548043619132,0.6648744903564252,0.4555803457706575,0.7939663033815955,-0.0669
2028-08-27,105114.02,107693.59,104731.64,107281.31,3934187.81,0.020408784184074855,43.49932501130992,446.21728288230497,47.22731060755654,0.05868581129634907,11.930662851726751,1.3481348055057498,0.5456390850284858,0.761892914682311,-0.1559
2028-08-28,107281.31,107786.81,105795.96,105883.26,4600092.39,-0.013117283477395917,36.91766749653659,597.3092355215072,50.411090568919576,0.05431629540468327,12.34615255453076,0.5617850124846331,0.4892376157609909,0.9388433860555199,-0.1858
2028-08-29,105883.26,107559.73,104726.01,106187.57,1128585.82,0.002869892185221337,46.21906454591831,703.5901130607372,57.56987081591092,0.04792649997949939,13.389258684396003,0.7226245241981348,0.5060850163261488,0.23302362238288904,-0.0817
2028-08-30,106187.57,106934.69,101565.1,103281.12,2575833.49,-0.027752467856907437,41.47535782133181,569.7060311721166,57.61619897175479,0.05067711587281177,14.787269912412507,0.3628439147487711,0.4023808435004573,0.5439929942587878,-0.0799
2028-08-31,103281.12,104798.23,103049.08,104324.9,3561585.13,0.010055477147815378,50.00194473562913,543.1056051458831,67.07824417370234,0.04428852966617733,15.529539137386635,1.0210090527736762,0.46442150987675734,0.7353215614165768,-0.1112
2028-09-01,104324.9,107030.03,102871.06,103845.93,23783930.8,-0.0046017095210827055,56.96044069384275,486.7267393603538,69.45887364743807,0.04319066029563076,15.093461930522304,-2.475935419701741,0.46300925042730484,3.9752264683322114,-0.0472
2028-09-02,103845.93,105439.08,102707.25,103673.85,14969577.29,-0.0016584446980551074,61.829044539589184,433.1144518993908,76.06395195720762,0.041702009302658646,15.119186328108341,-3.08084222862763,0.4763089521985537,2.3910536779609175,-0.042
2028-09-03,103673.85,109799.01,102424.09,108258.74,2488062.92,0.043274188938397753,71.97080060720177,686.6382036383216,80.41509727489895,0.04063004190568572,15.840903789399164,-2.2655356221180933,0.8028358481249741,0.4007138675850808,-0.0574
2028-09-04,108258.74,111096.04,107752.47,110536.33,2938316.5,0.020820142549212894,65.87016894200391,970.5672574543801,87.16771109818824,0.0343520865169689,17.83296972990255,-1.8031168861314908,0.933056478335828,0.5309682212955387,-0.0449
2028-09-05,110536.33,111626.23,107087.77,108324.16,757264.64,-0.020216032049357284,59.12970452522809,969.931621984935,87.56233443449305,0.03444863348780122,19.85953831582164,-1.6268445411017054,0.8066339120881482,0.16249491176923703,-0.0755
2028-09-06,108324.16,109275.4,106607.89,107511.97,10725914.29,-0.0075260229471526335,65.99957477646002,878.1024558950854,78.88467549219916,0.03220074671020714,22.85512154755683,-2.030570725629824,0.7369259621448884,2.1285292960849826,-0.1226
2028-09-07,107511.97,110139.26,105394.27,108782.52,2153350.52,0.011748469543547467,66.53386303768947,864.8430161723377,72.35937145418545,0.03395555383608847,24.850116649501224,-1.6412772425974824,0.7875024400757222,0.43468928788488115,-0.1222
2028-09-08,108782.52,112378.52,107723.16,111884.29,5018720.38,0.028114552503956433,67.47949820016768,1016.4176706909439,78.99022794821629,0.03312481518693191,26.15738644354158,-1.2017306508380192,0.9415211035215605,1.0025615825848073,-0.1666
2028-09-09,111884.29,113555.87,109412.56,110401.18,3612440.31,-0.013344390061937494,60.91792906313378,968.4483963018822,81.74271716358487,0.03446144584427393,27.753213240889384,-1.2773261818436012,0.8527056048905586,0.707655202617518,-0.1578
2028-09-10,110401.18,110460.05,108642.13,109633.56,1516085.8,-0.0069772901691874415,55.15538366891394,841.3770922034944,78.80302635806699,0.03395737452238634,28.935722014547405,-1.2248070832232572,0.7657409231930064,0.3079612292571566,-0.1321
2028-09-11,109633.56,110647.28,106401.77,107553.77,3071490.67,-0.019152623459597805,53.5549921321399,585.7301635626629,63.641200690144444,0.03611137945233938,27.78791569395236,-1.249684360831322,0.593861065838437,0.6175843358858636,-0.0829
2028-09-12,107553.77,112226.18,104903.12,111300.18,1463345.94,0.03423996696797902,59.48980913844488,633.3754342289512,66.14034517099445,0.0377769572596986,27.83506279296977,-1.0588472785413854,0.8588039752691536,0.2999997909210807,-0.0223
2028-09-13,111300.18,112420.44,108534.68,109476.95,3134693.12,-0.016516850716130023,61.982273638519274,511.7357320175309,64.82999803939332,0.03743796557826929,29.030210299493643,-1.1037664169637822,0.6940577783841929,0.6468639778925376,-0.0415
2028-09-14,109476.95,112403.58,108231.01,111196.47,1570161.51,0.015584611893559619,62.95061909382918,515.2917218345408,74.45027426207686,0.038415749297485154,30.908887486456365,-0.9256090991971632,0.8184803437739675,0.3236332405033449,-0.0145
2028-09-15,111196.47,112390.73,110364.2,110701.55,19976258.41,-0.004460795285043262,62.91279537551621,454.63669357792367,72.17384221863996,0.037211570853598684,32.377654040602835,-1.7404056082586956,0.7470495830248299,3.536250042635233,0.0109
2028-09-16,110701.55,111397.22,108968.97,109657.04,5582635.78,-0.009480164333995733,60.91095462957627,320.8053211300178,72.71310907443433,0.03736827371698079,31.950375966169815,-1.8139953518625458,0.6396402785437848,0.9740410620813784,0.0267
2028-09-17,109657.04,114639.8,108894.22,114198.05,2041196.35,0.04057654468038938,60.848296527940214,503.8477528816934,78.26584417889228,0.03486322977618713,29.755662529124727,-1.5585989828274118,0.9701476226574169,0.36427346721350173,0.0014
2028-09-18,114198.05,119393.3,113347.61,117727.96,2085817.77,0.030442317386419983,62.56104875451079,810.2307486714842,82.98194263418729,0.03545734954186816,28.845327763890456,-1.3607544257039441,1.1003409283411731,0.3690841383829342,-0.0501
2028-09-19,117727.96,119647.0,116553.87,117065.5,3018768.28,-0.005642931944307744,66.14163312001847,908.4661785550406,88.82039533898694,0.03477611739947486,29.05708974328686,-1.4409327194682369,0.9868918942278956,0.5320839843315012,-0.0225
2028-09-20,117065.5,120044.61,116965.47,118853.42,3931113.47,0.015157361948205317,70.21452101061715,1025.3960319369673,87.71036470826596,0.03450035947039109,28.76924598128136,-1.2365513505726216,1.0189209588262154,0.690643535425892,-0.1067
2028-09-21,118853.42,120206.66,117189.86,117754.84,1812451.05,-0.009286133074213217,66.09052263965354,961.366760082044,86.20090686375535,0.033773928710091536,29.76146377296039,-1.2594258576686,0.9085092435460659,0.39457866921946827,-0.1147
2028-09-22,117754.84,123517.24,116173.96,122840.19,550868.64,0.042279406213126154,68.342779381377,1179.7251510247206,90.82479589700408,0.033938712217414506,31.074657506282716,-1.1005747152029006,1.1095584785528665,0.14225334102904244,-0.2367
2028-09-23,122840.19,123181.9,120814.14,121515.97,425057.17,-0.010838547826577742,68.70833466553717,1151.8993348485947,89.86336422042977,0.033264869277203034,32.152466816595755,-1.0244514265113296,0.9578117051093021,0.11276827223559582,-0.2917
2028-09-24,121515.97,125394.92,120398.23,123094.11,1629639.65,0.01290349029475688,72.05492730494598,1153.825125463457,91.46113283507434,0.03468295808095539,35.025058023843364,-0.8250366414664104,0.9607494363744712,0.43998370012908194,-0.3209
2028-09-25,123094.11,124451.67,121331.18,122246.49,18160434.46,-0.006909768480702835,75.0867715251944,1016.8615566661383,87.55211673229856,0.03426609046782403,40.28214951240513,-1.9140325578922541,0.8724347580954603,3.970342458189714,-0.2501
2028-09-26,122246.49,124736.2,121822.65,122716.99,671013.25,0.0038413936523925404,71.9487432463736,881.8263905749704,85.93520229595453,0.03156811689818967,44.56787212778486,-1.6335714382419093,0.8536785489110366,0.1648164026055519,-0.2031
2028-09-27,122716.99,126937.76,121210.24,124894.12,3717082.69,0.01758552842246958,79.2415082583127,861.9819553640732,86.03631623695595,0.032071154121813356,47.504132977707535,-1.2469155528426252,0.8994811209150794,0.8957983313957053,-0.2207
2028-09-28,124894.12,127560.86,121319.27,126253.59,4314828.94,0.010826165033534046,78.95406230463598,861.2313345043012,88.82334914055502,0.032896377158743655,50.85407962667079,-0.8758518129923556,0.900873542051023,1.048747364125722,-0.1732
2028-09-29,126253.59,127389.07,124541.03,124606.93,1137841.9,-0.013128280610489868,75.60515263566269,678.6805812042503,88.74916582408837,0.03380201245628685,54.793713595048224,-0.8761956634418526,0.8003080892206695,0.28513487297199464,-0.1201
2028-09-30,124606.93,128219.95,120173.51,121235.25,3801437.62,-0.027431349851100646,69.6369652633253,280.11704231702515,80.34337928656903,0.03805216952754175,57.56909304784387,-1.0779826127619556,0.6456100633098392,0.9260941559967784,-0.1222
2028-10-01,121235.25,122923.24,119850.54,120556.06,5186327.16,-0.00561799997177438,62.408860981991076,-61.7557881585567,65.50073848088635,0.03668288666462657,60.03298593065613,-1.3780497900892448,0.5979645891429669,1.231746164516118,-0.1853
2028-10-02,120556.06,127213.88,118784.97,126109.77,2048200.54,0.04503784520012154,65.16102121943089,47.73542855060305,64.9363887629255,0.036417275883652185,61.381937401084784,-1.151778503759915,0.8166003409960854,0.48308993357481556,-0.1864
2028-10-03,126109.77,126274.57,122779.9,125211.3,1419449.89,-0.0071500079772432576,64.60939271036732,22.521322326293557,68.658259082208,0.036907657010871606,62.30483701644545,-1.2351415310659415,0.7558468031103264,0.3417043580109719,-0.182
2028-10-04,125211.3,127301.98,124550.92,126532.17,17348407.63,0.01049387395283386,64.00639291595414,55.780057843596296,81.1649353850691,0.03633717361024526,63.02349731423776,0.830519367406805,0.7958181487324535,3.5097335293030723,-0.2345
2028-10-05,126532.17,132832.73,123680.94,130946.62,917509.6,0.03429317510511718,71.46578337389406,321.24287428212983,83.23015951352407,0.0384586864479558,63.84763296049918,0.9690086901971903,0.9758135224349316,0.2299520448712356,-0.2044
2028-10-06,130946.62,138650.74,128448.0,135626.92,2211880.84,0.035118121634334004,71.08462025248153,734.5644590419897,86.48186083308173,0.038637478037964426,64.73752282696624,1.1774116608601386,1.1391340032434023,0.5788042181488828,-0.1802
2028-10-07,135626.92,141024.85,134661.92,140719.88,4193775.46,0.03686336679514383,78.1655356298939,1243.5548309923897,90.69514759020826,0.03926702771897643,66.04791629194408,1.560180503392978,1.1928290342812278,1.0673641485525451,-0.149
2028-10-08,140719.88,142496.93,137527.18,142203.21,1568934.38,0.01048584328232689,78.10464302889856,1552.6339621257612,94.0562557834693,0.038843899113506344,66.48861415889054,1.6012927324289272,1.101258092361807,0.401955786943701,-0.1276
2028-10-09,142203.21,143417.29,140327.12,142873.6,1323654.06,0.004703232337795674,80.49623422936708,1664.7914631671356,98.39426758789735,0.03864647792574026,65.55954008489259,1.5670828680111013,1.0254069260621879,0.3466428303323712,-0.0847
2028-10-10,142873.6,144110.28,142706.17,143374.29,2813232.83,0.0034983000966370193,80.51362952819491,1633.0185658896025,97.88264468588083,0.03775951940695859,64.7689126565169,1.6785201177487885,0.965287190740134,0.7476829299463366,-0.0894
2028-10-11,143374.29,146293.28,143093.68,144032.27,9813883.84,0.0045787483037407085,79.59799134828809,1519.0143718230029,95.55575435066224,0.03633337564858354,63.81753027872644,2.1815874846261116,0.9268133258984917,2.357591810638549,-0.0749
2028-10-12,144032.27,144245.64,138778.69,140138.79,5259819.15,-0.027404083009998206,69.9132863086394,1065.5197970719828,88.83376074899303,0.036947993791417603,61.013992110630504,1.5507900848049632,0.7824119858971069,1.1959242787040512,-0.091
2028-10-13,140138.79,147624.96,139892.59,145680.53,5794891.17,0.03878278484146972,77.18525956621428,1022.7173265580032,87.55509833744395,0.03793731294870001,58.56608830011361,1.748383557247323,0.8887665768422656,1.2417768727784606,-0.1157
2028-10-14,145680.53,146435.73,144411.53,145836.68,10286990.75,0.0010712919140107775,84.60729057231661,893.5457350421548,88.22799006068836,0.03494709189171415,59.37728235730031,2.0748297950490624,0.8499385389198196,2.0172627674418626,-0.043
2028-10-15,145836.68,150503.97,144922.01,148939.85,1313979.76,0.021055167727358944,87.37887398437377,903.0464001515338,94.04199871539329,0.03542235818208062,61.21559222290657,1.8570134759031012,0.8828742117443398,0.30865193307843836,-0.143
2028-10-16,148939.85,155675.19,148296.08,155251.81,5335692.95,0.041505846195731354,87.62599435901966,1201.6853646894197,95.86035797152101,0.03349922297201989,63.18372403942326,1.8682374978943461,0.9681724169705554,1.188246832198281,-0.092
2028-10-17,155251.81,157501.48,154023.74,154571.5,5081663.52,-0.0043916069025482,88.12242616914463,1216.9262455664375,95.03948476475283,0.0336388384293701,65.2811801217329,1.4170067725190791,0.8978739029003051,1.1147372250996208,-0.1185
2028-10-18,154571.5,156357.35,152792.6,155868.09,3445841.84,0.008353300166420807,88.11493237329415,1177.1272643067477,95.07335043234663,0.03373189745618294,66.81228011431406,1.4214025142249105,0.8780731783821775,0.7631697747416143,-0.15
2028-10-19,155868.09,158993.89,154942.99,155268.0,5670280.9,-0.003857416502820397,85.0764108941869,981.1920943680079,91.43647485894367,0.03151568348183033,67.38890174613441,1.0238191906435965,0.8289649185122681,1.1958095313987345,-0.1295
2028-10-20,155268.0,161158.09,154408.59,160678.15,6163726.73,0.034250639735644794,85.3841027664362,1078.9881721272523,93.72046123219725,0.028919409035123057,67.45767062662303,1.215145167194735,0.9037682771329548,1.2682807592321979,-0.1975
2028-10-21,160678.15,163269.75,159065.86,161276.88,14542440.81,0.003719343600326038,83.25863070893757,1046.2498570804473,92.7498096163544,0.02785582161559504,67.30128101453231,1.7697645915246825,0.8860551318909555,2.7295842075587267,-0.2284
2028-10-22,161276.88,166861.39,159358.73,164497.77,3614437.57,0.019774374424749788,84.14977856929963,1098.366820363759,94.01015609203868,0.02841024618666177,67.35746758570497,1.7721478961368238,0.9133102273409223,0.6685943519084371,-0.2594
2028-10-23,164497.77,165378.11,162494.4,164235.07,4270135.16,-0.0015982586706015218,83.13434961060089,976.1193951910082,91.49657739820456,0.028365896516497485,67.27542064405402,1.4720601588790696,0.8779528661952851,0.7695935467936186,-0.2575
2028-10-24,164235.07,168044.35,163514.97,166391.39,1674542.09,0.013044029048007116,83.95828181867736,903.1435929432846,92.19438185154496,0.029339910985948753,67.2943378106753,1.4176062663873885,0.8999056398514862,0.3514353196496888,-0.2849
2028-10-25,166391.39,172703.3,162430.11,170028.76,10923929.2,0.02162481495218215,85.25459286942153,957.3345055973332,92.37200372495357,0.031683845721157344,67.4614239287647,1.794065719313443,0.9443225660705756,2.074746808636424,-0.1906
2028-10-26,170028.76,174508.96,168611.78,172411.13,4074256.97,0.013914316098347942,95.63584921737755,1006.1171472572951,93.46929270828541,0.03142428052229229,70.82498003776504,1.7898381768295322,0.9475582600923912,0.760362954798975,-0.0912
2028-10-27,172411.13,178461.25,171622.47,178134.8,2415962.23,0.03265865174289223,95.65818910066777,1259.8935383672633,95.03241815716983,0.030056271189809976,73.84085474092161,1.7070764205234343,0.9984959857343324,0.45848776833116084,-0.1877
2028-10-28,178134.8,181272.67,177722.61,180708.5,9090933.59,0.014344668730148554,95.93471946077723,1424.957383756082,97.14300278751172,0.030231327564240535,75.43593610503292,1.9058181996041657,0.9770649391683283,1.6102931234637594,-0.1511
2028-10-29,180708.5,182566.98,177552.17,178153.12,3450314.76,-0.01424183055356297,89.04449397898743,1195.1913353534346,94.86997011721246,0.030437564847906367,76.6552062669965,1.572320221468849,0.8782881596709965,0.5998619722515522,-0.1006
2028-10-30,178153.12,180026.61,173153.33,176724.72,22506442.36,-0.00805013755670325,83.00815915027209,799.1954225296977,88.64896220147263,0.030479134037225405,76.03516996630772,0.38745339368572257,0.816461901436626,3.3409655961652045,-0.0685
2028-10-31,176724.72,179798.82,170662.83,173624.25,2500950.31,-0.017699786262496978,77.25962555084924,211.23948202872634,79.15464161567691,0.03335120032401473,74.38556601973086,0.1845653282193494,0.7313389164146232,0.39256076658972516,-0.0979
2028-11-01,173624.25,174196.14,167222.95,168940.2,3302279.59,-0.027348675259845343,67.05015274811701,-567.7534965616451,67.31664244613425,0.035717000115169685,72.5371221756105,-0.09768993961190685,0.61567356305303,0.5264287725425661,-0.1052
2028-11-02,168940.2,169662.26,166125.62,166569.19,6248655.31,-0.01413402749414816,64.08942877972783,-1276.7418562812818,54.919371364769404,0.03600488353046521,70.25825838770945,-0.5865137991626522,0.5411136164377816,0.9925317735936586,-0.1374
2028-11-03,166569.19,170865.75,165488.75,169737.24,9922116.13,0.01884081558997413,61.96295021701402,-1548.286513848685,46.73368690862427,0.034755299258007424,68.10570812216396,0.008085835898196314,0.5998373376746424,1.5806018657202525,-0.1515
2028-11-04,169737.24,173166.61,167452.45,167947.62,343829.46,-0.0105994491730292,58.54040559204703,-1844.2731731716449,41.8674329839752,0.035767967417458156,65.99743157621542,-0.08116427484069572,0.5274574653525946,0.055198874462502504,-0.2045
2028-11-05,167947.62,173488.62,165418.35,168509.72,1846920.16,0.003341288514912942,55.51164562568067,-1985.7787479251838,37.53577196453778,0.03588925654513112,62.67766803829981,0.0008356637532045025,0.525908803541683,0.3050500232605779,-0.2
2028-11-06,168509.72,170933.11,165706.05,167710.13,1547163.37,-0.004756361097802706,54.70466071499702,-2105.4144988066982,31.140003759647055,0.03705840973521006,59.42162657455684,-0.1925927124853956,0.4765114375309564,0.263223390485846,-0.2651
2028-11-07,167710.13,168696.06,165442.59,167202.96,8511427.05,-0.0030286686476310946,51.15008807349833,-2181.610937246285,26.704712963487722,0.0366257528318513,55.48842438603253,-0.9162546816114773,0.43223173209216426,1.3882523934699242,-0.2619
2028-11-08,167202.96,172772.06,166646.69,171800.93,1235825.52,0.027128018963567934,52.444807420704024,-1895.8156721123878,29.04729569401789,0.033921012118916294,51.292978649298725,-0.9413287752531009,0.591719825961053,0.20913179304371748,-0.3112
2028-11-09,171800.93,175352.15,167166.74,169191.81,1873532.12,-0.015303381061468975,45.586381247031625,-1853.731579498708,27.64188938873526,0.03541014443057897,45.653207218201565,-1.163194943060092,0.45135156869769866,0.3289897059942852,-0.2853
2028-11-10,169191.81,173761.65,168003.93,172660.51,1998183.14,0.020294254839733617,42.00023790488419,-1574.5097432808725,33.81844497196926,0.03425153706045763,39.13880466952207,-0.9248440150548264,0.601117040106308,0.3943062537565906,-0.305
2028-11-11,172660.51,173502.91,171339.91,172887.8,1552019.88,0.001315532596755949,37.7298948315386,-1364.562421019973,35.931091871457944,0.03363344401893486,33.094246089879974,-0.7316899242518061,0.5953341324272379,0.312625434816727,-0.2752
2028-11-12,172887.8,175423.06,169980.35,173818.97,1183588.56,0.00537152613975403,42.83486269149228,-1161.0107166032067,47.76493152232852,0.03362910520394345,26.895937118553608,-0.6033219127934323,0.6285027672007398,0.24606096218429055,-0.2074
2028-11-13,173818.97,174515.05,168415.45,171352.01,1332116.45,-0.01429437669328353,41.41280626974746,-1186.3527179234752,47.44167216080934,0.03379075373220443,22.41144428921736,-0.678559114694822,0.4655653002742353,0.2779282808211785,-0.1175
2028-11-14,171352.01,174623.12,164337.16,168295.11,5963991.8,-0.018000933112059105,41.470564697938634,-1388.7770447808398,44.82348392793628,0.03489260196397823,18.623365727738328,-1.0759933761181704,0.28411670900041514,1.3122020726520711,-0.2381
2028-11-15,168295.11,172161.32,165516.78,166041.14,6468716.12,-0.013483456539446402,44.96859035258725,-1637.175304311022,30.778396311946754,0.03522488032612839,16.390466103886432,-1.462424949625517,0.1808183881080133,1.3867234782137965,-0.2679
2028-11-16,166041.14,169242.3,164026.33,165059.09,10439428.2,-0.005932057974128507,47.24641930549393,-1816.4652703062284,20.045050931808237,0.036161179784591456,14.601647222737935,-2.042047154844936,0.15610324026603536,2.060716456072402,-0.2696
2028-11-17,165059.09,166160.37,161714.73,161905.4,1980381.04,-0.01929131695307226,35.711606455267614,-2077.4897201525373,8.607833267377753,0.03645465632576396,12.327492985145536,-2.115227205953424,-0.0022605505991169167,0.42042789032967126,-0.2331
2028-11-18,161905.4,167490.45,161647.18,166443.8,4142901.19,0.02764550085481048,47.50652294715679,-1880.4341950528728,15.090592381599668,0.035516059217240284,10.361547570608947,-1.788499246185238,0.29696484754358066,0.8731044825779457,-0.304
2028-11-19,166443.8,174248.91,165943.6,172041.24,3980405.14,0.03307650061134989,55.01772925677776,-1334.721643792684,37.22034347247589,0.034458112651193876,10.732894294758099,-1.249944755198036,0.7335693932168089,1.042339723348984,-0.3379
2028-11-20,172041.24,173730.15,165661.98,167062.25,1904147.91,-0.02936771806361696,49.17718699229804,-1271.005730346882,49.859488710182916,0.036699810143479374,11.00886981092556,-1.2904681383043737,0.35875597269159976,0.5025620243700584,-0.3145
2028-11-21,167062.25,170952.9,165455.91,168522.86,8126372.18,0.008704910794101437,51.63664842556803,-1098.8789580471957,54.89016551630707,0.03733264606186905,11.848727274136772,-0.4421252997805123,0.482091047552228,2.0164264748693737,-0.2945
2028-11-22,168522.86,170132.72,165502.35,166456.99,2290810.8,-0.012334450513921987,42.929642805195435,-1090.3726771891838,41.37802206946146,0.03715445396091925,11.838540947640821,-0.6186007718806001,0.3108545508514617,0.5977805176305041,-0.2609
2028-11-23,166456.99,168574.53,158303.02,160036.4,1180437.44,-0.0393356683726305,38.99659709000464,-1460.289340898676,31.650194634441522,0.039576157138534206,12.708289559600143,-0.6559228104083697,-0.07546713601240475,0.3476875514900575,-0.2257
2028-11-24,160036.4,160495.88,156320.76,156914.58,2321519.83,-0.0196997085077292,30.9166843408657,-1834.1544425565676,16.049403643558666,0.039643115745792754,14.803287639788733,-0.8034118279658019,-0.1157756245633057,0.6644314694156781,-0.1975
2028-11-25,156914.58,158355.08,154046.24,155392.14,7534639.65,-0.009749723348097202,29.44149242427021,-2084.6466180722823,6.509854173241131,0.04101788637994642,16.74848874542022,-1.4467342738737392,-0.06419321369616966,1.994145351490129,-0.1779
2028-11-26,155392.14,158006.04,152250.06,152683.18,3811516.14,-0.017586801968373166,26.160145946030354,-2315.649423003305,3.7802008973405186,0.04189219514178411,19.74160310316563,-1.670612177360507,-0.06017222307460798,0.9794218550232104,-0.1662
2028-11-27,152683.18,154943.48,152164.91,153634.22,1318037.11,0.006209526823261003,29.307821007514733,-2283.4766362597634,4.924796637362686,0.04008883660721382,22.6359784776489,-1.367552278815675,0.052531008403630494,0.37317774295120676,-0.1247
2028-11-28,153634.22,157961.1,151366.34,155828.79,2346959.87,0.01418332219671317,35.14160995677473,-2003.4733532161492,9.326614111456164,0.03783229016922753,24.141471932737453,-1.0228235957805571,0.17283521859853113,0.6542075355056738,-0.2304
2028-11-29,155828.79,157489.31,155365.21,155678.75,8086265.03,-0.0009633154407935779,36.99711718779938,-1727.8741628774333,14.963257194625589,0.03579468250208247,24.733488277400916,-1.6318568520936045,0.20104049929046758,2.0744002602726166,-0.1417
2028-11-30,155678.75,156462.86,154177.16,156286.63,1916045.69,0.0038971040270165003,38.88783892707035,-1417.1758789974178,19.949900732295426,0.03431622032269225,25.416111842519904,-1.3100528365676092,0.24820782976722786,0.4920488722467483,-0.2448
2028-12-01,156286.63,160106.39,155419.17,158163.63,1958747.12,0.011938436898935778,45.101837512745206,-1016.5431767160003,23.351092119450183,0.03401807446412808,25.205978746061593,-1.0317388034784194,0.33488757108857986,0.5004014555935495,-0.2865
2028-12-02,158163.63,160454.34,157914.41,160170.49,14047720.16,0.012608680384512938,41.205009742125384,-569.9388822188916,29.894267412548857,0.03211870854433899,24.909195343528747,0.5876723216547395,0.4298308009832489,3.0822910721376258,-0.2835
2028-12-03,160170.49,167427.08,156477.84,167360.27,2832408.24,0.0439099837389033,43.71790656366561,214.12863271831338,46.56582380100492,0.03186730894119081,23.279314815001893,1.127981345763601,0.740183737962255,0.6114115256314745,-0.2357
2028-12-04,167360.27,170469.32,165527.56,165871.3,1646664.2,-0.008936607713663634,48.23648813313241,614.2638494099681,61.349350571639036,0.030807056004089436,22.00639816428444,1.02716401293544,0.6859129720907937,0.3728262970090318,-0.3737
2028-12-05,165871.3,171357.77,164408.81,169126.15,5988275.14,0.01943269972188293,50.84825454618492,1054.1214687207496,78.13660453230925,0.0308273946484814,20.50024820224507,1.7529936788637075,0.8113041176338287,1.3632382839792718,-0.3564
2028-12-06,169126.15,171617.98,163877.07,164601.39,4186293.0,-0.027118153250422487,47.55967717652027,996.9391655412701,76.08192484036125,0.033024629986415484,19.84039920489115,1.06845603112657,0.6220307361796716,1.0260453293667902,-0.299
2028-12-07,164601.39,167803.78,162604.44,164671.62,685981.48,0.00042657611727690636,57.31818296616194,922.1887600774943,73.29662035824374,0.030810422238251096,19.73995501152776,1.0480346308728046,0.6184190496801879,0.1708415863275156,-0.2343
2028-12-08,164671.62,166114.73,162950.14,164272.25,6397258.62,-0.0024281966174252456,62.70897423687363,808.2749185736064,64.92682403331372,0.03044593002513281,19.979847279695814,0.18210746797392105,0.6074652454662677,1.5497140283653572,-0.2575
2028-12-09,164272.25,169129.33,160383.37,161586.09,5614611.26,-0.016487046772116896,60.2853758175,528.0059284087415,59.96376918936277,0.03291346780795452,21.24508204248688,-0.5159644162481306,0.5172216244740635,1.333720658217871,-0.2596
2028-12-10,161586.09,163361.54,160094.55,161705.47,5031522.59,0.0007385284380827085,66.39171189560751,336.0004937165021,55.08161314340216,0.03178973210633043,22.32718929412755,0.13451325432549938,0.5364349410493158,1.152405501611382,-0.2775
2028-12-11,161705.47,163673.77,161679.17,162460.37,1283636.07,0.004657501016312599,66.1504679819848,249.1737764240671,52.099336152503135,0.03129732939968928,23.665920396023665,0.34890216815247715,0.592627687532854,0.31899762583369035,-0.2832
2028-12-12,162460.37,164404.05,160313.19,161346.2,2867236.46,-0.006881728169291703,60.51161488059445,112.97504319144582,48.97971407201925,0.030404965932171974,25.621750581733643,0.005468822818746952,0.5507795999768782,0.7074724673134347,-0.3207
2028-12-13,161346.2,166198.67,158643.87,165237.3,6926663.95,0.023830255591174788,65.93866817197994,272.1377947169491,53.100365689532964,0.03203654899434046,27.834653599935145,0.9306794016696384,0.7373847381266025,1.5959687153578264,-0.3491
2028-12-14,165237.3,166577.75,162796.25,165918.8,8700262.26,0.004115889528120545,66.02209053288671,402.6343974759072,56.44583081533489,0.03254890774454364,30.699827859631085,1.830852474389548,0.7466529408067673,1.8673948892842478,-0.3099
2028-12-15,165918.8,167302.78,163110.75,166141.33,1984796.94,0.0013402996217149474,64.0429916883428,478.1146875927106,64.01983237394826,0.032292416342156856,34.68970219941802,1.7810107853966615,0.7338956407183711,0.45299019178763367,-0.2878
2028-12-16,166141.33,168118.1,164249.8,166257.46,2717733.21,0.0006987390340676196,61.47885839169195,507.27509773945417,64.41274381289641,0.03284056289220491,38.50042183565925,1.811435698945083,0.7225993561215681,0.6281080905508851,-0.2489
2028-12-17,166257.46,169285.44,163125.36,167342.38,1189332.46,0.006504342597559346,49.956171232208526,566.5441995719511,65.15535922018887,0.03058344045474559,41.25746399734339,1.6964154972885472,0.7674641787177048,0.27528163251347665,-0.2257
2028-12-18,167342.38,173165.69,166900.6,173081.61,8421646.82,0.033721324063024596,64.61990094544535,937.3137838474292,77.0200447166193,0.03011544256905159,43.960663641929955,2.1126247933364493,1.0383733433185856,1.8212293394700123,-0.1792
2028-12-19,173081.61,175446.68,171837.08,175420.85,2220433.21,0.013424726654848156,63.255560861871345,1264.7737349596987,88.77080776023088,0.028354118517999936,48.03006003971209,2.0329291054459895,1.0794105910929743,0.5126998896897094,-0.1263
2028-12-20,175420.85,179785.86,173503.79,176099.25,2177843.63,0.0038598125241885157,78.89307371914302,1439.0484513587417,93.94330027902912,0.027653159875953116,53.05754875109595,1.963371278903135,1.0398489384697138,0.5013506037103622,-0.2071
2028-12-21,176099.25,179075.66,166476.67,168543.95,2519545.96,-0.04385120990681363,57.07085554779346,979.4384806360104,76.41183828394573,0.03202872095294326,53.89798613968059,1.5958775336593187,0.6234037738955859,0.5762922760647787,-0.2395
2028-12-22,168543.95,171809.07,161000.12,161532.0,1304242.99,-0.04249328119253921,45.96961721603511,179.0583717651141,47.68329124487295,0.036799351565897094,52.41363457959507,1.3252617930129118,0.21741712791423376,0.3492117935995266,-0.2391
2028-12-23,161532.0,162443.2,157277.84,158593.18,708344.78,-0.018360958434823476,45.630478308201475,-533.4230792333515,22.1103767872056,0.03586860238432294,49.02462688507045,1.1428544976308714,0.10347659469157793,0.1952107169522768,-0.2282
2028-12-24,158593.18,159001.69,150923.35,153216.36,2212402.88,-0.03449126689837983,39.255653902998716,-1307.8335846657374,9.149701258566227,0.039370362090759614,45.98147677198599,0.8761931978271257,-0.05493850536622034,0.6049935608829898,-0.2503
2028-12-25,153216.36,153692.51,151167.41,152454.43,1294523.25,-0.004985308396912233,37.33811263591483,-1782.9718274422296,6.364401774877984,0.03981567756719849,42.93372245714773,0.7101465425125657,0.005283454145568773,0.3782705138169643,-0.1922
2028-12-26,152454.43,152913.72,139621.11,140134.57,1488441.55,-0.08426255649545436,29.08854556376886,-2779.160819753326,4.842572479397045,0.04800631482805284,42.06125268010358,0.5315335581032,-0.20790132193662297,0.45278226131825916,-0.0836
2028-12-27,140134.57,144956.53,138541.57,144131.05,3730378.31,0.02811977993393829,29.23557806666902,-3002.1074838117156,6.71175042864382,0.046110308242787966,41.39209129272226,0.7463144933700742,0.00822618145749412,1.084556425617557,-0.0701
2028-12-28,144131.05,146279.05,141745.91,141853.45,726814.4,-0.015928472732888565,27.04529503585067,-3122.2683221682987,7.620142225491897,0.04722913481684966,39.93386795055373,0.6128614530570372,0.03021492100121415,0.23029456421024758,-0.0624
2028-12-29,141853.45,144004.42,138988.13,142470.21,4684501.6,0.0043384427971429156,27.58987106305017,-2979.8783920409173,10.369112104161877,0.04743792704854549,39.21399278908062,0.9324345280797408,0.10020916710917653,1.5065054678688083,-0.0168
2028-12-30,142470.21,149935.29,141557.82,149310.36,593298.22,0.04689416740410554,35.76769986484125,-2276.4370856577634,14.554992541590302,0.04742186007722122,37.485277887573304,0.9153869662855046,0.27365438180016644,0.20546384850098903,-0.1093
2028-12-31,149310.36,151124.14,146630.14,147118.74,10955352.76,-0.014787076804487915,33.32597895651176,-1829.4132026155048,18.810361385777544,0.04731939170845137,36.86170874091801,-0.2805528270497583,0.24909409412065076,3.249699206640502,-0.1024
2029-01-01,147118.74,149635.05,147033.47,147657.92,1425115.79,0.003658231294872129,27.072686350204023,-1388.0976444190765,23.00303064173093,0.04537440321521219,36.72778318575858,-0.32972550539088097,0.27993872585116747,0.43197320790900073,-0.0483
2029-01-02,147657.92,150739.3,142642.81,145205.34,5342632.2,-0.016749368543120865,22.80696828232408,-1161.2578230356694,19.685383520154428,0.04834796118969631,36.18789280566529,-1.4502378473774105,0.25380816963630465,1.6592632689205995,-0.078
2029-01-03,145205.34,154613.81,143576.75,154238.99,735704.73,0.06035440403033351,32.8983441474917,-345.0674505236984,25.66219901900153,0.047718312248503494,34.9024158833345,-1.4232934891121707,0.451806280219389,0.2607352481278071,-0.1355
2029-01-04,154238.99,156736.02,150739.93,152350.7,11190911.27,-0.012318182499823478,36.09918605127599,101.50416516340192,32.13088866921767,0.04521402639717519,35.28575618375485,-2.799601446113895,0.42553440651021524,3.4098256123140263,-0.138
2029-01-05,152350.7,152801.4,146133.52,147244.46,5267359.91,-0.0340909013705108,37.320247539931216,87.40248295238143,38.88237266056035,0.044773147031422496,37.22121912728684,-2.721928195558185,0.3354703502289381,1.544933433633945,-0.1341
2029-01-06,147244.46,150468.79,145881.25,149861.71,2049592.52,0.017618736787056846,42.20660672079216,277.994816207849,44.41616046913686,0.04371580305602787,39.35809590074608,-2.0812029621284682,0.40787341195473026,0.5936624553863489,-0.1728
2029-01-07,149861.71,155135.0,148750.41,150868.71,3532416.75,0.0066970528867888535,47.72728548820632,483.49822814639083,53.16376985309312,0.04262211068910465,38.773831921761634,-1.5059276743758547,0.4507235959570595,1.1011298750140208,-0.0594
2029-01-08,150868.71,157502.51,145569.81,155421.97,3188533.68,0.029733816624332682,52.676356675706344,912.7868251222317,70.70241964035522,0.0456969776262251,38.544069469273786,-1.0740416966634503,0.5977485281341665,0.9791597397067292,-0.0804
2029-01-09,155421.97,160866.3,147133.86,150224.37,242736.85,-0.03401382853036283,60.44110993768196,835.4780917953531,69.70354497913114,0.04748717344785828,36.98321767195116,-0.9959567477194421,0.48567120116627976,0.07682414971425289,-0.134
2029-01-10,150224.37,153323.25,149207.96,151232.94,3803633.03,0.006691320659106261,57.833586110488234,838.855664887797,65.77553315900677,0.046084329058392375,35.19953977690613,-0.5465656979451821,0.5670036311331679,1.179842957575258,-0.132
2029-01-11,151232.94,157379.8,149258.91,156705.78,6338927.65,0.03554873728982863,65.3037950134736,1175.6161540356093,63.094201168522126,0.04611021002908104,34.00139270009801,0.15154370856793162,0.855683070611685,1.8238468491340853,-0.08
2029-01-12,156705.78,162279.25,155691.77,157219.41,1591382.39,0.003272311204653469,65.22989823172566,1384.5163913562178,70.84433584201254,0.04667339920505883,33.636064843295095,0.36606546582267385,0.893996362838032,0.4521315667630772,-0.0751
2029-01-13,157219.41,158357.55,152289.91,154166.07,2373333.76,-0.01961194764874018,55.43934643273032,1271.5341190421054,71.74929471115979,0.04652759474617833,32.73403902352944,0.151692978734872,0.7348013649943762,0.6727556921130038,-0.0471
2029-01-14,154166.07,155999.18,149696.24,152350.94,1410093.31,-0.011843722590644831,55.91094694432383,1038.8464290519737,61.23466899814801,0.04793003855815361,31.132617250485364,0.037017176975608634,0.6439403881219732,0.399057634382126,-0.0883
2029-01-15,152350.94,157147.64,149600.01,154995.76,1798066.6,0.017211086290421083,57.91326066214648,1025.5834241440493,57.010231997216955,0.04939151699559536,29.0053485751096,0.2651221202531288,0.7591215418869648,0.5066347410803718,-0.0095
2029-01-16,154995.76,156373.6,150220.87,152921.5,2106116.91,-0.013473043875799012,58.3897057094879,847.0486564699354,54.10430032434066,0.049153557310680475,27.063703554202192,0.08470841242044325,0.627912171942448,0.607330580747974,0.019
2029-01-17,152921.5,156036.08,150784.13,153655.78,5117746.25,0.004790188001271024,49.22623506376974,751.5877035863207,53.75505667928909,0.046229393853118375,24.435229406827006,0.731017863597131,0.6527652334663713,1.387911262324435,0.0705
2029-01-18,153655.78,156731.08,151165.3,154961.43,1028570.09,0.008461341412221763,53.518137056660294,747.9505074665628,51.52078242846918,0.04564153249525825,22.479229675694828,0.968146239827216,0.7257643870735772,0.29349342729884637,0.0852
2029-01-19,154961.43,156768.56,153237.01,156644.41,970204.75,0.010802084870105335,63.95454239074192,824.4329195823038,56.958202469149,0.04372102120610709,21.93755818201955,1.2452249917699936,0.8130562727485202,0.27535869139655184,0.1222
2029-01-20,156644.41,162324.46,154619.08,159124.57,3238795.01,0.01570902248165054,63.80722714822616,996.1185313938499,67.7948202540656,0.04443912356571322,22.57679226727368,1.562625760997337,0.9345261091552532,1.032254443393033,0.0724
2029-01-21,159124.57,162888.0,153277.67,156503.79,1991343.34,-0.01660712765646506,58.01409664541585,890.6751912128665,70.10493306103491,0.046655524627045517,23.85391259196317,1.241453596839285,0.7306525421519605,0.6289965455533779,0.0442
2029-01-22,156503.79,157198.4,154924.47,155523.73,4989425.65,-0.0062819024613571025,50.161093714653205,719.7371953851653,65.76410372809718,0.042513475504438174,25.80244169414762,0.5606408752950617,0.645737169890539,1.5848277658789867,0.1093
2029-01-23,155523.73,161407.2,151216.07,160308.22,2488125.6,0.0303000126749299,66.17505571657286,882.9489577473461,65.84428143584861,0.039666734316107885,28.050155595684657,0.8307441172218176,0.9723048078557751,0.768921141953202,0.1819
2029-01-24,160308.22,163188.55,159399.72,162247.75,4557586.19,0.012026150846657119,67.15598273595833,1063.4723645770712,75.8810294086648,0.039048831185638046,30.285175340002336,1.2762337445262915,1.0138886905785514,1.5693089166802345,0.1154
2029-01-25,162247.75,162347.13,157704.2,161040.06,3396100.15,-0.0074713340898930275,57.78516208730565,1042.110942932532,86.19234236564962,0.03779903761656512,30.94050511105641,0.7883329925751085,0.9038584919066708,1.2083028598684746,0.1221
2029-01-26,161040.06,165496.02,157839.21,163351.15,1677261.17,0.014249024210539,60.34569447631056,1117.5169604320913,87.98062615055392,0.0377318433325974,30.076661659225554,0.9928221138190851,0.9928045959970465,0.600733947511809,0.0945
2029-01-27,163351.15,171378.33,161681.62,170050.33,4772764.33,0.040192273936778614,73.86450160875893,1527.112631268852,88.19933816024991,0.03776975490558533,32.866725429874016,1.6935910295398868,1.1976349661434749,1.6722851767332756,0.0549
2029-01-28,170050.33,180542.18,169750.38,173864.85,1417010.56,0.022183821213088904,80.49067602702678,1937.127359899851,86.27634226815276,0.03878525269976508,37.97170301135007,1.7937458782876328,1.1655017878939935,0.5123957517480658,0.0664
2029-01-29,173864.85,173950.45,168958.03,173102.92,7373954.68,-0.004391942368298943,77.10928657375914,2029.437643573583,82.59580111571664,0.037901597170381406,42.56215797620108,0.37678266880686806,1.0317716704236093,2.3619162556522415,0.1201
2029-01-30,173102.92,178457.83,170989.77,176197.4,3909341.73,0.017718626532255984,83.81471617622623,2159.2594565206846,79.76161962343635,0.03776916847645824,46.40593019602803,1.15796496893014,1.039057436055871,1.250066302242293,0.1367
2029-01-31,176197.4,184702.3,174851.11,178652.07,13761739.12,0.013835213869982934,84.58525160044616,2260.0347267802945,80.9414758306329,0.039089087680713876,51.03861616350271,3.0044877659206946,1.014884241281084,3.9336696750311058,0.1139
2029-02-01,178652.07,185152.81,172187.53,179628.84,1702743.12,0.0054525507371948724,84.4436755355019,2237.8541789616984,83.69397651030089,0.041818909162118514,55.16684790770096,2.5218438875412175,0.9627080620856442,0.4859404362397047,0.1339
2029-02-02,179628.84,186871.78,177248.61,184401.09,7263435.31,0.026220500126680608,85.67916786608956,2376.8881917114695,86.25099483002634,0.04309626291874101,58.02261004673971,2.655252831894879,0.9976022819557476,1.9376802037547238,0.1092
2029-02-03,184401.09,194195.78,184057.37,191211.08,2208592.84,0.03626472656114165,87.11359893446833,2734.306372373102,89.94966922178202,0.04247026748808326,60.086423049821995,2.3390130993070493,1.0477502190518668,0.5829811856611371,0.1244
2029-02-04,191211.08,191333.89,186800.0,188243.51,5056609.65,-0.015641558074966755,86.42029622074482,2579.653992688748,90.75908011524287,0.04121354758600944,63.55155700173731,1.6219958458996193,0.9213465885144642,1.2797094167758147,0.188
2029-02-05,188243.51,190696.06,187249.9,189499.74,3336850.15,0.006651261835772732,88.74082989883506,2375.8263347021293,89.42678611215479,0.04138218644219859,65.92226747403257,1.698491430323235,0.8961260601234428,0.8315287815796237,0.0747
2029-02-06,189499.74,189553.84,184470.22,188727.34,5575453.56,-0.004084324547811664,85.66808824643644,2016.9841314525238,86.7464378703246,0.039618485740174327,67.2986495649699,1.088681372807439,0.8427770954046437,1.381500565929337,0.1109
2029-02-07,188727.34,194314.62,183929.46,194314.16,2454032.26,0.029172902780268083,86.87015629747327,1981.0263648888895,91.36236010556469,0.04090416188476665,68.58980063812774,1.1734604940124602,0.9010015033303014,0.5975143304273691,0.0284
2029-02-08,194314.16,204442.44,194199.01,198527.46,4930446.81,0.02145119736864333,90.31666207771273,2057.161276056835,90.77368293821763,0.04205107732415531,71.79926778832865,1.4209217986330847,0.9232674891010754,1.1452623800103974,0.0884
2029-02-09,198527.46,200795.53,196455.95,199010.81,2357857.96,0.002431716766190192,89.92039577738522,1956.8372063546649,91.53472694793861,0.04075833152695657,75.24635525853999,1.433124187451638,0.8839032826096793,0.5533535102104009,0.0521
2029-02-10,199010.81,205064.55,196453.98,202942.22,13448026.62,0.019562163127787243,89.2545032672217,1966.7583256155795,89.57582282077412,0.03958647512014378,76.47107767267116,2.084706260583272,0.9057047088345173,2.7820426567956322,-0.0114
2029-02-11,202942.22,205151.22,191585.87,192249.32,4235466.59,-0.05412823666657508,68.84656129763957,1107.4869728450685,81.92412169647191,0.04281876189285053,74.55390564696852,1.5940147118009886,0.7011710729896434,0.8830935226748577,0.0239
2029-02-12,192249.32,201080.33,190915.65,198719.65,9678164.2,0.03310196615304146,73.50914890587211,841.2600971850534,79.88257850238928,0.04328371653230854,73.00689912228772,1.955869812133628,0.794739183625351,1.8771877810648443,0.041
2029-02-13,198719.65,205785.1,195602.77,201318.59,1667429.93,0.01299364063712709,73.26599234277157,711.7175958803309,77.41051946203619,0.04368797451130068,71.2870521298177,1.7923176116109198,0.8167106056696145,0.3327430348893998,-0.0111
2029-02-14,201318.59,202754.58,196262.48,197594.91,1080815.22,-0.018669652235864108,67.1409987775179,269.52005840884885,81.16718122310323,0.04329699802778823,68.92658474061987,1.5502322199225287,0.7266769873567208,0.22078180868852124,-0.0732
2029-02-15,197594.91,200319.13,196730.42,199111.48,6228949.28,0.007645843002827552,67.4588956072732,-11.656650897206418,79.64741921579241,0.039603499650402024,68.01656395097156,1.714999184944554,0.7451722184738598,1.2158829779064164,-0.0789
2029-02-16,199111.48,204169.95,197826.99,200390.55,3838757.99,0.006403343534710867,65.28554242834119,-192.29900416811324,75.8512529256332,0.03818149465773377,67.18018330797663,1.7125447384048678,0.7565986610151697,0.7562142073812087,-0.1351
2029-02-17,200390.55,205040.75,196879.68,204121.02,3393942.68,0.018444840833615424,63.11371666583708,-143.57789068332204,81.43904194191332,0.03679176276336839,65.43848506106418,1.6864606488828804,0.8254120976973348,0.6558177981863956,-0.1814
2029-02-18,204121.02,206211.3,192977.26,194521.16,4636239.77,-0.048172104328953975,55.619562179512926,-804.0335164843418,71.7461721653566,0.04180219482842384,62.33492299274415,1.3364563221758934,0.5467995049286374,0.9202093208477394,-0.1666
2029-02-19,194521.16,194777.5,191399.59,193691.87,3228014.66,-0.00427235150462591,53.78157294470344,-1312.8153654048692,61.24482133786146,0.041956001708130575,58.87151374256415,1.0777420497623083,0.4947888883604812,0.6450638668339418,-0.2066
2029-02-20,193691.87,194543.01,191201.72,191792.03,6836173.92,-0.009856989526071943,52.70943773599682,-1765.1876723704772,42.211774252017754,0.0417227154106136,56.889134652763595,0.5717017133413779,0.39394949223688114,1.4676514599016515,-0.1749
2029-02-21,191792.03,201134.48,189603.87,197089.74,5013149.05,0.027247550125069835,52.466449083803965,-1695.1354214553612,41.39187568878665,0.04101635195650839,54.958394500896176,0.8183194752453004,0.5800909000722455,1.039334872534634,-0.0917
2029-02-22,197089.74,201880.68,194532.97,201643.26,5342929.44,0.022840938501580397,52.75213604537916,-1344.9387441753324,50.952107521011044,0.03906436049486408,51.08987724322509,1.0724669931164743,0.7780570550230725,1.1302058097966088,-0.0945
2029-02-23,201643.26,206653.66,201364.62,206407.81,2233411.22,0.023353775527975566,56.07425354087265,-820.978027198229,72.04249066903351,0.038491196488292696,47.997727596555656,1.1082065182353251,0.9516267661186922,0.4723161599515843,-0.0833
2029-02-24,206407.81,214150.19,205473.43,211739.09,5281469.4,0.02550093714356314,57.06144729927977,-177.5337034896702,87.07646375454824,0.037544373259425334,45.32769459652637,1.3415607111698584,1.0895974020091106,1.1142624865410427,0.0218
2029-02-25,211739.09,214794.07,207430.29,210981.14,2139702.59,-0.0035860635875421486,67.88989984521433,118.87441761910122,91.19961068392816,0.03557968329707948,45.60978158702193,1.0909810412477892,0.9852183031667497,0.45719929235177803,-0.0387
2029-02-26,210981.14,212533.99,197074.98,201279.7,1793703.35,-0.047073262544917296,52.30285888936865,-388.79481037313417,73.79715643066004,0.03917339190901109,43.453546446174755,0.904873819658269,0.563660292897269,0.39940540014335596,0.0228
2029-02-27,201279.7,206771.51,200934.01,205060.63,1626472.93,0.018610208458840382,53.29601297661387,-512.5317852567441,64.1914448211087,0.03693767824388426,40.678215604751124,0.996732473783226,0.7121660390226074,0.36553599146088955,0.0752
2029-02-28,205060.63,207826.68,204424.09,206509.91,1012805.39,0.007042710055603085,58.18013585892353,-536.7732574338952,58.27481851405512,0.03560983725049287,38.49600842330027,1.0600800403037964,0.7533911778281783,0.23810131287162667,0.1142
2029-03-01,206509.91,211390.96,203099.85,209267.66,1689308.28,0.013265700898747575,59.11146980567909,-412.6551846269231,68.8450138016363,0.036745620417410085,36.07069724739093,1.2640374484417884,0.8359840842593388,0.4002866253817223,0.1731
2029-03-02,209267.66,217579.79,198922.8,199299.87,7504266.77,-0.04880352752756081,49.15348347113562,-1013.2284066787415,59.94440250914378,0.04299673437533171,33.76196951378473,0.22811736945853445,0.42226280766097213,1.9128612320181912,0.1784
2029-03-03,199299.87,209278.05,199146.49,204430.0,1456132.93,0.025415043661370672,50.23471118465822,-1070.7177166446363,55.23856279101968,0.04260623615488153,32.47763948697749,0.34879085195819876,0.6203643689560345,0.3848037915674845,0.1404
2029-03-04,204430.0,204527.23,191073.24,193062.84,3176828.36,-0.05720988683193603,48.92117933452629,-1835.1769920362185,33.33950530788622,0.045196183643771745,31.448734809478378,-0.2858638808461524,0.14195382065698628,0.9184172461575346,0.1881
2029-03-05,193062.84,197107.9,189093.23,195644.08,3509760.54,0.013281358319676055,51.40769682154045,-2108.340085469995,29.452140483274594,0.04629274095227033,30.712274712487766,0.2847959486256959,0.26964319113719654,0.9883470860557272,0.2353
2029-03-06,195644.08,195859.16,184257.1,188979.77,7907641.47,-0.03465711779092356,48.102517723399984,-2644.4726574841607,16.51097195316162,0.05104755770570153,28.66463893981385,-1.3877034977736877,0.0516625742900943,2.0315159932537825,0.2788
2029-03-07,188979.77,190036.25,187174.94,190031.12,3080487.17,0.005547875928406108,44.94792916204125,-2818.9017646455077,18.165470383448945,0.04750653471915297,25.799693330131028,-0.7473883352864255,0.13251097068109022,0.8247490686056635,0.2671
2029-03-08,190031.12,192424.75,186975.53,190627.86,3162822.49,0.003135302305677549,41.64257783150666,-2780.065586191117,16.872837497007705,0.046646453311851195,24.15264933459752,-0.07967639715482927,0.18603138084620913,0.8545251680385072,0.2179
2029-03-09,190627.86,191902.75,188779.54,191088.02,2880125.16,0.0024110090620689272,37.56460285480274,-2611.974599700103,18.981760876242063,0.04572453798291997,22.29282484756868,0.5374993914476736,0.2304743721900555,0.783585512244988,0.2166
2029-03-10,191088.02,192887.73,189190.23,191125.67,4888868.3,0.00019701021238571366,31.69449423371114,-2392.691193561281,20.07666047768449,0.04385465332835489,21.316232879068707,1.398522441599574,0.24248584551770683,1.3255418453272254,0.2529
2029-03-11,191125.67,192370.49,189321.59,190902.64,4097477.63,-0.0011676099362286326,31.998498806424223,-2163.999130429846,20.35152824296189,0.04229142292486819,19.06448395695522,0.513143816078763,0.24398483167395948,1.0980258549155395,0.2915
2029-03-12,190902.64,191610.6,190239.97,190333.13,3537110.89,-0.002987707179938435,38.26407899462386,-1958.5776716257683,19.596397129597637,0.03713085277676596,17.39347084448267,-0.38806959986087003,0.23063418780476602,0.9916974846507762,0.2554
2029-03-13,190333.13,197009.84,189579.15,190477.19,5477928.45,0.0007565971787325944,33.04257472519578,-1728.5079440373697,18.94771000379855,0.037700213418128105,17.12749865753964,0.9013176732100248,0.25246319907711073,1.5259012425410052,0.2584
2029-03-14,190477.19,193580.0,188580.18,189273.94,7602925.3,-0.006337066208147148,29.842918099276545,-1577.0923517761894,17.31848979378597,0.038542646554661386,16.288905985912972,-1.1103264760783336,0.24116935065266415,2.0532007660544314,0.18
2029-03-15,189273.94,190134.1,182271.99,184811.11,5017850.34,-0.023861107208564134,22.495518926153906,-1687.3373714470931,13.63764758870998,0.039307570385164206,15.844692433566946,-2.039687226744766,0.14846863165860918,1.3059889465424521,0.2203
2029-03-16,184811.11,188130.96,176889.01,183387.14,870508.11,-0.007734839040659249,27.846920219886314,-1758.0282383144822,14.103152028466107,0.03672465801036884,17.446731728543693,-1.9248646649929229,0.13661077618519965,0.24036320394508573,0.1701
2029-03-17,183387.14,191003.35,181467.0,188599.43,2536301.03,0.028025910517970928,28.01160078938922,-1372.7040847893236,23.208171039758053,0.03548428009564846,18.06930354808235,-1.2351715395003255,0.3120111509855834,0.6965054348178492,0.2009
2029-03-18,188599.43,193458.5,188034.16,192948.18,2563443.12,0.02279630751823937,49.80216804201324,-773.7383149412935,47.28656453177001,0.031711978684786,17.70579006201845,-0.6309878193432601,0.47097010329063826,0.6965966569934378,0.1334
2029-03-19,192948.18,202223.81,190818.94,198965.02,2890591.96,0.03070737493542324,55.12257695086504,35.9522186611307,69.64468336870137,0.031970070489201544,17.204860953480672,0.02543274068733172,0.6985364136787382,0.7722332440387809,0.1783
